pmid,title,journal,year,compound,endpoint,activity
37578904,High Exposure to Perfluoroalkyl Substances and Antibody Responses to SARS-CoV-2 mRNA Vaccine-an Obse,Environmental health perspectives,2023,PFOS,immunotoxicity,0.0
37578904,High Exposure to Perfluoroalkyl Substances and Antibody Responses to SARS-CoV-2 mRNA Vaccine-an Obse,Environmental health perspectives,2023,PFHxS,immunotoxicity,0.0
40350013,Per- and polyfluoroalkyl substances (PFAS) and microRNA: An epigenome-wide association study in fire,Environmental research,2025,PFOS,hepatotoxicity,1.0
40350013,Per- and polyfluoroalkyl substances (PFAS) and microRNA: An epigenome-wide association study in fire,Environmental research,2025,PFOS,immunotoxicity,1.0
40350013,Per- and polyfluoroalkyl substances (PFAS) and microRNA: An epigenome-wide association study in fire,Environmental research,2025,PFOS,endocrine,1.0
40113201,"Per- and polyfluoroalkyl substances exposures are associated with non-alcoholic fatty liver disease,","Environmental pollution (Barking, Essex : 1987)",2025,PFNA,hepatotoxicity,1.0
40595302,A subcellular study on reactive oxygen species generation by PFAS in HepG2 cells.,Scientific reports,2025,PFOA,SR-MMP,1.0
40595302,A subcellular study on reactive oxygen species generation by PFAS in HepG2 cells.,Scientific reports,2025,PFOA,hepatotoxicity,1.0
40595302,A subcellular study on reactive oxygen species generation by PFAS in HepG2 cells.,Scientific reports,2025,PFOS,SR-MMP,1.0
40595302,A subcellular study on reactive oxygen species generation by PFAS in HepG2 cells.,Scientific reports,2025,PFOS,hepatotoxicity,1.0
40595302,A subcellular study on reactive oxygen species generation by PFAS in HepG2 cells.,Scientific reports,2025,PFNA,SR-MMP,1.0
40595302,A subcellular study on reactive oxygen species generation by PFAS in HepG2 cells.,Scientific reports,2025,PFNA,hepatotoxicity,1.0
40595302,A subcellular study on reactive oxygen species generation by PFAS in HepG2 cells.,Scientific reports,2025,PFHxS,SR-MMP,1.0
40595302,A subcellular study on reactive oxygen species generation by PFAS in HepG2 cells.,Scientific reports,2025,PFHxS,hepatotoxicity,1.0
36841522,Spatio-temporal trends in livestock exposure to per- and polyfluoroalkyl substances (PFAS) inform ri,Environmental research,2023,PFOS,hepatotoxicity,1.0
36841522,Spatio-temporal trends in livestock exposure to per- and polyfluoroalkyl substances (PFAS) inform ri,Environmental research,2023,PFOS,BCF,1.0
36841522,Spatio-temporal trends in livestock exposure to per- and polyfluoroalkyl substances (PFAS) inform ri,Environmental research,2023,PFHxS,hepatotoxicity,1.0
36841522,Spatio-temporal trends in livestock exposure to per- and polyfluoroalkyl substances (PFAS) inform ri,Environmental research,2023,PFHxS,BCF,1.0
40101590,Association between endocrine disrupting chemicals exposure and diabetic kidney disease in adults: A,Ecotoxicology and environmental safety,2025,PFOA,hepatotoxicity,1.0
40101590,Association between endocrine disrupting chemicals exposure and diabetic kidney disease in adults: A,Ecotoxicology and environmental safety,2025,PFOA,endocrine,1.0
40101590,Association between endocrine disrupting chemicals exposure and diabetic kidney disease in adults: A,Ecotoxicology and environmental safety,2025,PFOS,hepatotoxicity,1.0
40101590,Association between endocrine disrupting chemicals exposure and diabetic kidney disease in adults: A,Ecotoxicology and environmental safety,2025,PFOS,endocrine,1.0
40101590,Association between endocrine disrupting chemicals exposure and diabetic kidney disease in adults: A,Ecotoxicology and environmental safety,2025,PFHxS,hepatotoxicity,1.0
40101590,Association between endocrine disrupting chemicals exposure and diabetic kidney disease in adults: A,Ecotoxicology and environmental safety,2025,PFHxS,endocrine,1.0
37962440,"Prenatal Exposure to PFAS, Associations with Preterm Birth and Modification by Maternal Estrogen Lev",Environmental health perspectives,2023,PFOA,hepatotoxicity,1.0
37962440,"Prenatal Exposure to PFAS, Associations with Preterm Birth and Modification by Maternal Estrogen Lev",Environmental health perspectives,2023,PFOA,developmental,1.0
37962440,"Prenatal Exposure to PFAS, Associations with Preterm Birth and Modification by Maternal Estrogen Lev",Environmental health perspectives,2023,PFOS,hepatotoxicity,1.0
37962440,"Prenatal Exposure to PFAS, Associations with Preterm Birth and Modification by Maternal Estrogen Lev",Environmental health perspectives,2023,PFOS,developmental,1.0
37962440,"Prenatal Exposure to PFAS, Associations with Preterm Birth and Modification by Maternal Estrogen Lev",Environmental health perspectives,2023,PFNA,hepatotoxicity,1.0
37962440,"Prenatal Exposure to PFAS, Associations with Preterm Birth and Modification by Maternal Estrogen Lev",Environmental health perspectives,2023,PFNA,developmental,1.0
37962440,"Prenatal Exposure to PFAS, Associations with Preterm Birth and Modification by Maternal Estrogen Lev",Environmental health perspectives,2023,PFBA,hepatotoxicity,1.0
37962440,"Prenatal Exposure to PFAS, Associations with Preterm Birth and Modification by Maternal Estrogen Lev",Environmental health perspectives,2023,PFBA,developmental,1.0
37962440,"Prenatal Exposure to PFAS, Associations with Preterm Birth and Modification by Maternal Estrogen Lev",Environmental health perspectives,2023,PFHxS,hepatotoxicity,1.0
37962440,"Prenatal Exposure to PFAS, Associations with Preterm Birth and Modification by Maternal Estrogen Lev",Environmental health perspectives,2023,PFHxS,developmental,1.0
34715216,Bioaccumulation and metabolic response of PFAS mixtures in wild-caught freshwater turtles (Emydura m,The Science of the total environment,2022,PFOS,hepatotoxicity,1.0
34715216,Bioaccumulation and metabolic response of PFAS mixtures in wild-caught freshwater turtles (Emydura m,The Science of the total environment,2022,PFOS,immunotoxicity,1.0
34715216,Bioaccumulation and metabolic response of PFAS mixtures in wild-caught freshwater turtles (Emydura m,The Science of the total environment,2022,PFOS,BCF,1.0
34715216,Bioaccumulation and metabolic response of PFAS mixtures in wild-caught freshwater turtles (Emydura m,The Science of the total environment,2022,PFBS,hepatotoxicity,1.0
34715216,Bioaccumulation and metabolic response of PFAS mixtures in wild-caught freshwater turtles (Emydura m,The Science of the total environment,2022,PFBS,immunotoxicity,1.0
34715216,Bioaccumulation and metabolic response of PFAS mixtures in wild-caught freshwater turtles (Emydura m,The Science of the total environment,2022,PFBS,BCF,1.0
34715216,Bioaccumulation and metabolic response of PFAS mixtures in wild-caught freshwater turtles (Emydura m,The Science of the total environment,2022,PFHxS,hepatotoxicity,1.0
34715216,Bioaccumulation and metabolic response of PFAS mixtures in wild-caught freshwater turtles (Emydura m,The Science of the total environment,2022,PFHxS,immunotoxicity,1.0
34715216,Bioaccumulation and metabolic response of PFAS mixtures in wild-caught freshwater turtles (Emydura m,The Science of the total environment,2022,PFHxS,BCF,1.0
40633188,Levels of serum per- and polyfluoroalkyl substances and association with dyslipidemia in the Korean ,Ecotoxicology and environmental safety,2025,PFOA,hepatotoxicity,1.0
40633188,Levels of serum per- and polyfluoroalkyl substances and association with dyslipidemia in the Korean ,Ecotoxicology and environmental safety,2025,PFOA,endocrine,1.0
40633188,Levels of serum per- and polyfluoroalkyl substances and association with dyslipidemia in the Korean ,Ecotoxicology and environmental safety,2025,PFOS,hepatotoxicity,1.0
40633188,Levels of serum per- and polyfluoroalkyl substances and association with dyslipidemia in the Korean ,Ecotoxicology and environmental safety,2025,PFOS,endocrine,1.0
40633188,Levels of serum per- and polyfluoroalkyl substances and association with dyslipidemia in the Korean ,Ecotoxicology and environmental safety,2025,PFNA,hepatotoxicity,1.0
40633188,Levels of serum per- and polyfluoroalkyl substances and association with dyslipidemia in the Korean ,Ecotoxicology and environmental safety,2025,PFNA,endocrine,1.0
40633188,Levels of serum per- and polyfluoroalkyl substances and association with dyslipidemia in the Korean ,Ecotoxicology and environmental safety,2025,PFDA,hepatotoxicity,1.0
40633188,Levels of serum per- and polyfluoroalkyl substances and association with dyslipidemia in the Korean ,Ecotoxicology and environmental safety,2025,PFDA,endocrine,1.0
40633188,Levels of serum per- and polyfluoroalkyl substances and association with dyslipidemia in the Korean ,Ecotoxicology and environmental safety,2025,PFHxS,hepatotoxicity,1.0
40633188,Levels of serum per- and polyfluoroalkyl substances and association with dyslipidemia in the Korean ,Ecotoxicology and environmental safety,2025,PFHxS,endocrine,1.0
39047923,Per- and polyfluoroalkyl substances (PFAS) exposure and thyroid cancer: Systematic review and meta-a,Toxicology letters,2024,PFOA,hepatotoxicity,1.0
39047923,Per- and polyfluoroalkyl substances (PFAS) exposure and thyroid cancer: Systematic review and meta-a,Toxicology letters,2024,PFOA,endocrine,1.0
39047923,Per- and polyfluoroalkyl substances (PFAS) exposure and thyroid cancer: Systematic review and meta-a,Toxicology letters,2024,PFOS,hepatotoxicity,1.0
39047923,Per- and polyfluoroalkyl substances (PFAS) exposure and thyroid cancer: Systematic review and meta-a,Toxicology letters,2024,PFOS,endocrine,1.0
39047923,Per- and polyfluoroalkyl substances (PFAS) exposure and thyroid cancer: Systematic review and meta-a,Toxicology letters,2024,PFNA,hepatotoxicity,1.0
39047923,Per- and polyfluoroalkyl substances (PFAS) exposure and thyroid cancer: Systematic review and meta-a,Toxicology letters,2024,PFNA,endocrine,1.0
39047923,Per- and polyfluoroalkyl substances (PFAS) exposure and thyroid cancer: Systematic review and meta-a,Toxicology letters,2024,PFHxS,hepatotoxicity,1.0
39047923,Per- and polyfluoroalkyl substances (PFAS) exposure and thyroid cancer: Systematic review and meta-a,Toxicology letters,2024,PFHxS,endocrine,1.0
40692028,A case-cohort study of the association between per- and polyfluoroalkyl substances (PFAS) and breast,Environmental research,2025,PFOA,hepatotoxicity,1.0
40692028,A case-cohort study of the association between per- and polyfluoroalkyl substances (PFAS) and breast,Environmental research,2025,PFOS,hepatotoxicity,1.0
40692028,A case-cohort study of the association between per- and polyfluoroalkyl substances (PFAS) and breast,Environmental research,2025,PFNA,hepatotoxicity,1.0
40692028,A case-cohort study of the association between per- and polyfluoroalkyl substances (PFAS) and breast,Environmental research,2025,PFHxS,hepatotoxicity,1.0
37239886,Perfluoroalkyl Substances (PFAS) Affect Inflammation in Lung Cells and Tissues.,International journal of molecular sciences,2023,PFOA,hepatotoxicity,1.0
37239886,Perfluoroalkyl Substances (PFAS) Affect Inflammation in Lung Cells and Tissues.,International journal of molecular sciences,2023,PFOA,immunotoxicity,1.0
37239886,Perfluoroalkyl Substances (PFAS) Affect Inflammation in Lung Cells and Tissues.,International journal of molecular sciences,2023,PFOS,hepatotoxicity,1.0
37239886,Perfluoroalkyl Substances (PFAS) Affect Inflammation in Lung Cells and Tissues.,International journal of molecular sciences,2023,PFOS,immunotoxicity,1.0
37239886,Perfluoroalkyl Substances (PFAS) Affect Inflammation in Lung Cells and Tissues.,International journal of molecular sciences,2023,PFBA,hepatotoxicity,1.0
37239886,Perfluoroalkyl Substances (PFAS) Affect Inflammation in Lung Cells and Tissues.,International journal of molecular sciences,2023,PFBA,immunotoxicity,1.0
37239886,Perfluoroalkyl Substances (PFAS) Affect Inflammation in Lung Cells and Tissues.,International journal of molecular sciences,2023,GenX,hepatotoxicity,1.0
37239886,Perfluoroalkyl Substances (PFAS) Affect Inflammation in Lung Cells and Tissues.,International journal of molecular sciences,2023,GenX,immunotoxicity,1.0
38641293,Chloroperfluoropolyether carboxylate compounds: A review.,Chemosphere,2024,PFNA,hepatotoxicity,1.0
36111068,Exposure to perfluoroalkyl substances and risk of hepatocellular carcinoma in a multiethnic cohort.,JHEP reports : innovation in hepatology,2022,PFOS,hepatotoxicity,1.0
39667063,Associations of PFAS concentrations during pregnancy and midlife with bone health in midlife: Cross-,Environment international,2024,PFOA,hepatotoxicity,1.0
39667063,Associations of PFAS concentrations during pregnancy and midlife with bone health in midlife: Cross-,Environment international,2024,PFOS,hepatotoxicity,1.0
39667063,Associations of PFAS concentrations during pregnancy and midlife with bone health in midlife: Cross-,Environment international,2024,PFNA,hepatotoxicity,1.0
40652593,PFAS in first-time mothers from Sweden: temporal trends and the impact from fish/seafood consumption,Environment international,2025,PFOA,hepatotoxicity,1.0
40652593,PFAS in first-time mothers from Sweden: temporal trends and the impact from fish/seafood consumption,Environment international,2025,PFOS,hepatotoxicity,1.0
40652593,PFAS in first-time mothers from Sweden: temporal trends and the impact from fish/seafood consumption,Environment international,2025,PFNA,hepatotoxicity,1.0
40652593,PFAS in first-time mothers from Sweden: temporal trends and the impact from fish/seafood consumption,Environment international,2025,PFDA,hepatotoxicity,1.0
40652593,PFAS in first-time mothers from Sweden: temporal trends and the impact from fish/seafood consumption,Environment international,2025,PFHxS,hepatotoxicity,1.0
41252938,Global ecological and health risks of PFAS in surface soil.,Environment international,2025,PFOS,hepatotoxicity,1.0
40658020,"PFAS in animal by-products in Lanzhou, China, and health risk assessment.","Food additives & contaminants. Part B, Surveillance",2025,PFOS,hepatotoxicity,1.0
40658020,"PFAS in animal by-products in Lanzhou, China, and health risk assessment.","Food additives & contaminants. Part B, Surveillance",2025,PFBA,hepatotoxicity,1.0
40796466,Assessment of per- and polyfluoroalkyl substances in Sydney drinking water.,Chemosphere,2025,PFOS,hepatotoxicity,
40317014,Decoding per- and polyfluoroalkyl substances (PFAS) in hepatocellular carcinoma: a multi-omics and c,Journal of translational medicine,2025,PFOA,hepatotoxicity,1.0
40317014,Decoding per- and polyfluoroalkyl substances (PFAS) in hepatocellular carcinoma: a multi-omics and c,Journal of translational medicine,2025,PFOS,hepatotoxicity,1.0
39278030,Legacy and alternative per- and polyfluoroalkyl substances spatiotemporal distribution in China: Hum,Journal of hazardous materials,2024,PFOA,hepatotoxicity,1.0
39278030,Legacy and alternative per- and polyfluoroalkyl substances spatiotemporal distribution in China: Hum,Journal of hazardous materials,2024,PFOA,BCF,1.0
39278030,Legacy and alternative per- and polyfluoroalkyl substances spatiotemporal distribution in China: Hum,Journal of hazardous materials,2024,PFOS,hepatotoxicity,1.0
39278030,Legacy and alternative per- and polyfluoroalkyl substances spatiotemporal distribution in China: Hum,Journal of hazardous materials,2024,PFOS,BCF,1.0
38521043,Mixtures of per- and polyfluoroalkyl substances (PFAS) alter sperm methylation and long-term reprogr,Environment international,2024,PFOA,hepatotoxicity,1.0
38521043,Mixtures of per- and polyfluoroalkyl substances (PFAS) alter sperm methylation and long-term reprogr,Environment international,2024,PFOA,endocrine,1.0
38521043,Mixtures of per- and polyfluoroalkyl substances (PFAS) alter sperm methylation and long-term reprogr,Environment international,2024,PFOA,developmental,1.0
38521043,Mixtures of per- and polyfluoroalkyl substances (PFAS) alter sperm methylation and long-term reprogr,Environment international,2024,PFOS,hepatotoxicity,1.0
38521043,Mixtures of per- and polyfluoroalkyl substances (PFAS) alter sperm methylation and long-term reprogr,Environment international,2024,PFOS,endocrine,1.0
38521043,Mixtures of per- and polyfluoroalkyl substances (PFAS) alter sperm methylation and long-term reprogr,Environment international,2024,PFOS,developmental,1.0
38521043,Mixtures of per- and polyfluoroalkyl substances (PFAS) alter sperm methylation and long-term reprogr,Environment international,2024,PFNA,hepatotoxicity,1.0
38521043,Mixtures of per- and polyfluoroalkyl substances (PFAS) alter sperm methylation and long-term reprogr,Environment international,2024,PFNA,endocrine,1.0
38521043,Mixtures of per- and polyfluoroalkyl substances (PFAS) alter sperm methylation and long-term reprogr,Environment international,2024,PFNA,developmental,1.0
38521043,Mixtures of per- and polyfluoroalkyl substances (PFAS) alter sperm methylation and long-term reprogr,Environment international,2024,PFHxS,hepatotoxicity,1.0
38521043,Mixtures of per- and polyfluoroalkyl substances (PFAS) alter sperm methylation and long-term reprogr,Environment international,2024,PFHxS,endocrine,1.0
38521043,Mixtures of per- and polyfluoroalkyl substances (PFAS) alter sperm methylation and long-term reprogr,Environment international,2024,PFHxS,developmental,1.0
38521043,Mixtures of per- and polyfluoroalkyl substances (PFAS) alter sperm methylation and long-term reprogr,Environment international,2024,GenX,hepatotoxicity,1.0
38521043,Mixtures of per- and polyfluoroalkyl substances (PFAS) alter sperm methylation and long-term reprogr,Environment international,2024,GenX,endocrine,1.0
38521043,Mixtures of per- and polyfluoroalkyl substances (PFAS) alter sperm methylation and long-term reprogr,Environment international,2024,GenX,developmental,1.0
39088169,PFOA-contaminated soil remediation: a comprehensive review.,Environmental science and pollution research international,2024,PFOA,hepatotoxicity,1.0
41109194,Per- and polyfluoroalkyl substances (PFAS) in the United States: Current knowledge and regulatory co,The Science of the total environment,2025,PFOA,hepatotoxicity,1.0
41109194,Per- and polyfluoroalkyl substances (PFAS) in the United States: Current knowledge and regulatory co,The Science of the total environment,2025,PFOA,BCF,1.0
41109194,Per- and polyfluoroalkyl substances (PFAS) in the United States: Current knowledge and regulatory co,The Science of the total environment,2025,PFOS,hepatotoxicity,1.0
41109194,Per- and polyfluoroalkyl substances (PFAS) in the United States: Current knowledge and regulatory co,The Science of the total environment,2025,PFOS,BCF,1.0
30290996,Perfluoroalkyl substances and metabolic syndrome.,International journal of hygiene and environmental health,2019,PFOA,hepatotoxicity,1.0
30290996,Perfluoroalkyl substances and metabolic syndrome.,International journal of hygiene and environmental health,2019,PFOS,hepatotoxicity,1.0
30290996,Perfluoroalkyl substances and metabolic syndrome.,International journal of hygiene and environmental health,2019,PFNA,hepatotoxicity,1.0
30290996,Perfluoroalkyl substances and metabolic syndrome.,International journal of hygiene and environmental health,2019,PFDA,hepatotoxicity,1.0
30290996,Perfluoroalkyl substances and metabolic syndrome.,International journal of hygiene and environmental health,2019,PFHxS,hepatotoxicity,1.0
40408073,"Integration of Animal, Population, and Toxicogenomic Evidence on the Hematotoxic and Immunosuppressi",Environmental science & technology,2025,PFOA,SR-MMP,1.0
40408073,"Integration of Animal, Population, and Toxicogenomic Evidence on the Hematotoxic and Immunosuppressi",Environmental science & technology,2025,PFOA,hepatotoxicity,1.0
40408073,"Integration of Animal, Population, and Toxicogenomic Evidence on the Hematotoxic and Immunosuppressi",Environmental science & technology,2025,PFOA,immunotoxicity,1.0
38112183,Altered Transcriptome Response in PBMCs of Czech Adults Linked to Multiple PFAS Exposure: B Cell Dev,Environmental science & technology,2024,PFOA,hepatotoxicity,1.0
38112183,Altered Transcriptome Response in PBMCs of Czech Adults Linked to Multiple PFAS Exposure: B Cell Dev,Environmental science & technology,2024,PFOA,immunotoxicity,1.0
38112183,Altered Transcriptome Response in PBMCs of Czech Adults Linked to Multiple PFAS Exposure: B Cell Dev,Environmental science & technology,2024,PFOS,hepatotoxicity,1.0
38112183,Altered Transcriptome Response in PBMCs of Czech Adults Linked to Multiple PFAS Exposure: B Cell Dev,Environmental science & technology,2024,PFOS,immunotoxicity,1.0
38112183,Altered Transcriptome Response in PBMCs of Czech Adults Linked to Multiple PFAS Exposure: B Cell Dev,Environmental science & technology,2024,PFNA,hepatotoxicity,1.0
38112183,Altered Transcriptome Response in PBMCs of Czech Adults Linked to Multiple PFAS Exposure: B Cell Dev,Environmental science & technology,2024,PFNA,immunotoxicity,1.0
38112183,Altered Transcriptome Response in PBMCs of Czech Adults Linked to Multiple PFAS Exposure: B Cell Dev,Environmental science & technology,2024,PFDA,hepatotoxicity,1.0
38112183,Altered Transcriptome Response in PBMCs of Czech Adults Linked to Multiple PFAS Exposure: B Cell Dev,Environmental science & technology,2024,PFDA,immunotoxicity,1.0
38112183,Altered Transcriptome Response in PBMCs of Czech Adults Linked to Multiple PFAS Exposure: B Cell Dev,Environmental science & technology,2024,PFHxS,hepatotoxicity,1.0
38112183,Altered Transcriptome Response in PBMCs of Czech Adults Linked to Multiple PFAS Exposure: B Cell Dev,Environmental science & technology,2024,PFHxS,immunotoxicity,1.0
36628859,Internal relative potency factors based on immunotoxicity for the risk assessment of mixtures of per,Environment international,2023,PFOA,hepatotoxicity,1.0
36628859,Internal relative potency factors based on immunotoxicity for the risk assessment of mixtures of per,Environment international,2023,PFOA,immunotoxicity,1.0
36628859,Internal relative potency factors based on immunotoxicity for the risk assessment of mixtures of per,Environment international,2023,PFOS,hepatotoxicity,1.0
36628859,Internal relative potency factors based on immunotoxicity for the risk assessment of mixtures of per,Environment international,2023,PFOS,immunotoxicity,1.0
36628859,Internal relative potency factors based on immunotoxicity for the risk assessment of mixtures of per,Environment international,2023,PFNA,hepatotoxicity,1.0
36628859,Internal relative potency factors based on immunotoxicity for the risk assessment of mixtures of per,Environment international,2023,PFNA,immunotoxicity,1.0
36628859,Internal relative potency factors based on immunotoxicity for the risk assessment of mixtures of per,Environment international,2023,PFDA,hepatotoxicity,1.0
36628859,Internal relative potency factors based on immunotoxicity for the risk assessment of mixtures of per,Environment international,2023,PFDA,immunotoxicity,1.0
36628859,Internal relative potency factors based on immunotoxicity for the risk assessment of mixtures of per,Environment international,2023,PFHxA,hepatotoxicity,1.0
36628859,Internal relative potency factors based on immunotoxicity for the risk assessment of mixtures of per,Environment international,2023,PFHxA,immunotoxicity,1.0
36628859,Internal relative potency factors based on immunotoxicity for the risk assessment of mixtures of per,Environment international,2023,PFBS,hepatotoxicity,1.0
36628859,Internal relative potency factors based on immunotoxicity for the risk assessment of mixtures of per,Environment international,2023,PFBS,immunotoxicity,1.0
36628859,Internal relative potency factors based on immunotoxicity for the risk assessment of mixtures of per,Environment international,2023,PFHxS,hepatotoxicity,1.0
36628859,Internal relative potency factors based on immunotoxicity for the risk assessment of mixtures of per,Environment international,2023,PFHxS,immunotoxicity,1.0
35074350,Serum levels of perfluoroalkyl substances (PFAS) and body composition - A cross-sectional study in a,Environmental research,2022,PFOA,hepatotoxicity,1.0
35074350,Serum levels of perfluoroalkyl substances (PFAS) and body composition - A cross-sectional study in a,Environmental research,2022,PFOA,endocrine,1.0
35074350,Serum levels of perfluoroalkyl substances (PFAS) and body composition - A cross-sectional study in a,Environmental research,2022,PFOS,hepatotoxicity,1.0
35074350,Serum levels of perfluoroalkyl substances (PFAS) and body composition - A cross-sectional study in a,Environmental research,2022,PFOS,endocrine,1.0
35074350,Serum levels of perfluoroalkyl substances (PFAS) and body composition - A cross-sectional study in a,Environmental research,2022,PFNA,hepatotoxicity,1.0
35074350,Serum levels of perfluoroalkyl substances (PFAS) and body composition - A cross-sectional study in a,Environmental research,2022,PFNA,endocrine,1.0
35074350,Serum levels of perfluoroalkyl substances (PFAS) and body composition - A cross-sectional study in a,Environmental research,2022,PFDA,hepatotoxicity,1.0
35074350,Serum levels of perfluoroalkyl substances (PFAS) and body composition - A cross-sectional study in a,Environmental research,2022,PFDA,endocrine,1.0
35074350,Serum levels of perfluoroalkyl substances (PFAS) and body composition - A cross-sectional study in a,Environmental research,2022,PFHxS,hepatotoxicity,1.0
35074350,Serum levels of perfluoroalkyl substances (PFAS) and body composition - A cross-sectional study in a,Environmental research,2022,PFHxS,endocrine,1.0
33498193,"Legacy and Emerging Per- and Polyfluoroalkyl Substances: Analytical Techniques, Environmental Fate, ",International journal of molecular sciences,2021,PFNA,hepatotoxicity,1.0
33498193,"Legacy and Emerging Per- and Polyfluoroalkyl Substances: Analytical Techniques, Environmental Fate, ",International journal of molecular sciences,2021,GenX,hepatotoxicity,1.0
38457972,"Prenatal PFAS exposure, gut microbiota dysbiosis, and neurobehavioral development in childhood.",Journal of hazardous materials,2024,PFHxS,hepatotoxicity,1.0
40397817,Circulating per- and polyfluoroalkyl substances and liver cancer risk: a nested case-control analysi,Environmental health perspectives,2025,PFOA,hepatotoxicity,1.0
40397817,Circulating per- and polyfluoroalkyl substances and liver cancer risk: a nested case-control analysi,Environmental health perspectives,2025,PFOS,hepatotoxicity,1.0
40397817,Circulating per- and polyfluoroalkyl substances and liver cancer risk: a nested case-control analysi,Environmental health perspectives,2025,PFHxS,hepatotoxicity,1.0
39848516,Per- and polyfluoroalkyl substances (PFAS) exposure in the U.S. population: NHANES 1999-March 2020.,Environmental research,2025,PFOA,hepatotoxicity,
39848516,Per- and polyfluoroalkyl substances (PFAS) exposure in the U.S. population: NHANES 1999-March 2020.,Environmental research,2025,PFOS,hepatotoxicity,
39848516,Per- and polyfluoroalkyl substances (PFAS) exposure in the U.S. population: NHANES 1999-March 2020.,Environmental research,2025,PFNA,hepatotoxicity,
39848516,Per- and polyfluoroalkyl substances (PFAS) exposure in the U.S. population: NHANES 1999-March 2020.,Environmental research,2025,PFHxS,hepatotoxicity,
36842602,Perfluorinated compound correlation between human serum and drinking water: Is drinking water a sign,The Science of the total environment,2023,PFOA,hepatotoxicity,1.0
36842602,Perfluorinated compound correlation between human serum and drinking water: Is drinking water a sign,The Science of the total environment,2023,PFOS,hepatotoxicity,1.0
36842602,Perfluorinated compound correlation between human serum and drinking water: Is drinking water a sign,The Science of the total environment,2023,PFNA,hepatotoxicity,1.0
36842602,Perfluorinated compound correlation between human serum and drinking water: Is drinking water a sign,The Science of the total environment,2023,PFHxS,hepatotoxicity,1.0
40914107,Assessing the impact of perfluoroalkyl substances on liver health: a comprehensive study using multi,Environment international,2025,PFOA,hepatotoxicity,1.0
40914107,Assessing the impact of perfluoroalkyl substances on liver health: a comprehensive study using multi,Environment international,2025,PFOA,immunotoxicity,1.0
40914107,Assessing the impact of perfluoroalkyl substances on liver health: a comprehensive study using multi,Environment international,2025,PFOS,hepatotoxicity,1.0
40914107,Assessing the impact of perfluoroalkyl substances on liver health: a comprehensive study using multi,Environment international,2025,PFOS,immunotoxicity,1.0
40914107,Assessing the impact of perfluoroalkyl substances on liver health: a comprehensive study using multi,Environment international,2025,PFNA,hepatotoxicity,1.0
40914107,Assessing the impact of perfluoroalkyl substances on liver health: a comprehensive study using multi,Environment international,2025,PFNA,immunotoxicity,1.0
40914107,Assessing the impact of perfluoroalkyl substances on liver health: a comprehensive study using multi,Environment international,2025,PFHxS,hepatotoxicity,1.0
40914107,Assessing the impact of perfluoroalkyl substances on liver health: a comprehensive study using multi,Environment international,2025,PFHxS,immunotoxicity,1.0
37755796,Per- and Polyfluoroalkyl Substances (PFAS) in Community Water Systems (CWS) and the Risk of Thyroid ,Toxics,2023,PFOA,hepatotoxicity,1.0
37755796,Per- and Polyfluoroalkyl Substances (PFAS) in Community Water Systems (CWS) and the Risk of Thyroid ,Toxics,2023,PFOA,endocrine,1.0
41517124,"Occurrence, Sources, and Risk Assessment of PFAS in Soil-Mango Systems of the Chinese Tropical Nanfa","Foods (Basel, Switzerland)",2025,PFHxA,hepatotoxicity,
41517124,"Occurrence, Sources, and Risk Assessment of PFAS in Soil-Mango Systems of the Chinese Tropical Nanfa","Foods (Basel, Switzerland)",2025,PFHxA,BCF,
37878255,"Per- and Poly-fluoroalkyl Substances (PFAS) Exposure and Risk of Kidney, Liver, and Testicular Cance",La Medicina del lavoro,2023,PFOA,hepatotoxicity,1.0
37878255,"Per- and Poly-fluoroalkyl Substances (PFAS) Exposure and Risk of Kidney, Liver, and Testicular Cance",La Medicina del lavoro,2023,PFOS,hepatotoxicity,1.0
28073048,Perfluoroalkyl substances and fish consumption.,Environmental research,2017,PFOA,hepatotoxicity,1.0
28073048,Perfluoroalkyl substances and fish consumption.,Environmental research,2017,PFOA,endocrine,1.0
28073048,Perfluoroalkyl substances and fish consumption.,Environmental research,2017,PFOS,hepatotoxicity,1.0
28073048,Perfluoroalkyl substances and fish consumption.,Environmental research,2017,PFOS,endocrine,1.0
28073048,Perfluoroalkyl substances and fish consumption.,Environmental research,2017,PFNA,hepatotoxicity,1.0
28073048,Perfluoroalkyl substances and fish consumption.,Environmental research,2017,PFNA,endocrine,1.0
28073048,Perfluoroalkyl substances and fish consumption.,Environmental research,2017,PFDA,hepatotoxicity,1.0
28073048,Perfluoroalkyl substances and fish consumption.,Environmental research,2017,PFDA,endocrine,1.0
28073048,Perfluoroalkyl substances and fish consumption.,Environmental research,2017,PFHxS,hepatotoxicity,1.0
28073048,Perfluoroalkyl substances and fish consumption.,Environmental research,2017,PFHxS,endocrine,1.0
39706014,Effects of mixed exposure to PFAS on adolescent non-alcoholic fatty liver disease: Integrating evide,Journal of hazardous materials,2025,PFOA,hepatotoxicity,1.0
40609510,"Per- and polyfluoroalkyl substances, genetic factors, and sleep health in reproductive-aged women: a",Environment international,2025,PFOS,hepatotoxicity,1.0
40609510,"Per- and polyfluoroalkyl substances, genetic factors, and sleep health in reproductive-aged women: a",Environment international,2025,PFOS,endocrine,1.0
40609510,"Per- and polyfluoroalkyl substances, genetic factors, and sleep health in reproductive-aged women: a",Environment international,2025,PFOS,developmental,1.0
40609510,"Per- and polyfluoroalkyl substances, genetic factors, and sleep health in reproductive-aged women: a",Environment international,2025,PFNA,hepatotoxicity,1.0
40609510,"Per- and polyfluoroalkyl substances, genetic factors, and sleep health in reproductive-aged women: a",Environment international,2025,PFNA,endocrine,1.0
40609510,"Per- and polyfluoroalkyl substances, genetic factors, and sleep health in reproductive-aged women: a",Environment international,2025,PFNA,developmental,1.0
40609510,"Per- and polyfluoroalkyl substances, genetic factors, and sleep health in reproductive-aged women: a",Environment international,2025,PFDA,hepatotoxicity,1.0
40609510,"Per- and polyfluoroalkyl substances, genetic factors, and sleep health in reproductive-aged women: a",Environment international,2025,PFDA,endocrine,1.0
40609510,"Per- and polyfluoroalkyl substances, genetic factors, and sleep health in reproductive-aged women: a",Environment international,2025,PFDA,developmental,1.0
40852864,Assessing the Carcinogenic Potential of PFOA: A Molecular Network Approach to Liver Toxicity.,Basic & clinical pharmacology & toxicology,2025,PFOA,SR-MMP,1.0
40852864,Assessing the Carcinogenic Potential of PFOA: A Molecular Network Approach to Liver Toxicity.,Basic & clinical pharmacology & toxicology,2025,PFOA,hepatotoxicity,1.0
40852864,Assessing the Carcinogenic Potential of PFOA: A Molecular Network Approach to Liver Toxicity.,Basic & clinical pharmacology & toxicology,2025,PFOA,BCF,1.0
41161260,Risk assessment and distribution of PFAS in a biological phosphorus recovery sludge used for agricul,Chemosphere,2025,PFOA,hepatotoxicity,1.0
41161260,Risk assessment and distribution of PFAS in a biological phosphorus recovery sludge used for agricul,Chemosphere,2025,PFOS,hepatotoxicity,1.0
40925316,"Mapping PFAS behavior via meta-analysis of soil dynamics, predictive modeling and policy integration",The Science of the total environment,2025,PFOA,hepatotoxicity,
40925316,"Mapping PFAS behavior via meta-analysis of soil dynamics, predictive modeling and policy integration",The Science of the total environment,2025,PFOA,BCF,
40925316,"Mapping PFAS behavior via meta-analysis of soil dynamics, predictive modeling and policy integration",The Science of the total environment,2025,PFOS,hepatotoxicity,
40925316,"Mapping PFAS behavior via meta-analysis of soil dynamics, predictive modeling and policy integration",The Science of the total environment,2025,PFOS,BCF,
40188601,"Per- and polyfluoroalkyl substances (PFAS) in drinking water, gestational diabetes mellitus, hyperte",Environment international,2025,PFOA,hepatotoxicity,1.0
40188601,"Per- and polyfluoroalkyl substances (PFAS) in drinking water, gestational diabetes mellitus, hyperte",Environment international,2025,PFOA,developmental,1.0
40188601,"Per- and polyfluoroalkyl substances (PFAS) in drinking water, gestational diabetes mellitus, hyperte",Environment international,2025,PFOS,hepatotoxicity,1.0
40188601,"Per- and polyfluoroalkyl substances (PFAS) in drinking water, gestational diabetes mellitus, hyperte",Environment international,2025,PFOS,developmental,1.0
40188601,"Per- and polyfluoroalkyl substances (PFAS) in drinking water, gestational diabetes mellitus, hyperte",Environment international,2025,PFNA,hepatotoxicity,1.0
40188601,"Per- and polyfluoroalkyl substances (PFAS) in drinking water, gestational diabetes mellitus, hyperte",Environment international,2025,PFNA,developmental,1.0
40188601,"Per- and polyfluoroalkyl substances (PFAS) in drinking water, gestational diabetes mellitus, hyperte",Environment international,2025,PFHxS,hepatotoxicity,1.0
40188601,"Per- and polyfluoroalkyl substances (PFAS) in drinking water, gestational diabetes mellitus, hyperte",Environment international,2025,PFHxS,developmental,1.0
32143379,Application of the Key Characteristics of Carcinogens to Per and Polyfluoroalkyl Substances.,International journal of environmental research and public health,2020,PFOA,hepatotoxicity,1.0
32143379,Application of the Key Characteristics of Carcinogens to Per and Polyfluoroalkyl Substances.,International journal of environmental research and public health,2020,GenX,hepatotoxicity,1.0
38402937,Exposure to per- and polyfluoroalkyl substance and metabolic syndrome: A nationally representative c,"Environmental pollution (Barking, Essex : 1987)",2024,PFNA,hepatotoxicity,1.0
38402937,Exposure to per- and polyfluoroalkyl substance and metabolic syndrome: A nationally representative c,"Environmental pollution (Barking, Essex : 1987)",2024,PFNA,endocrine,1.0
38402937,Exposure to per- and polyfluoroalkyl substance and metabolic syndrome: A nationally representative c,"Environmental pollution (Barking, Essex : 1987)",2024,PFHxS,hepatotoxicity,1.0
38402937,Exposure to per- and polyfluoroalkyl substance and metabolic syndrome: A nationally representative c,"Environmental pollution (Barking, Essex : 1987)",2024,PFHxS,endocrine,1.0
41496226,Integrating nontargeted metabolomics and machine learning to assess PFAS exposure associations with ,Environment international,2026,PFOA,hepatotoxicity,1.0
41496226,Integrating nontargeted metabolomics and machine learning to assess PFAS exposure associations with ,Environment international,2026,PFHxS,hepatotoxicity,1.0
39244057,Per- and polyfluoroalkyl substances (PFAS) in drinking water in Southeast Los Angeles: Industrial le,The Science of the total environment,2024,PFOA,hepatotoxicity,1.0
39244057,Per- and polyfluoroalkyl substances (PFAS) in drinking water in Southeast Los Angeles: Industrial le,The Science of the total environment,2024,PFOS,hepatotoxicity,1.0
38687897,Assessment and Comparison of Early Developmental Toxicity of Six Per- and Polyfluoroalkyl Substances,Environmental science & technology,2024,PFOA,hepatotoxicity,1.0
38687897,Assessment and Comparison of Early Developmental Toxicity of Six Per- and Polyfluoroalkyl Substances,Environmental science & technology,2024,PFOA,developmental,1.0
38687897,Assessment and Comparison of Early Developmental Toxicity of Six Per- and Polyfluoroalkyl Substances,Environmental science & technology,2024,PFOS,hepatotoxicity,1.0
38687897,Assessment and Comparison of Early Developmental Toxicity of Six Per- and Polyfluoroalkyl Substances,Environmental science & technology,2024,PFOS,developmental,1.0
38687897,Assessment and Comparison of Early Developmental Toxicity of Six Per- and Polyfluoroalkyl Substances,Environmental science & technology,2024,PFHxA,hepatotoxicity,1.0
38687897,Assessment and Comparison of Early Developmental Toxicity of Six Per- and Polyfluoroalkyl Substances,Environmental science & technology,2024,PFHxA,developmental,1.0
38088576,Case-Cohort Study of the Association between PFAS and Selected Cancers among Participants in the Ame,Environmental health perspectives,2023,PFOA,hepatotoxicity,1.0
38088576,Case-Cohort Study of the Association between PFAS and Selected Cancers among Participants in the Ame,Environmental health perspectives,2023,PFHxS,hepatotoxicity,1.0
38782768,Identifying novel mechanisms of per- and polyfluoroalkyl substance-induced hepatotoxicity using FRG ,Archives of toxicology,2024,PFOA,NR-AR,1.0
38782768,Identifying novel mechanisms of per- and polyfluoroalkyl substance-induced hepatotoxicity using FRG ,Archives of toxicology,2024,PFOA,hepatotoxicity,1.0
38782768,Identifying novel mechanisms of per- and polyfluoroalkyl substance-induced hepatotoxicity using FRG ,Archives of toxicology,2024,PFOS,NR-AR,1.0
38782768,Identifying novel mechanisms of per- and polyfluoroalkyl substance-induced hepatotoxicity using FRG ,Archives of toxicology,2024,PFOS,hepatotoxicity,1.0
38782768,Identifying novel mechanisms of per- and polyfluoroalkyl substance-induced hepatotoxicity using FRG ,Archives of toxicology,2024,GenX,NR-AR,1.0
38782768,Identifying novel mechanisms of per- and polyfluoroalkyl substance-induced hepatotoxicity using FRG ,Archives of toxicology,2024,GenX,hepatotoxicity,1.0
38866127,Legacy and alternative per- and polyfluoroalkyl substances (PFAS) alter the lipid profile of HepaRG ,Toxicology,2024,PFOA,hepatotoxicity,1.0
38866127,Legacy and alternative per- and polyfluoroalkyl substances (PFAS) alter the lipid profile of HepaRG ,Toxicology,2024,PFOA,immunotoxicity,1.0
38866127,Legacy and alternative per- and polyfluoroalkyl substances (PFAS) alter the lipid profile of HepaRG ,Toxicology,2024,PFOS,hepatotoxicity,1.0
38866127,Legacy and alternative per- and polyfluoroalkyl substances (PFAS) alter the lipid profile of HepaRG ,Toxicology,2024,PFOS,immunotoxicity,1.0
38866127,Legacy and alternative per- and polyfluoroalkyl substances (PFAS) alter the lipid profile of HepaRG ,Toxicology,2024,PFNA,hepatotoxicity,1.0
38866127,Legacy and alternative per- and polyfluoroalkyl substances (PFAS) alter the lipid profile of HepaRG ,Toxicology,2024,PFNA,immunotoxicity,1.0
38866127,Legacy and alternative per- and polyfluoroalkyl substances (PFAS) alter the lipid profile of HepaRG ,Toxicology,2024,PFDA,hepatotoxicity,1.0
38866127,Legacy and alternative per- and polyfluoroalkyl substances (PFAS) alter the lipid profile of HepaRG ,Toxicology,2024,PFDA,immunotoxicity,1.0
38866127,Legacy and alternative per- and polyfluoroalkyl substances (PFAS) alter the lipid profile of HepaRG ,Toxicology,2024,PFHxA,hepatotoxicity,1.0
38866127,Legacy and alternative per- and polyfluoroalkyl substances (PFAS) alter the lipid profile of HepaRG ,Toxicology,2024,PFHxA,immunotoxicity,1.0
38866127,Legacy and alternative per- and polyfluoroalkyl substances (PFAS) alter the lipid profile of HepaRG ,Toxicology,2024,PFBA,hepatotoxicity,1.0
38866127,Legacy and alternative per- and polyfluoroalkyl substances (PFAS) alter the lipid profile of HepaRG ,Toxicology,2024,PFBA,immunotoxicity,1.0
38866127,Legacy and alternative per- and polyfluoroalkyl substances (PFAS) alter the lipid profile of HepaRG ,Toxicology,2024,PFBS,hepatotoxicity,1.0
38866127,Legacy and alternative per- and polyfluoroalkyl substances (PFAS) alter the lipid profile of HepaRG ,Toxicology,2024,PFBS,immunotoxicity,1.0
38866127,Legacy and alternative per- and polyfluoroalkyl substances (PFAS) alter the lipid profile of HepaRG ,Toxicology,2024,PFHxS,hepatotoxicity,1.0
38866127,Legacy and alternative per- and polyfluoroalkyl substances (PFAS) alter the lipid profile of HepaRG ,Toxicology,2024,PFHxS,immunotoxicity,1.0
38866127,Legacy and alternative per- and polyfluoroalkyl substances (PFAS) alter the lipid profile of HepaRG ,Toxicology,2024,GenX,hepatotoxicity,1.0
38866127,Legacy and alternative per- and polyfluoroalkyl substances (PFAS) alter the lipid profile of HepaRG ,Toxicology,2024,GenX,immunotoxicity,1.0
30248109,Rubella immunity and serum perfluoroalkyl substances: Sex and analytic strategy.,PloS one,2018,PFOA,hepatotoxicity,1.0
30248109,Rubella immunity and serum perfluoroalkyl substances: Sex and analytic strategy.,PloS one,2018,PFOA,immunotoxicity,1.0
30248109,Rubella immunity and serum perfluoroalkyl substances: Sex and analytic strategy.,PloS one,2018,PFOS,hepatotoxicity,1.0
30248109,Rubella immunity and serum perfluoroalkyl substances: Sex and analytic strategy.,PloS one,2018,PFOS,immunotoxicity,1.0
41453703,Association between gestational PFAS exposure biomarkers and risk of preeclampsia in the ECHO Cohort,Environmental research,2026,PFOA,hepatotoxicity,1.0
41453703,Association between gestational PFAS exposure biomarkers and risk of preeclampsia in the ECHO Cohort,Environmental research,2026,PFOA,developmental,1.0
41453703,Association between gestational PFAS exposure biomarkers and risk of preeclampsia in the ECHO Cohort,Environmental research,2026,PFOS,hepatotoxicity,1.0
41453703,Association between gestational PFAS exposure biomarkers and risk of preeclampsia in the ECHO Cohort,Environmental research,2026,PFOS,developmental,1.0
41453703,Association between gestational PFAS exposure biomarkers and risk of preeclampsia in the ECHO Cohort,Environmental research,2026,PFNA,hepatotoxicity,1.0
41453703,Association between gestational PFAS exposure biomarkers and risk of preeclampsia in the ECHO Cohort,Environmental research,2026,PFNA,developmental,1.0
41453703,Association between gestational PFAS exposure biomarkers and risk of preeclampsia in the ECHO Cohort,Environmental research,2026,PFDA,hepatotoxicity,1.0
41453703,Association between gestational PFAS exposure biomarkers and risk of preeclampsia in the ECHO Cohort,Environmental research,2026,PFDA,developmental,1.0
41453703,Association between gestational PFAS exposure biomarkers and risk of preeclampsia in the ECHO Cohort,Environmental research,2026,PFHxS,hepatotoxicity,1.0
41453703,Association between gestational PFAS exposure biomarkers and risk of preeclampsia in the ECHO Cohort,Environmental research,2026,PFHxS,developmental,1.0
39947079,Maternal per- and polyfluoroalkyl substance concentrations and placental DNA methylation of thyroid ,Journal of hazardous materials,2025,PFOA,hepatotoxicity,1.0
39947079,Maternal per- and polyfluoroalkyl substance concentrations and placental DNA methylation of thyroid ,Journal of hazardous materials,2025,PFOA,endocrine,1.0
39947079,Maternal per- and polyfluoroalkyl substance concentrations and placental DNA methylation of thyroid ,Journal of hazardous materials,2025,PFOA,developmental,1.0
39947079,Maternal per- and polyfluoroalkyl substance concentrations and placental DNA methylation of thyroid ,Journal of hazardous materials,2025,PFOS,hepatotoxicity,1.0
39947079,Maternal per- and polyfluoroalkyl substance concentrations and placental DNA methylation of thyroid ,Journal of hazardous materials,2025,PFOS,endocrine,1.0
39947079,Maternal per- and polyfluoroalkyl substance concentrations and placental DNA methylation of thyroid ,Journal of hazardous materials,2025,PFOS,developmental,1.0
39947079,Maternal per- and polyfluoroalkyl substance concentrations and placental DNA methylation of thyroid ,Journal of hazardous materials,2025,PFDA,hepatotoxicity,1.0
39947079,Maternal per- and polyfluoroalkyl substance concentrations and placental DNA methylation of thyroid ,Journal of hazardous materials,2025,PFDA,endocrine,1.0
39947079,Maternal per- and polyfluoroalkyl substance concentrations and placental DNA methylation of thyroid ,Journal of hazardous materials,2025,PFDA,developmental,1.0
38184077,Elevated levels of serum per- and poly-fluoroalkyl substances (PFAS) in contact lens users of U.S. y,Chemosphere,2024,PFOA,hepatotoxicity,1.0
38184077,Elevated levels of serum per- and poly-fluoroalkyl substances (PFAS) in contact lens users of U.S. y,Chemosphere,2024,PFOS,hepatotoxicity,1.0
38184077,Elevated levels of serum per- and poly-fluoroalkyl substances (PFAS) in contact lens users of U.S. y,Chemosphere,2024,PFHxS,hepatotoxicity,1.0
37084670,Smouldering to treat PFAS in sewage sludge.,"Waste management (New York, N.Y.)",2023,PFOA,hepatotoxicity,
37084670,Smouldering to treat PFAS in sewage sludge.,"Waste management (New York, N.Y.)",2023,PFOS,hepatotoxicity,
37572494,PPARα/ACOX1 as a novel target for hepatic lipid metabolism disorders induced by per- and polyfluoroa,Environment international,2023,PFOA,SR-MMP,1.0
37572494,PPARα/ACOX1 as a novel target for hepatic lipid metabolism disorders induced by per- and polyfluoroa,Environment international,2023,PFOA,hepatotoxicity,1.0
37572494,PPARα/ACOX1 as a novel target for hepatic lipid metabolism disorders induced by per- and polyfluoroa,Environment international,2023,PFOS,SR-MMP,1.0
37572494,PPARα/ACOX1 as a novel target for hepatic lipid metabolism disorders induced by per- and polyfluoroa,Environment international,2023,PFOS,hepatotoxicity,1.0
37572494,PPARα/ACOX1 as a novel target for hepatic lipid metabolism disorders induced by per- and polyfluoroa,Environment international,2023,PFNA,SR-MMP,1.0
37572494,PPARα/ACOX1 as a novel target for hepatic lipid metabolism disorders induced by per- and polyfluoroa,Environment international,2023,PFNA,hepatotoxicity,1.0
37572494,PPARα/ACOX1 as a novel target for hepatic lipid metabolism disorders induced by per- and polyfluoroa,Environment international,2023,PFDA,SR-MMP,1.0
37572494,PPARα/ACOX1 as a novel target for hepatic lipid metabolism disorders induced by per- and polyfluoroa,Environment international,2023,PFDA,hepatotoxicity,1.0
39978619,Association between PFAS exposure and metabolic-related biomarkers in Spanish adolescents.,Environmental research,2025,PFOS,hepatotoxicity,1.0
39978619,Association between PFAS exposure and metabolic-related biomarkers in Spanish adolescents.,Environmental research,2025,PFOS,endocrine,1.0
39978619,Association between PFAS exposure and metabolic-related biomarkers in Spanish adolescents.,Environmental research,2025,PFNA,hepatotoxicity,1.0
39978619,Association between PFAS exposure and metabolic-related biomarkers in Spanish adolescents.,Environmental research,2025,PFNA,endocrine,1.0
40482803,Per- and polyfluoroalkyl substances and associated proteomic biomarker patterns of immuno-suppressio,Environmental research,2025,PFOA,immunotoxicity,1.0
40482803,Per- and polyfluoroalkyl substances and associated proteomic biomarker patterns of immuno-suppressio,Environmental research,2025,PFOS,immunotoxicity,1.0
39159514,A novel molecular pathway of lipid accumulation in human hepatocytes caused by PFOA and PFOS.,Environment international,2024,PFOA,hepatotoxicity,1.0
39159514,A novel molecular pathway of lipid accumulation in human hepatocytes caused by PFOA and PFOS.,Environment international,2024,PFOS,hepatotoxicity,1.0
40791616,Serum levels of per- and polyfluoroalkylated substances and methylation of DNA from peripheral blood,Frontiers in public health,2025,PFOA,hepatotoxicity,1.0
40791616,Serum levels of per- and polyfluoroalkylated substances and methylation of DNA from peripheral blood,Frontiers in public health,2025,PFOA,endocrine,1.0
40791616,Serum levels of per- and polyfluoroalkylated substances and methylation of DNA from peripheral blood,Frontiers in public health,2025,PFOS,hepatotoxicity,1.0
40791616,Serum levels of per- and polyfluoroalkylated substances and methylation of DNA from peripheral blood,Frontiers in public health,2025,PFOS,endocrine,1.0
40233626,PFAS in Iowa drinking water sources: Chemical and geospatial patterns.,The Science of the total environment,2025,PFOA,hepatotoxicity,1.0
40233626,PFAS in Iowa drinking water sources: Chemical and geospatial patterns.,The Science of the total environment,2025,PFOS,hepatotoxicity,1.0
40233626,PFAS in Iowa drinking water sources: Chemical and geospatial patterns.,The Science of the total environment,2025,PFBA,hepatotoxicity,1.0
28818342,Novel treatment technologies for PFAS compounds: A critical review.,Journal of environmental management,2017,PFOA,hepatotoxicity,1.0
28818342,Novel treatment technologies for PFAS compounds: A critical review.,Journal of environmental management,2017,PFOS,hepatotoxicity,1.0
41608197,PFAS Alter Thyroid Histology and Cellular Signaling ,Journal of the Endocrine Society,2026,PFOA,hepatotoxicity,1.0
41608197,PFAS Alter Thyroid Histology and Cellular Signaling ,Journal of the Endocrine Society,2026,PFOA,endocrine,1.0
41608197,PFAS Alter Thyroid Histology and Cellular Signaling ,Journal of the Endocrine Society,2026,PFOS,hepatotoxicity,1.0
41608197,PFAS Alter Thyroid Histology and Cellular Signaling ,Journal of the Endocrine Society,2026,PFOS,endocrine,1.0
41608197,PFAS Alter Thyroid Histology and Cellular Signaling ,Journal of the Endocrine Society,2026,GenX,hepatotoxicity,1.0
41608197,PFAS Alter Thyroid Histology and Cellular Signaling ,Journal of the Endocrine Society,2026,GenX,endocrine,1.0
33951855,"PFAS and their substitutes in groundwater: Occurrence, transformation and remediation.",Journal of hazardous materials,2021,PFOA,hepatotoxicity,
33951855,"PFAS and their substitutes in groundwater: Occurrence, transformation and remediation.",Journal of hazardous materials,2021,PFOS,hepatotoxicity,
33951855,"PFAS and their substitutes in groundwater: Occurrence, transformation and remediation.",Journal of hazardous materials,2021,PFNA,hepatotoxicity,
33951855,"PFAS and their substitutes in groundwater: Occurrence, transformation and remediation.",Journal of hazardous materials,2021,PFBA,hepatotoxicity,
33951855,"PFAS and their substitutes in groundwater: Occurrence, transformation and remediation.",Journal of hazardous materials,2021,PFBS,hepatotoxicity,
33951855,"PFAS and their substitutes in groundwater: Occurrence, transformation and remediation.",Journal of hazardous materials,2021,PFHxS,hepatotoxicity,
33951855,"PFAS and their substitutes in groundwater: Occurrence, transformation and remediation.",Journal of hazardous materials,2021,GenX,hepatotoxicity,
37884429,Per- and polyfluoroalkyl substances (PFAS) exposure and thyroid cancer risk.,EBioMedicine,2023,PFOS,hepatotoxicity,1.0
37884429,Per- and polyfluoroalkyl substances (PFAS) exposure and thyroid cancer risk.,EBioMedicine,2023,PFOS,endocrine,1.0
38481605,Review of per- and polyfluoroalkyl substances (PFAS) bioaccumulation in earthworms.,Environmental advances,2022,PFOA,hepatotoxicity,
38481605,Review of per- and polyfluoroalkyl substances (PFAS) bioaccumulation in earthworms.,Environmental advances,2022,PFOA,BCF,
38481605,Review of per- and polyfluoroalkyl substances (PFAS) bioaccumulation in earthworms.,Environmental advances,2022,PFOS,hepatotoxicity,
38481605,Review of per- and polyfluoroalkyl substances (PFAS) bioaccumulation in earthworms.,Environmental advances,2022,PFOS,BCF,
39767456,Environmental Exposure to Per- and Polyfluorylalkyl Substances (PFASs) and Reproductive Outcomes in ,International journal of environmental research and public health,2024,PFOA,hepatotoxicity,1.0
39767456,Environmental Exposure to Per- and Polyfluorylalkyl Substances (PFASs) and Reproductive Outcomes in ,International journal of environmental research and public health,2024,PFOA,developmental,1.0
39767456,Environmental Exposure to Per- and Polyfluorylalkyl Substances (PFASs) and Reproductive Outcomes in ,International journal of environmental research and public health,2024,PFOS,hepatotoxicity,1.0
39767456,Environmental Exposure to Per- and Polyfluorylalkyl Substances (PFASs) and Reproductive Outcomes in ,International journal of environmental research and public health,2024,PFOS,developmental,1.0
40283131,Health Impacts of Per- and Polyfluoroalkyl Substances (PFASs): A Comprehensive Review.,"Life (Basel, Switzerland)",2025,PFOA,hepatotoxicity,1.0
40283131,Health Impacts of Per- and Polyfluoroalkyl Substances (PFASs): A Comprehensive Review.,"Life (Basel, Switzerland)",2025,PFOS,hepatotoxicity,1.0
37545803,Prenatal exposure to perfluoroalkyl substances and inflammatory biomarker concentrations.,"Environmental epidemiology (Philadelphia, Pa.)",2023,PFOA,immunotoxicity,1.0
37545803,Prenatal exposure to perfluoroalkyl substances and inflammatory biomarker concentrations.,"Environmental epidemiology (Philadelphia, Pa.)",2023,PFOA,developmental,1.0
37545803,Prenatal exposure to perfluoroalkyl substances and inflammatory biomarker concentrations.,"Environmental epidemiology (Philadelphia, Pa.)",2023,PFOS,immunotoxicity,1.0
37545803,Prenatal exposure to perfluoroalkyl substances and inflammatory biomarker concentrations.,"Environmental epidemiology (Philadelphia, Pa.)",2023,PFOS,developmental,1.0
37545803,Prenatal exposure to perfluoroalkyl substances and inflammatory biomarker concentrations.,"Environmental epidemiology (Philadelphia, Pa.)",2023,PFHxS,immunotoxicity,1.0
37545803,Prenatal exposure to perfluoroalkyl substances and inflammatory biomarker concentrations.,"Environmental epidemiology (Philadelphia, Pa.)",2023,PFHxS,developmental,1.0
39332255,Remediation of per- and polyfluoroalkyl substances (PFAS) contaminated soil via soil washing with va,Journal of hazardous materials,2024,PFOA,hepatotoxicity,1.0
39332255,Remediation of per- and polyfluoroalkyl substances (PFAS) contaminated soil via soil washing with va,Journal of hazardous materials,2024,PFOS,hepatotoxicity,1.0
32697103,"Measurement of Novel, Drinking Water-Associated PFAS in Blood from Adults and Children in Wilmington",Environmental health perspectives,2020,GenX,hepatotoxicity,
32697103,"Measurement of Novel, Drinking Water-Associated PFAS in Blood from Adults and Children in Wilmington",Environmental health perspectives,2020,GenX,BCF,
40270749,"The evolution of PFAS epidemiology: new scientific developments call into question alleged ""probable",Frontiers in public health,2025,PFOA,hepatotoxicity,1.0
40270749,"The evolution of PFAS epidemiology: new scientific developments call into question alleged ""probable",Frontiers in public health,2025,PFOA,endocrine,1.0
35026182,Framework for risk assessment of PFAS utilizing experimental studies and in-silico models.,Environmental research,2022,PFOA,hepatotoxicity,1.0
35026182,Framework for risk assessment of PFAS utilizing experimental studies and in-silico models.,Environmental research,2022,PFOS,hepatotoxicity,1.0
34666112,Issues in the hazard and risk assessment of perfluoroalkyl substance mixtures.,Toxicology letters,2021,TFA,hepatotoxicity,1.0
37400030,Bioaccumulation and metabolic impact of environmental PFAS residue on wild-caught urban wetland tige,The Science of the total environment,2023,PFOS,hepatotoxicity,1.0
37400030,Bioaccumulation and metabolic impact of environmental PFAS residue on wild-caught urban wetland tige,The Science of the total environment,2023,PFOS,BCF,1.0
39414058,Unraveling the long-term gastrointestinal impact of perinatal perfluorobutane sulfonate exposure on ,The Science of the total environment,2024,PFOA,hepatotoxicity,1.0
39414058,Unraveling the long-term gastrointestinal impact of perinatal perfluorobutane sulfonate exposure on ,The Science of the total environment,2024,PFOA,immunotoxicity,1.0
39414058,Unraveling the long-term gastrointestinal impact of perinatal perfluorobutane sulfonate exposure on ,The Science of the total environment,2024,PFOS,hepatotoxicity,1.0
39414058,Unraveling the long-term gastrointestinal impact of perinatal perfluorobutane sulfonate exposure on ,The Science of the total environment,2024,PFOS,immunotoxicity,1.0
39414058,Unraveling the long-term gastrointestinal impact of perinatal perfluorobutane sulfonate exposure on ,The Science of the total environment,2024,PFBS,hepatotoxicity,1.0
39414058,Unraveling the long-term gastrointestinal impact of perinatal perfluorobutane sulfonate exposure on ,The Science of the total environment,2024,PFBS,immunotoxicity,1.0
35568291,Effects of exposure to per- and polyfluoroalkyl substances on vaccine antibodies: A systematic revie,"Environmental pollution (Barking, Essex : 1987)",2022,PFOA,hepatotoxicity,1.0
35568291,Effects of exposure to per- and polyfluoroalkyl substances on vaccine antibodies: A systematic revie,"Environmental pollution (Barking, Essex : 1987)",2022,PFOA,immunotoxicity,1.0
35568291,Effects of exposure to per- and polyfluoroalkyl substances on vaccine antibodies: A systematic revie,"Environmental pollution (Barking, Essex : 1987)",2022,PFOA,endocrine,1.0
35568291,Effects of exposure to per- and polyfluoroalkyl substances on vaccine antibodies: A systematic revie,"Environmental pollution (Barking, Essex : 1987)",2022,PFOA,BCF,1.0
35568291,Effects of exposure to per- and polyfluoroalkyl substances on vaccine antibodies: A systematic revie,"Environmental pollution (Barking, Essex : 1987)",2022,PFHxS,hepatotoxicity,1.0
35568291,Effects of exposure to per- and polyfluoroalkyl substances on vaccine antibodies: A systematic revie,"Environmental pollution (Barking, Essex : 1987)",2022,PFHxS,immunotoxicity,1.0
35568291,Effects of exposure to per- and polyfluoroalkyl substances on vaccine antibodies: A systematic revie,"Environmental pollution (Barking, Essex : 1987)",2022,PFHxS,endocrine,1.0
35568291,Effects of exposure to per- and polyfluoroalkyl substances on vaccine antibodies: A systematic revie,"Environmental pollution (Barking, Essex : 1987)",2022,PFHxS,BCF,1.0
40754250,Predicting depression using serum perfluoroalkyl and polyfluoroalkyl substances levels via interpret,Journal of affective disorders,2025,PFOS,hepatotoxicity,1.0
39673872,Serum metabolome associated with novel and legacy per- and polyfluoroalkyl substances exposure and t,Environment international,2025,PFOA,hepatotoxicity,1.0
39673872,Serum metabolome associated with novel and legacy per- and polyfluoroalkyl substances exposure and t,Environment international,2025,PFOA,endocrine,1.0
39673872,Serum metabolome associated with novel and legacy per- and polyfluoroalkyl substances exposure and t,Environment international,2025,PFHxA,hepatotoxicity,1.0
39673872,Serum metabolome associated with novel and legacy per- and polyfluoroalkyl substances exposure and t,Environment international,2025,PFHxA,endocrine,1.0
39673872,Serum metabolome associated with novel and legacy per- and polyfluoroalkyl substances exposure and t,Environment international,2025,PFHxS,hepatotoxicity,1.0
39673872,Serum metabolome associated with novel and legacy per- and polyfluoroalkyl substances exposure and t,Environment international,2025,PFHxS,endocrine,1.0
39146593,Lysosomal iron accumulation and subsequent lysosomes-mitochondria iron transmission mediate PFOS-ind,Ecotoxicology and environmental safety,2024,PFOS,SR-MMP,1.0
39146593,Lysosomal iron accumulation and subsequent lysosomes-mitochondria iron transmission mediate PFOS-ind,Ecotoxicology and environmental safety,2024,PFOS,hepatotoxicity,1.0
41265816,Per- and polyfluoroalkyl substances trigger autoimmune diseases through inflammatory cytokines-IL-17,Chemico-biological interactions,2026,PFOS,hepatotoxicity,1.0
41265816,Per- and polyfluoroalkyl substances trigger autoimmune diseases through inflammatory cytokines-IL-17,Chemico-biological interactions,2026,PFOS,immunotoxicity,1.0
40367801,Integrative network and computational toxicology reveal the molecular mechanisms in PFOA-induced spe,Journal of environmental management,2025,PFOA,hepatotoxicity,1.0
39151576,Perfluoroalkyl substances and immunotoxicity: An in vitro structure-activity relationship study in T,Chemosphere,2024,PFOA,immunotoxicity,1.0
39151576,Perfluoroalkyl substances and immunotoxicity: An in vitro structure-activity relationship study in T,Chemosphere,2024,PFOS,immunotoxicity,1.0
39151576,Perfluoroalkyl substances and immunotoxicity: An in vitro structure-activity relationship study in T,Chemosphere,2024,PFNA,immunotoxicity,1.0
39151576,Perfluoroalkyl substances and immunotoxicity: An in vitro structure-activity relationship study in T,Chemosphere,2024,PFDA,immunotoxicity,1.0
39151576,Perfluoroalkyl substances and immunotoxicity: An in vitro structure-activity relationship study in T,Chemosphere,2024,PFHxA,immunotoxicity,1.0
39151576,Perfluoroalkyl substances and immunotoxicity: An in vitro structure-activity relationship study in T,Chemosphere,2024,PFBA,immunotoxicity,1.0
39151576,Perfluoroalkyl substances and immunotoxicity: An in vitro structure-activity relationship study in T,Chemosphere,2024,PFBS,immunotoxicity,1.0
39151576,Perfluoroalkyl substances and immunotoxicity: An in vitro structure-activity relationship study in T,Chemosphere,2024,PFHxS,immunotoxicity,1.0
40863342,"Managing PFAS in Sewage Sludge: Exposure Pathways, Impacts, and Treatment Innovations.",Journal of xenobiotics,2025,PFOA,hepatotoxicity,1.0
40863342,"Managing PFAS in Sewage Sludge: Exposure Pathways, Impacts, and Treatment Innovations.",Journal of xenobiotics,2025,PFOA,immunotoxicity,1.0
40863342,"Managing PFAS in Sewage Sludge: Exposure Pathways, Impacts, and Treatment Innovations.",Journal of xenobiotics,2025,PFOA,endocrine,1.0
40863342,"Managing PFAS in Sewage Sludge: Exposure Pathways, Impacts, and Treatment Innovations.",Journal of xenobiotics,2025,PFOS,hepatotoxicity,1.0
40863342,"Managing PFAS in Sewage Sludge: Exposure Pathways, Impacts, and Treatment Innovations.",Journal of xenobiotics,2025,PFOS,immunotoxicity,1.0
40863342,"Managing PFAS in Sewage Sludge: Exposure Pathways, Impacts, and Treatment Innovations.",Journal of xenobiotics,2025,PFOS,endocrine,1.0
36592815,A systematic evidence map of chronic inflammation and immunosuppression related to per- and polyfluo,Environmental research,2023,PFOA,hepatotoxicity,1.0
36592815,A systematic evidence map of chronic inflammation and immunosuppression related to per- and polyfluo,Environmental research,2023,PFOA,immunotoxicity,1.0
36592815,A systematic evidence map of chronic inflammation and immunosuppression related to per- and polyfluo,Environmental research,2023,PFOS,hepatotoxicity,1.0
36592815,A systematic evidence map of chronic inflammation and immunosuppression related to per- and polyfluo,Environmental research,2023,PFOS,immunotoxicity,1.0
38982538,Childhood PFAS exposure and immunotoxicity: a systematic review and meta-analysis of human studies.,Systematic reviews,2024,PFOA,hepatotoxicity,1.0
38982538,Childhood PFAS exposure and immunotoxicity: a systematic review and meta-analysis of human studies.,Systematic reviews,2024,PFOA,immunotoxicity,1.0
38982538,Childhood PFAS exposure and immunotoxicity: a systematic review and meta-analysis of human studies.,Systematic reviews,2024,PFOS,hepatotoxicity,1.0
38982538,Childhood PFAS exposure and immunotoxicity: a systematic review and meta-analysis of human studies.,Systematic reviews,2024,PFOS,immunotoxicity,1.0
38982538,Childhood PFAS exposure and immunotoxicity: a systematic review and meta-analysis of human studies.,Systematic reviews,2024,PFNA,hepatotoxicity,1.0
38982538,Childhood PFAS exposure and immunotoxicity: a systematic review and meta-analysis of human studies.,Systematic reviews,2024,PFNA,immunotoxicity,1.0
38982538,Childhood PFAS exposure and immunotoxicity: a systematic review and meta-analysis of human studies.,Systematic reviews,2024,PFHxS,hepatotoxicity,1.0
38982538,Childhood PFAS exposure and immunotoxicity: a systematic review and meta-analysis of human studies.,Systematic reviews,2024,PFHxS,immunotoxicity,1.0
40024759,"Per- and polyfluoroalkyl substances: toxicokinetics, exposure and health risks.",The Journal of toxicological sciences,2025,PFOA,hepatotoxicity,1.0
40024759,"Per- and polyfluoroalkyl substances: toxicokinetics, exposure and health risks.",The Journal of toxicological sciences,2025,PFOS,hepatotoxicity,1.0
36473658,PFAS-induced lipidomic dysregulations and their associations with developmental toxicity in zebrafis,The Science of the total environment,2023,PFOA,developmental,1.0
36473658,PFAS-induced lipidomic dysregulations and their associations with developmental toxicity in zebrafis,The Science of the total environment,2023,PFOS,developmental,1.0
36947184,A review of cardiovascular effects and underlying mechanisms of legacy and emerging per- and polyflu,Archives of toxicology,2023,PFOA,hepatotoxicity,1.0
36947184,A review of cardiovascular effects and underlying mechanisms of legacy and emerging per- and polyflu,Archives of toxicology,2023,PFOA,BCF,1.0
36947184,A review of cardiovascular effects and underlying mechanisms of legacy and emerging per- and polyflu,Archives of toxicology,2023,PFOS,hepatotoxicity,1.0
36947184,A review of cardiovascular effects and underlying mechanisms of legacy and emerging per- and polyflu,Archives of toxicology,2023,PFOS,BCF,1.0
36947184,A review of cardiovascular effects and underlying mechanisms of legacy and emerging per- and polyflu,Archives of toxicology,2023,PFHxS,hepatotoxicity,1.0
36947184,A review of cardiovascular effects and underlying mechanisms of legacy and emerging per- and polyflu,Archives of toxicology,2023,PFHxS,BCF,1.0
39665760,Increased perfluorooctanoic acid accumulation facilitates the migration and invasion of lung cancer ,Proceedings of the National Academy of Sciences of the United States of America,2024,PFOA,hepatotoxicity,1.0
39665760,Increased perfluorooctanoic acid accumulation facilitates the migration and invasion of lung cancer ,Proceedings of the National Academy of Sciences of the United States of America,2024,PFOA,immunotoxicity,1.0
39454342,"Prenatal exposure to per- and polyfluoroalkyl substances, fetoplacental hemodynamics, and fetal grow",Environment international,2024,PFOS,developmental,1.0
36255596,Occurrence and Risks of Per- and Polyfluoroalkyl Substances in Shellfish.,Current environmental health reports,2022,PFOS,hepatotoxicity,1.0
36255596,Occurrence and Risks of Per- and Polyfluoroalkyl Substances in Shellfish.,Current environmental health reports,2022,PFOS,BCF,1.0
38501493,Per- and Polyfluoroalkyl Substances in Water (2008-2022) and Fish (2015-2022) in The Netherlands: Sp,Environmental toxicology and chemistry,2024,PFOA,hepatotoxicity,1.0
38501493,Per- and Polyfluoroalkyl Substances in Water (2008-2022) and Fish (2015-2022) in The Netherlands: Sp,Environmental toxicology and chemistry,2024,PFOA,BCF,1.0
38501493,Per- and Polyfluoroalkyl Substances in Water (2008-2022) and Fish (2015-2022) in The Netherlands: Sp,Environmental toxicology and chemistry,2024,PFOS,hepatotoxicity,1.0
38501493,Per- and Polyfluoroalkyl Substances in Water (2008-2022) and Fish (2015-2022) in The Netherlands: Sp,Environmental toxicology and chemistry,2024,PFOS,BCF,1.0
41043503,Gestational PFAS concentrations in association with maternal depression and perceived stress during ,Environmental research,2025,PFOA,hepatotoxicity,1.0
41043503,Gestational PFAS concentrations in association with maternal depression and perceived stress during ,Environmental research,2025,PFOS,hepatotoxicity,1.0
41043503,Gestational PFAS concentrations in association with maternal depression and perceived stress during ,Environmental research,2025,PFDA,hepatotoxicity,1.0
40255499,"Constitutive androstane receptor, liver pathophysiology and chemical contaminants: current evidence ",Frontiers in endocrinology,2025,PFOA,hepatotoxicity,1.0
40255499,"Constitutive androstane receptor, liver pathophysiology and chemical contaminants: current evidence ",Frontiers in endocrinology,2025,PFOA,endocrine,1.0
37976959,"Environmental impacts, exposure pathways, and health effects of PFOA and PFOS.",Ecotoxicology and environmental safety,2023,PFOA,hepatotoxicity,1.0
37976959,"Environmental impacts, exposure pathways, and health effects of PFOA and PFOS.",Ecotoxicology and environmental safety,2023,PFOA,BCF,1.0
37976959,"Environmental impacts, exposure pathways, and health effects of PFOA and PFOS.",Ecotoxicology and environmental safety,2023,PFOS,hepatotoxicity,1.0
37976959,"Environmental impacts, exposure pathways, and health effects of PFOA and PFOS.",Ecotoxicology and environmental safety,2023,PFOS,BCF,1.0
35416231,PFAS on atmospheric aerosol particles: a review.,Environmental science. Processes & impacts,2023,PFOA,hepatotoxicity,
35416231,PFAS on atmospheric aerosol particles: a review.,Environmental science. Processes & impacts,2023,PFOS,hepatotoxicity,
41411415,Risks of per- and polyfluoroalkyl substance exposure through marine fish consumption.,"Science (New York, N.Y.)",2025,PFOA,hepatotoxicity,1.0
41411415,Risks of per- and polyfluoroalkyl substance exposure through marine fish consumption.,"Science (New York, N.Y.)",2025,PFOS,hepatotoxicity,1.0
40444251,Association between perfluoroalkyl and polyfluoroalkyl substances and adolescents' sleep disorders: ,Frontiers in nutrition,2025,PFOA,hepatotoxicity,1.0
40444251,Association between perfluoroalkyl and polyfluoroalkyl substances and adolescents' sleep disorders: ,Frontiers in nutrition,2025,PFOA,endocrine,1.0
40444251,Association between perfluoroalkyl and polyfluoroalkyl substances and adolescents' sleep disorders: ,Frontiers in nutrition,2025,PFOS,hepatotoxicity,1.0
40444251,Association between perfluoroalkyl and polyfluoroalkyl substances and adolescents' sleep disorders: ,Frontiers in nutrition,2025,PFOS,endocrine,1.0
40444251,Association between perfluoroalkyl and polyfluoroalkyl substances and adolescents' sleep disorders: ,Frontiers in nutrition,2025,PFNA,hepatotoxicity,1.0
40444251,Association between perfluoroalkyl and polyfluoroalkyl substances and adolescents' sleep disorders: ,Frontiers in nutrition,2025,PFNA,endocrine,1.0
38609943,Associations of per- and polyfluoroalkyl substances (PFAS) and their mixture with risk of rheumatoid,Environmental health : a global access science source,2024,PFOA,immunotoxicity,1.0
38609943,Associations of per- and polyfluoroalkyl substances (PFAS) and their mixture with risk of rheumatoid,Environmental health : a global access science source,2024,PFNA,immunotoxicity,1.0
38609943,Associations of per- and polyfluoroalkyl substances (PFAS) and their mixture with risk of rheumatoid,Environmental health : a global access science source,2024,PFDA,immunotoxicity,1.0
38609943,Associations of per- and polyfluoroalkyl substances (PFAS) and their mixture with risk of rheumatoid,Environmental health : a global access science source,2024,PFHxS,immunotoxicity,1.0
36848373,Bioaccumulation of Per- and Polyfluoroalkyl Substances (PFAS) in Ferns: Effect of PFAS Molecular Str,Environmental science & technology,2023,PFOS,hepatotoxicity,1.0
36848373,Bioaccumulation of Per- and Polyfluoroalkyl Substances (PFAS) in Ferns: Effect of PFAS Molecular Str,Environmental science & technology,2023,PFOS,BCF,1.0
40937346,"Characteristics of Spatial Distribution, Health Risk Assessment, and Regulation of PFAS in Global Dr",China CDC weekly,2025,PFOA,hepatotoxicity,
40937346,"Characteristics of Spatial Distribution, Health Risk Assessment, and Regulation of PFAS in Global Dr",China CDC weekly,2025,PFOS,hepatotoxicity,
40937346,"Characteristics of Spatial Distribution, Health Risk Assessment, and Regulation of PFAS in Global Dr",China CDC weekly,2025,PFNA,hepatotoxicity,
40937346,"Characteristics of Spatial Distribution, Health Risk Assessment, and Regulation of PFAS in Global Dr",China CDC weekly,2025,PFHxA,hepatotoxicity,
40937346,"Characteristics of Spatial Distribution, Health Risk Assessment, and Regulation of PFAS in Global Dr",China CDC weekly,2025,PFBA,hepatotoxicity,
40937346,"Characteristics of Spatial Distribution, Health Risk Assessment, and Regulation of PFAS in Global Dr",China CDC weekly,2025,PFHxS,hepatotoxicity,
33744484,Environmental exposure to per- and polyfluoroalkyl substances mixture and male reproductive hormones,Environment international,2021,PFOA,hepatotoxicity,1.0
33744484,Environmental exposure to per- and polyfluoroalkyl substances mixture and male reproductive hormones,Environment international,2021,PFOA,endocrine,1.0
33744484,Environmental exposure to per- and polyfluoroalkyl substances mixture and male reproductive hormones,Environment international,2021,PFOS,hepatotoxicity,1.0
33744484,Environmental exposure to per- and polyfluoroalkyl substances mixture and male reproductive hormones,Environment international,2021,PFOS,endocrine,1.0
39486543,"The trends of per-and polyfluoroalkyl substances (pfas) in drinking water systems in Maryland, Unite",The Science of the total environment,2024,PFOA,hepatotoxicity,1.0
39486543,"The trends of per-and polyfluoroalkyl substances (pfas) in drinking water systems in Maryland, Unite",The Science of the total environment,2024,PFOS,hepatotoxicity,1.0
39955867,Association between exposure to per- and polyfluoroalkyl substances (PFAS) and chronic cough in Amer,Ecotoxicology and environmental safety,2025,PFBS,hepatotoxicity,1.0
35569538,Health-related toxicity of emerging per- and polyfluoroalkyl substances: Comparison to legacy PFOS a,Environmental research,2022,PFOA,hepatotoxicity,1.0
35569538,Health-related toxicity of emerging per- and polyfluoroalkyl substances: Comparison to legacy PFOS a,Environmental research,2022,PFOA,immunotoxicity,1.0
35569538,Health-related toxicity of emerging per- and polyfluoroalkyl substances: Comparison to legacy PFOS a,Environmental research,2022,PFOA,endocrine,1.0
35569538,Health-related toxicity of emerging per- and polyfluoroalkyl substances: Comparison to legacy PFOS a,Environmental research,2022,PFOS,hepatotoxicity,1.0
35569538,Health-related toxicity of emerging per- and polyfluoroalkyl substances: Comparison to legacy PFOS a,Environmental research,2022,PFOS,immunotoxicity,1.0
35569538,Health-related toxicity of emerging per- and polyfluoroalkyl substances: Comparison to legacy PFOS a,Environmental research,2022,PFOS,endocrine,1.0
40434424,Neurodevelopmental toxicity and mechanism of chlorinated polyfluoroalkyl ether sulfonate alternative,Archives of toxicology,2025,PFOS,hepatotoxicity,1.0
40434424,Neurodevelopmental toxicity and mechanism of chlorinated polyfluoroalkyl ether sulfonate alternative,Archives of toxicology,2025,PFOS,developmental,1.0
38941944,Quantifying levels of per- and polyfluoroalkyl Substances (PFAS) in water and serum after contaminat,Environment international,2024,PFOA,hepatotoxicity,1.0
38941944,Quantifying levels of per- and polyfluoroalkyl Substances (PFAS) in water and serum after contaminat,Environment international,2024,PFOS,hepatotoxicity,1.0
38941944,Quantifying levels of per- and polyfluoroalkyl Substances (PFAS) in water and serum after contaminat,Environment international,2024,PFNA,hepatotoxicity,1.0
38941944,Quantifying levels of per- and polyfluoroalkyl Substances (PFAS) in water and serum after contaminat,Environment international,2024,PFDA,hepatotoxicity,1.0
38941944,Quantifying levels of per- and polyfluoroalkyl Substances (PFAS) in water and serum after contaminat,Environment international,2024,PFHxA,hepatotoxicity,1.0
38941944,Quantifying levels of per- and polyfluoroalkyl Substances (PFAS) in water and serum after contaminat,Environment international,2024,PFHxS,hepatotoxicity,1.0
33984575,"Environmental exposure to perfluoroalkyl substances in early pregnancy, maternal glucose homeostasis",Environment international,2021,PFOS,hepatotoxicity,1.0
33984575,"Environmental exposure to perfluoroalkyl substances in early pregnancy, maternal glucose homeostasis",Environment international,2021,PFOS,developmental,1.0
33984575,"Environmental exposure to perfluoroalkyl substances in early pregnancy, maternal glucose homeostasis",Environment international,2021,PFNA,hepatotoxicity,1.0
33984575,"Environmental exposure to perfluoroalkyl substances in early pregnancy, maternal glucose homeostasis",Environment international,2021,PFNA,developmental,1.0
33984575,"Environmental exposure to perfluoroalkyl substances in early pregnancy, maternal glucose homeostasis",Environment international,2021,PFDA,hepatotoxicity,1.0
33984575,"Environmental exposure to perfluoroalkyl substances in early pregnancy, maternal glucose homeostasis",Environment international,2021,PFDA,developmental,1.0
33984575,"Environmental exposure to perfluoroalkyl substances in early pregnancy, maternal glucose homeostasis",Environment international,2021,PFBS,hepatotoxicity,1.0
33984575,"Environmental exposure to perfluoroalkyl substances in early pregnancy, maternal glucose homeostasis",Environment international,2021,PFBS,developmental,1.0
33984575,"Environmental exposure to perfluoroalkyl substances in early pregnancy, maternal glucose homeostasis",Environment international,2021,PFHxS,hepatotoxicity,1.0
33984575,"Environmental exposure to perfluoroalkyl substances in early pregnancy, maternal glucose homeostasis",Environment international,2021,PFHxS,developmental,1.0
37355130,PFAS levels in paired drinking water and serum samples collected from an exposed community in Centra,The Science of the total environment,2023,PFOA,hepatotoxicity,1.0
37355130,PFAS levels in paired drinking water and serum samples collected from an exposed community in Centra,The Science of the total environment,2023,PFOS,hepatotoxicity,1.0
37355130,PFAS levels in paired drinking water and serum samples collected from an exposed community in Centra,The Science of the total environment,2023,PFHxA,hepatotoxicity,1.0
37355130,PFAS levels in paired drinking water and serum samples collected from an exposed community in Centra,The Science of the total environment,2023,PFHxS,hepatotoxicity,1.0
41260040,Multi-dimensional insights into the association between PFOA exposure and NAFLD: An integrative anal,Ecotoxicology and environmental safety,2025,PFOA,hepatotoxicity,1.0
40215916,Maternal exposure to per- and polyfluoroalkyl substances and epitope level antibody response to vacc,Environment international,2025,PFOS,hepatotoxicity,1.0
40215916,Maternal exposure to per- and polyfluoroalkyl substances and epitope level antibody response to vacc,Environment international,2025,PFOS,immunotoxicity,1.0
40215916,Maternal exposure to per- and polyfluoroalkyl substances and epitope level antibody response to vacc,Environment international,2025,PFOS,developmental,1.0
40215916,Maternal exposure to per- and polyfluoroalkyl substances and epitope level antibody response to vacc,Environment international,2025,PFHxS,hepatotoxicity,1.0
40215916,Maternal exposure to per- and polyfluoroalkyl substances and epitope level antibody response to vacc,Environment international,2025,PFHxS,immunotoxicity,1.0
40215916,Maternal exposure to per- and polyfluoroalkyl substances and epitope level antibody response to vacc,Environment international,2025,PFHxS,developmental,1.0
29405365,Immunotoxicity in green mussels under perfluoroalkyl substance (PFAS) exposure: Reversible response ,Environmental toxicology and chemistry,2018,PFOA,hepatotoxicity,1.0
29405365,Immunotoxicity in green mussels under perfluoroalkyl substance (PFAS) exposure: Reversible response ,Environmental toxicology and chemistry,2018,PFOA,immunotoxicity,1.0
29405365,Immunotoxicity in green mussels under perfluoroalkyl substance (PFAS) exposure: Reversible response ,Environmental toxicology and chemistry,2018,PFOA,BCF,1.0
29405365,Immunotoxicity in green mussels under perfluoroalkyl substance (PFAS) exposure: Reversible response ,Environmental toxicology and chemistry,2018,PFOS,hepatotoxicity,1.0
29405365,Immunotoxicity in green mussels under perfluoroalkyl substance (PFAS) exposure: Reversible response ,Environmental toxicology and chemistry,2018,PFOS,immunotoxicity,1.0
29405365,Immunotoxicity in green mussels under perfluoroalkyl substance (PFAS) exposure: Reversible response ,Environmental toxicology and chemistry,2018,PFOS,BCF,1.0
29405365,Immunotoxicity in green mussels under perfluoroalkyl substance (PFAS) exposure: Reversible response ,Environmental toxicology and chemistry,2018,PFNA,hepatotoxicity,1.0
29405365,Immunotoxicity in green mussels under perfluoroalkyl substance (PFAS) exposure: Reversible response ,Environmental toxicology and chemistry,2018,PFNA,immunotoxicity,1.0
29405365,Immunotoxicity in green mussels under perfluoroalkyl substance (PFAS) exposure: Reversible response ,Environmental toxicology and chemistry,2018,PFNA,BCF,1.0
29405365,Immunotoxicity in green mussels under perfluoroalkyl substance (PFAS) exposure: Reversible response ,Environmental toxicology and chemistry,2018,PFDA,hepatotoxicity,1.0
29405365,Immunotoxicity in green mussels under perfluoroalkyl substance (PFAS) exposure: Reversible response ,Environmental toxicology and chemistry,2018,PFDA,immunotoxicity,1.0
29405365,Immunotoxicity in green mussels under perfluoroalkyl substance (PFAS) exposure: Reversible response ,Environmental toxicology and chemistry,2018,PFDA,BCF,1.0
38900403,A review of electrooxidation systems treatment of poly-fluoroalkyl substances (PFAS): electrooxidati,Environmental science and pollution research international,2024,PFOS,hepatotoxicity,1.0
41257450,A comparative toxicological and epidemiological evaluation of dioxins and PFAS chemicals.,Critical reviews in toxicology,2025,PFOA,hepatotoxicity,1.0
41257450,A comparative toxicological and epidemiological evaluation of dioxins and PFAS chemicals.,Critical reviews in toxicology,2025,PFOS,hepatotoxicity,1.0
37235269,"Maternal Serum, Cord and Human Milk Levels of Per- and Polyfluoroalkyl Substances (PFAS), Associatio",Toxics,2023,PFOA,hepatotoxicity,1.0
37235269,"Maternal Serum, Cord and Human Milk Levels of Per- and Polyfluoroalkyl Substances (PFAS), Associatio",Toxics,2023,PFOA,developmental,1.0
37235269,"Maternal Serum, Cord and Human Milk Levels of Per- and Polyfluoroalkyl Substances (PFAS), Associatio",Toxics,2023,PFOS,hepatotoxicity,1.0
37235269,"Maternal Serum, Cord and Human Milk Levels of Per- and Polyfluoroalkyl Substances (PFAS), Associatio",Toxics,2023,PFOS,developmental,1.0
37235269,"Maternal Serum, Cord and Human Milk Levels of Per- and Polyfluoroalkyl Substances (PFAS), Associatio",Toxics,2023,PFNA,hepatotoxicity,1.0
37235269,"Maternal Serum, Cord and Human Milk Levels of Per- and Polyfluoroalkyl Substances (PFAS), Associatio",Toxics,2023,PFNA,developmental,1.0
37235269,"Maternal Serum, Cord and Human Milk Levels of Per- and Polyfluoroalkyl Substances (PFAS), Associatio",Toxics,2023,PFDA,hepatotoxicity,1.0
37235269,"Maternal Serum, Cord and Human Milk Levels of Per- and Polyfluoroalkyl Substances (PFAS), Associatio",Toxics,2023,PFDA,developmental,1.0
37235269,"Maternal Serum, Cord and Human Milk Levels of Per- and Polyfluoroalkyl Substances (PFAS), Associatio",Toxics,2023,PFHxS,hepatotoxicity,1.0
37235269,"Maternal Serum, Cord and Human Milk Levels of Per- and Polyfluoroalkyl Substances (PFAS), Associatio",Toxics,2023,PFHxS,developmental,1.0
37600128,"Dataset of surveyed PFAS in water, sediment, and soil of Fountain Creek Watershed, Colorado, USA.",Data in brief,2023,PFOA,hepatotoxicity,1.0
37600128,"Dataset of surveyed PFAS in water, sediment, and soil of Fountain Creek Watershed, Colorado, USA.",Data in brief,2023,PFOS,hepatotoxicity,1.0
26492286,Perfluoroalkyl and polyfluoroalkyl substances and indicators of immune function in children aged 12-,Pediatric research,2016,PFOS,hepatotoxicity,1.0
26492286,Perfluoroalkyl and polyfluoroalkyl substances and indicators of immune function in children aged 12-,Pediatric research,2016,PFOS,immunotoxicity,1.0
39547057,Exposure to perfluorodecanoic acid impairs follicular development via inducing granulosa cell necrop,Ecotoxicology and environmental safety,2024,PFOA,hepatotoxicity,1.0
39547057,Exposure to perfluorodecanoic acid impairs follicular development via inducing granulosa cell necrop,Ecotoxicology and environmental safety,2024,PFNA,hepatotoxicity,1.0
39547057,Exposure to perfluorodecanoic acid impairs follicular development via inducing granulosa cell necrop,Ecotoxicology and environmental safety,2024,PFDA,hepatotoxicity,1.0
35121495,Human exposure to F-53B in China and the evaluation of its potential toxicity: An overview.,Environment international,2022,PFOS,hepatotoxicity,1.0
35121495,Human exposure to F-53B in China and the evaluation of its potential toxicity: An overview.,Environment international,2022,PFOS,endocrine,1.0
35121495,Human exposure to F-53B in China and the evaluation of its potential toxicity: An overview.,Environment international,2022,PFOS,developmental,1.0
41347043,Decoding PFAS immunotoxicity: a NAMs-based comparison of short vs. long chains.,Frontiers in toxicology,2025,PFOA,hepatotoxicity,1.0
41347043,Decoding PFAS immunotoxicity: a NAMs-based comparison of short vs. long chains.,Frontiers in toxicology,2025,PFOA,immunotoxicity,1.0
41347043,Decoding PFAS immunotoxicity: a NAMs-based comparison of short vs. long chains.,Frontiers in toxicology,2025,PFOS,hepatotoxicity,1.0
41347043,Decoding PFAS immunotoxicity: a NAMs-based comparison of short vs. long chains.,Frontiers in toxicology,2025,PFOS,immunotoxicity,1.0
41347043,Decoding PFAS immunotoxicity: a NAMs-based comparison of short vs. long chains.,Frontiers in toxicology,2025,PFNA,hepatotoxicity,1.0
41347043,Decoding PFAS immunotoxicity: a NAMs-based comparison of short vs. long chains.,Frontiers in toxicology,2025,PFNA,immunotoxicity,1.0
41347043,Decoding PFAS immunotoxicity: a NAMs-based comparison of short vs. long chains.,Frontiers in toxicology,2025,PFHxA,hepatotoxicity,1.0
41347043,Decoding PFAS immunotoxicity: a NAMs-based comparison of short vs. long chains.,Frontiers in toxicology,2025,PFHxA,immunotoxicity,1.0
41347043,Decoding PFAS immunotoxicity: a NAMs-based comparison of short vs. long chains.,Frontiers in toxicology,2025,PFBA,hepatotoxicity,1.0
41347043,Decoding PFAS immunotoxicity: a NAMs-based comparison of short vs. long chains.,Frontiers in toxicology,2025,PFBA,immunotoxicity,1.0
41347043,Decoding PFAS immunotoxicity: a NAMs-based comparison of short vs. long chains.,Frontiers in toxicology,2025,PFBS,hepatotoxicity,1.0
41347043,Decoding PFAS immunotoxicity: a NAMs-based comparison of short vs. long chains.,Frontiers in toxicology,2025,PFBS,immunotoxicity,1.0
41347043,Decoding PFAS immunotoxicity: a NAMs-based comparison of short vs. long chains.,Frontiers in toxicology,2025,PFHxS,hepatotoxicity,1.0
41347043,Decoding PFAS immunotoxicity: a NAMs-based comparison of short vs. long chains.,Frontiers in toxicology,2025,PFHxS,immunotoxicity,1.0
41347043,Decoding PFAS immunotoxicity: a NAMs-based comparison of short vs. long chains.,Frontiers in toxicology,2025,TFA,hepatotoxicity,1.0
41347043,Decoding PFAS immunotoxicity: a NAMs-based comparison of short vs. long chains.,Frontiers in toxicology,2025,TFA,immunotoxicity,1.0
33751946,Epigenetic changes by per- and polyfluoroalkyl substances (PFAS).,"Environmental pollution (Barking, Essex : 1987)",2021,PFOA,hepatotoxicity,1.0
33751946,Epigenetic changes by per- and polyfluoroalkyl substances (PFAS).,"Environmental pollution (Barking, Essex : 1987)",2021,PFOA,developmental,1.0
33751946,Epigenetic changes by per- and polyfluoroalkyl substances (PFAS).,"Environmental pollution (Barking, Essex : 1987)",2021,PFOS,hepatotoxicity,1.0
33751946,Epigenetic changes by per- and polyfluoroalkyl substances (PFAS).,"Environmental pollution (Barking, Essex : 1987)",2021,PFOS,developmental,1.0
41304483,Cumulative Exposure and Health Risk Assessment of PFAS in Animal-Derived Foods Using the Relative Po,Toxics,2025,PFOA,hepatotoxicity,1.0
41304483,Cumulative Exposure and Health Risk Assessment of PFAS in Animal-Derived Foods Using the Relative Po,Toxics,2025,PFOA,immunotoxicity,1.0
41304483,Cumulative Exposure and Health Risk Assessment of PFAS in Animal-Derived Foods Using the Relative Po,Toxics,2025,PFOS,hepatotoxicity,1.0
41304483,Cumulative Exposure and Health Risk Assessment of PFAS in Animal-Derived Foods Using the Relative Po,Toxics,2025,PFOS,immunotoxicity,1.0
41304483,Cumulative Exposure and Health Risk Assessment of PFAS in Animal-Derived Foods Using the Relative Po,Toxics,2025,PFNA,hepatotoxicity,1.0
41304483,Cumulative Exposure and Health Risk Assessment of PFAS in Animal-Derived Foods Using the Relative Po,Toxics,2025,PFNA,immunotoxicity,1.0
41304483,Cumulative Exposure and Health Risk Assessment of PFAS in Animal-Derived Foods Using the Relative Po,Toxics,2025,PFDA,hepatotoxicity,1.0
41304483,Cumulative Exposure and Health Risk Assessment of PFAS in Animal-Derived Foods Using the Relative Po,Toxics,2025,PFDA,immunotoxicity,1.0
41304483,Cumulative Exposure and Health Risk Assessment of PFAS in Animal-Derived Foods Using the Relative Po,Toxics,2025,PFHxS,hepatotoxicity,1.0
41304483,Cumulative Exposure and Health Risk Assessment of PFAS in Animal-Derived Foods Using the Relative Po,Toxics,2025,PFHxS,immunotoxicity,1.0
39389246,"Exposure to PFOA, PFOS, and PFHxS induces Alzheimer's disease-like neuropathology in cerebral organo","Environmental pollution (Barking, Essex : 1987)",2024,PFOA,hepatotoxicity,1.0
39389246,"Exposure to PFOA, PFOS, and PFHxS induces Alzheimer's disease-like neuropathology in cerebral organo","Environmental pollution (Barking, Essex : 1987)",2024,PFOS,hepatotoxicity,1.0
39389246,"Exposure to PFOA, PFOS, and PFHxS induces Alzheimer's disease-like neuropathology in cerebral organo","Environmental pollution (Barking, Essex : 1987)",2024,PFHxS,hepatotoxicity,1.0
41222812,Assessing PFAS mixture exposure and thyroid function in U.S. adolescents: insights from NHANES 2011-,Environmental science and pollution research international,2025,PFOA,hepatotoxicity,1.0
41222812,Assessing PFAS mixture exposure and thyroid function in U.S. adolescents: insights from NHANES 2011-,Environmental science and pollution research international,2025,PFOA,endocrine,1.0
41222812,Assessing PFAS mixture exposure and thyroid function in U.S. adolescents: insights from NHANES 2011-,Environmental science and pollution research international,2025,PFOS,hepatotoxicity,1.0
41222812,Assessing PFAS mixture exposure and thyroid function in U.S. adolescents: insights from NHANES 2011-,Environmental science and pollution research international,2025,PFOS,endocrine,1.0
41222812,Assessing PFAS mixture exposure and thyroid function in U.S. adolescents: insights from NHANES 2011-,Environmental science and pollution research international,2025,PFNA,hepatotoxicity,1.0
41222812,Assessing PFAS mixture exposure and thyroid function in U.S. adolescents: insights from NHANES 2011-,Environmental science and pollution research international,2025,PFNA,endocrine,1.0
41222812,Assessing PFAS mixture exposure and thyroid function in U.S. adolescents: insights from NHANES 2011-,Environmental science and pollution research international,2025,PFDA,hepatotoxicity,1.0
41222812,Assessing PFAS mixture exposure and thyroid function in U.S. adolescents: insights from NHANES 2011-,Environmental science and pollution research international,2025,PFDA,endocrine,1.0
41222812,Assessing PFAS mixture exposure and thyroid function in U.S. adolescents: insights from NHANES 2011-,Environmental science and pollution research international,2025,PFHxS,hepatotoxicity,1.0
41222812,Assessing PFAS mixture exposure and thyroid function in U.S. adolescents: insights from NHANES 2011-,Environmental science and pollution research international,2025,PFHxS,endocrine,1.0
37429082,Exposures to perfluoroalkyl substances and asthma phenotypes in childhood: an investigation of the C,EBioMedicine,2023,PFOA,hepatotoxicity,1.0
37429082,Exposures to perfluoroalkyl substances and asthma phenotypes in childhood: an investigation of the C,EBioMedicine,2023,PFOA,immunotoxicity,1.0
37429082,Exposures to perfluoroalkyl substances and asthma phenotypes in childhood: an investigation of the C,EBioMedicine,2023,PFOS,hepatotoxicity,1.0
37429082,Exposures to perfluoroalkyl substances and asthma phenotypes in childhood: an investigation of the C,EBioMedicine,2023,PFOS,immunotoxicity,1.0
40268267,Mitigation of PFAS toxicity through sorbent treatment in Sprague-Dawley rats during prenatal and pos,Toxicology,2025,PFOS,hepatotoxicity,1.0
41418635,PFOS-induced black liver and hepatic aging in mice: A new paradigm in environmental hepatotoxicology,Environment international,2026,PFOS,hepatotoxicity,1.0
41288385,Toxicokinetic Profiling and Developmental Toxicity of Long-Chain Per- and Polyfluoroalkyl Substances,Environmental science & technology,2025,PFOS,hepatotoxicity,1.0
41288385,Toxicokinetic Profiling and Developmental Toxicity of Long-Chain Per- and Polyfluoroalkyl Substances,Environmental science & technology,2025,PFOS,developmental,1.0
41288385,Toxicokinetic Profiling and Developmental Toxicity of Long-Chain Per- and Polyfluoroalkyl Substances,Environmental science & technology,2025,PFOS,BCF,1.0
41288385,Toxicokinetic Profiling and Developmental Toxicity of Long-Chain Per- and Polyfluoroalkyl Substances,Environmental science & technology,2025,PFDA,hepatotoxicity,1.0
41288385,Toxicokinetic Profiling and Developmental Toxicity of Long-Chain Per- and Polyfluoroalkyl Substances,Environmental science & technology,2025,PFDA,developmental,1.0
41288385,Toxicokinetic Profiling and Developmental Toxicity of Long-Chain Per- and Polyfluoroalkyl Substances,Environmental science & technology,2025,PFDA,BCF,1.0
38728818,"Do PFCAs drive the establishment of thyroid cancer microenvironment? Effects of C6O4, PFOA and PFHxA",Environment international,2024,PFOA,endocrine,1.0
38728818,"Do PFCAs drive the establishment of thyroid cancer microenvironment? Effects of C6O4, PFOA and PFHxA",Environment international,2024,PFHxA,endocrine,1.0
33918459,Prevalence and Predictors of Per- and Polyfluoroalkyl Substances (PFAS) Serum Levels among Members o,International journal of environmental research and public health,2021,PFNA,hepatotoxicity,1.0
33918459,Prevalence and Predictors of Per- and Polyfluoroalkyl Substances (PFAS) Serum Levels among Members o,International journal of environmental research and public health,2021,PFDA,hepatotoxicity,1.0
40795427,Serum perfluoroalkyl and polyfluoroalkyl substances and the risk of kidney function decline: Unravel,Ecotoxicology and environmental safety,2025,PFNA,hepatotoxicity,1.0
40795427,Serum perfluoroalkyl and polyfluoroalkyl substances and the risk of kidney function decline: Unravel,Ecotoxicology and environmental safety,2025,PFHxS,hepatotoxicity,1.0
37820795,Risk assessment and partitioning behavior of PFASs in environmental matrices from an e-waste recycli,The Science of the total environment,2023,PFBA,hepatotoxicity,1.0
37820795,Risk assessment and partitioning behavior of PFASs in environmental matrices from an e-waste recycli,The Science of the total environment,2023,PFBS,hepatotoxicity,1.0
40609416,Assessing the effect of perfluoroalkyl and polyfluoroalkyl substances on cardiovascular-kidney-metab,The Science of the total environment,2025,PFOS,hepatotoxicity,1.0
37256622,Association of Early Pregnancy Perfluoroalkyl and Polyfluoroalkyl Substance Exposure With Birth Outc,JAMA network open,2023,PFOA,hepatotoxicity,
37256622,Association of Early Pregnancy Perfluoroalkyl and Polyfluoroalkyl Substance Exposure With Birth Outc,JAMA network open,2023,PFOA,developmental,
37256622,Association of Early Pregnancy Perfluoroalkyl and Polyfluoroalkyl Substance Exposure With Birth Outc,JAMA network open,2023,PFOS,hepatotoxicity,
37256622,Association of Early Pregnancy Perfluoroalkyl and Polyfluoroalkyl Substance Exposure With Birth Outc,JAMA network open,2023,PFOS,developmental,
37256622,Association of Early Pregnancy Perfluoroalkyl and Polyfluoroalkyl Substance Exposure With Birth Outc,JAMA network open,2023,PFNA,hepatotoxicity,
37256622,Association of Early Pregnancy Perfluoroalkyl and Polyfluoroalkyl Substance Exposure With Birth Outc,JAMA network open,2023,PFNA,developmental,
39222733,Perfluoroalkyl substances exposure and the risk of breast cancer: A nested case-control study in Jin,Environmental research,2024,PFOA,hepatotoxicity,1.0
39222733,Perfluoroalkyl substances exposure and the risk of breast cancer: A nested case-control study in Jin,Environmental research,2024,PFOS,hepatotoxicity,1.0
39222733,Perfluoroalkyl substances exposure and the risk of breast cancer: A nested case-control study in Jin,Environmental research,2024,PFNA,hepatotoxicity,1.0
39222733,Perfluoroalkyl substances exposure and the risk of breast cancer: A nested case-control study in Jin,Environmental research,2024,PFDA,hepatotoxicity,1.0
39222733,Perfluoroalkyl substances exposure and the risk of breast cancer: A nested case-control study in Jin,Environmental research,2024,PFBA,hepatotoxicity,1.0
39222733,Perfluoroalkyl substances exposure and the risk of breast cancer: A nested case-control study in Jin,Environmental research,2024,PFHxS,hepatotoxicity,1.0
40439591,Per- and Polyfluoroalkyl Substances Suppress Macrophage Alternative Activation to Disrupt Hepatic Li,Chemical research in toxicology,2025,PFOA,hepatotoxicity,1.0
40194260,Exposure to Long- and Short-Chain Per- and Polyfluoroalkyl Substances in Mice and Ovarian-Related Ou,Environmental health perspectives,2025,PFOA,hepatotoxicity,1.0
40194260,Exposure to Long- and Short-Chain Per- and Polyfluoroalkyl Substances in Mice and Ovarian-Related Ou,Environmental health perspectives,2025,PFOA,BCF,1.0
40194260,Exposure to Long- and Short-Chain Per- and Polyfluoroalkyl Substances in Mice and Ovarian-Related Ou,Environmental health perspectives,2025,PFOS,hepatotoxicity,1.0
40194260,Exposure to Long- and Short-Chain Per- and Polyfluoroalkyl Substances in Mice and Ovarian-Related Ou,Environmental health perspectives,2025,PFOS,BCF,1.0
40194260,Exposure to Long- and Short-Chain Per- and Polyfluoroalkyl Substances in Mice and Ovarian-Related Ou,Environmental health perspectives,2025,PFNA,hepatotoxicity,1.0
40194260,Exposure to Long- and Short-Chain Per- and Polyfluoroalkyl Substances in Mice and Ovarian-Related Ou,Environmental health perspectives,2025,PFNA,BCF,1.0
34712855,"Perfluoroalkyl substances exposure and immunity, allergic response, infection, and asthma in childre",Heliyon,2021,PFOA,hepatotoxicity,1.0
34712855,"Perfluoroalkyl substances exposure and immunity, allergic response, infection, and asthma in childre",Heliyon,2021,PFOA,immunotoxicity,1.0
34712855,"Perfluoroalkyl substances exposure and immunity, allergic response, infection, and asthma in childre",Heliyon,2021,PFOA,developmental,1.0
34712855,"Perfluoroalkyl substances exposure and immunity, allergic response, infection, and asthma in childre",Heliyon,2021,PFOS,hepatotoxicity,1.0
34712855,"Perfluoroalkyl substances exposure and immunity, allergic response, infection, and asthma in childre",Heliyon,2021,PFOS,immunotoxicity,1.0
34712855,"Perfluoroalkyl substances exposure and immunity, allergic response, infection, and asthma in childre",Heliyon,2021,PFOS,developmental,1.0
34712855,"Perfluoroalkyl substances exposure and immunity, allergic response, infection, and asthma in childre",Heliyon,2021,PFHxS,hepatotoxicity,1.0
34712855,"Perfluoroalkyl substances exposure and immunity, allergic response, infection, and asthma in childre",Heliyon,2021,PFHxS,immunotoxicity,1.0
34712855,"Perfluoroalkyl substances exposure and immunity, allergic response, infection, and asthma in childre",Heliyon,2021,PFHxS,developmental,1.0
40503787,Mechanistic insights into PFOS-induced inflammatory bowel disease: a network toxicology and molecula,"International journal of surgery (London, England)",2025,PFOS,hepatotoxicity,1.0
40503787,Mechanistic insights into PFOS-induced inflammatory bowel disease: a network toxicology and molecula,"International journal of surgery (London, England)",2025,PFOS,immunotoxicity,1.0
39304148,Cross-cutting studies of per- and polyfluorinated alkyl substances (PFAS) in Arctic wildlife and hum,The Science of the total environment,2024,PFOS,hepatotoxicity,1.0
39304148,Cross-cutting studies of per- and polyfluorinated alkyl substances (PFAS) in Arctic wildlife and hum,The Science of the total environment,2024,PFOS,immunotoxicity,1.0
39304148,Cross-cutting studies of per- and polyfluorinated alkyl substances (PFAS) in Arctic wildlife and hum,The Science of the total environment,2024,PFOS,endocrine,1.0
39304148,Cross-cutting studies of per- and polyfluorinated alkyl substances (PFAS) in Arctic wildlife and hum,The Science of the total environment,2024,PFNA,hepatotoxicity,1.0
39304148,Cross-cutting studies of per- and polyfluorinated alkyl substances (PFAS) in Arctic wildlife and hum,The Science of the total environment,2024,PFNA,immunotoxicity,1.0
39304148,Cross-cutting studies of per- and polyfluorinated alkyl substances (PFAS) in Arctic wildlife and hum,The Science of the total environment,2024,PFNA,endocrine,1.0
40784096,PFOA exposure promotes prostate cancer progression by enhancing autophagy through m,Ecotoxicology and environmental safety,2025,PFOA,hepatotoxicity,
40784096,PFOA exposure promotes prostate cancer progression by enhancing autophagy through m,Ecotoxicology and environmental safety,2025,PFOA,BCF,
35702500,Per- and polyfluoroalkyl substances in drinking water and hypertensive disorders of pregnancy in the,"Environmental epidemiology (Philadelphia, Pa.)",2022,PFOA,hepatotoxicity,1.0
35702500,Per- and polyfluoroalkyl substances in drinking water and hypertensive disorders of pregnancy in the,"Environmental epidemiology (Philadelphia, Pa.)",2022,PFOA,developmental,1.0
35702500,Per- and polyfluoroalkyl substances in drinking water and hypertensive disorders of pregnancy in the,"Environmental epidemiology (Philadelphia, Pa.)",2022,PFOS,hepatotoxicity,1.0
35702500,Per- and polyfluoroalkyl substances in drinking water and hypertensive disorders of pregnancy in the,"Environmental epidemiology (Philadelphia, Pa.)",2022,PFOS,developmental,1.0
35702500,Per- and polyfluoroalkyl substances in drinking water and hypertensive disorders of pregnancy in the,"Environmental epidemiology (Philadelphia, Pa.)",2022,PFHxS,hepatotoxicity,1.0
35702500,Per- and polyfluoroalkyl substances in drinking water and hypertensive disorders of pregnancy in the,"Environmental epidemiology (Philadelphia, Pa.)",2022,PFHxS,developmental,1.0
39542374,"Clinical, histological, molecular, and toxicokinetic renal outcomes of per-/polyfluoroalkyl substanc",Chemosphere,2024,PFOA,hepatotoxicity,1.0
39542374,"Clinical, histological, molecular, and toxicokinetic renal outcomes of per-/polyfluoroalkyl substanc",Chemosphere,2024,PFOS,hepatotoxicity,1.0
35985433,Bioaccumulation and trophic transfer of perfluorinated alkyl substances (PFAS) in marine biota from ,"Environmental pollution (Barking, Essex : 1987)",2022,PFOS,hepatotoxicity,1.0
35985433,Bioaccumulation and trophic transfer of perfluorinated alkyl substances (PFAS) in marine biota from ,"Environmental pollution (Barking, Essex : 1987)",2022,PFOS,BCF,1.0
38345456,Mortality and cancer incidence in perfluorooctanesulfonyl fluoride production workers.,American journal of industrial medicine,2024,PFOS,hepatotoxicity,1.0
35263707,Systematic developmental toxicity assessment of a structurally diverse library of PFAS in zebrafish.,Journal of hazardous materials,2022,PFDA,hepatotoxicity,1.0
35263707,Systematic developmental toxicity assessment of a structurally diverse library of PFAS in zebrafish.,Journal of hazardous materials,2022,PFDA,developmental,1.0
