MaxAbsEStateIndex,MinAbsEStateIndex,MinEStateIndex,qed,SPS,MolWt,MaxPartialCharge,MinPartialCharge,MaxAbsPartialCharge,MinAbsPartialCharge,FpDensityMorgan1,FpDensityMorgan2,BCUT2D_MWHI,BCUT2D_MWLOW,BCUT2D_CHGHI,BCUT2D_CHGLO,BCUT2D_MRHI,BCUT2D_MRLOW,AvgIpc,BalabanJ,HallKierAlpha,Ipc,Kappa2,Kappa3,PEOE_VSA1,PEOE_VSA10,PEOE_VSA11,PEOE_VSA12,PEOE_VSA13,PEOE_VSA14,PEOE_VSA2,PEOE_VSA3,PEOE_VSA4,PEOE_VSA5,PEOE_VSA6,PEOE_VSA7,PEOE_VSA8,PEOE_VSA9,SMR_VSA10,SMR_VSA3,SMR_VSA4,SMR_VSA5,SMR_VSA6,SMR_VSA7,SMR_VSA9,SlogP_VSA1,SlogP_VSA11,SlogP_VSA12,SlogP_VSA3,SlogP_VSA4,SlogP_VSA5,SlogP_VSA6,SlogP_VSA7,SlogP_VSA8,TPSA,EState_VSA11,EState_VSA2,EState_VSA3,EState_VSA4,EState_VSA5,EState_VSA6,EState_VSA7,EState_VSA8,EState_VSA9,VSA_EState2,VSA_EState3,VSA_EState4,VSA_EState5,VSA_EState6,VSA_EState7,VSA_EState8,VSA_EState9,FractionCSP3,NHOHCount,NumAliphaticCarbocycles,NumAliphaticHeterocycles,NumAliphaticRings,NumAmideBonds,NumAromaticCarbocycles,NumAromaticHeterocycles,NumAtomStereoCenters,NumHDonors,NumRotatableBonds,NumUnspecifiedAtomStereoCenters,RingCount,MolLogP,fr_Al_COO,fr_Al_OH,fr_Al_OH_noTert,fr_ArN,fr_Ar_COO,fr_Ar_NH,fr_Ar_OH,fr_COO2,fr_C_O,fr_C_O_noCOO,fr_NH1,fr_NH2,fr_aldehyde,fr_aniline,fr_aryl_methyl,fr_azide,fr_bicyclic,fr_ether,fr_furan,fr_imidazole,fr_imide,fr_ketone,fr_methoxy,fr_para_hydroxylation,fr_phenol_noOrthoHbond,fr_phos_acid,fr_piperdine,fr_priamide,fr_pyridine,fr_thiazole,fr_unbrch_alkane,Morgan_1,Morgan_2,Morgan_3,Morgan_4,Morgan_5,Morgan_11,Morgan_13,Morgan_14,Morgan_15,Morgan_19,Morgan_22,Morgan_23,Morgan_24,Morgan_26,Morgan_28,Morgan_33,Morgan_36,Morgan_37,Morgan_53,Morgan_56,Morgan_59,Morgan_63,Morgan_64,Morgan_80,Morgan_85,Morgan_86,Morgan_87,Morgan_90,Morgan_91,Morgan_97,Morgan_106,Morgan_114,Morgan_118,Morgan_119,Morgan_121,Morgan_128,Morgan_131,Morgan_132,Morgan_135,Morgan_147,Morgan_151,Morgan_155,Morgan_160,Morgan_168,Morgan_175,Morgan_181,Morgan_184,Morgan_190,Morgan_191,Morgan_192,Morgan_202,Morgan_207,Morgan_210,Morgan_214,Morgan_221,Morgan_222,Morgan_225,Morgan_227,Morgan_231,Morgan_233,Morgan_238,Morgan_239,Morgan_243,Morgan_251,Morgan_262,Morgan_268,Morgan_274,Morgan_283,Morgan_284,Morgan_294,Morgan_301,Morgan_304,Morgan_314,Morgan_338,Morgan_340,Morgan_350,Morgan_352,Morgan_356,Morgan_361,Morgan_362,Morgan_363,Morgan_366,Morgan_372,Morgan_374,Morgan_375,Morgan_378,Morgan_381,Morgan_383,Morgan_386,Morgan_387,Morgan_389,Morgan_392,Morgan_399,Morgan_401,Morgan_419,Morgan_420,Morgan_428,Morgan_433,Morgan_445,Morgan_456,Morgan_458,Morgan_475,Morgan_482,Morgan_486,Morgan_492,Morgan_508,Morgan_522,Morgan_523,Morgan_534,Morgan_540,Morgan_541,Morgan_545,Morgan_560,Morgan_561,Morgan_569,Morgan_574,Morgan_579,Morgan_581,Morgan_588,Morgan_597,Morgan_598,Morgan_617,Morgan_632,Morgan_650,Morgan_656,Morgan_659,Morgan_666,Morgan_676,Morgan_684,Morgan_695,Morgan_698,Morgan_699,Morgan_709,Morgan_713,Morgan_715,Morgan_721,Morgan_726,Morgan_736,Morgan_741,Morgan_745,Morgan_759,Morgan_780,Morgan_789,Morgan_794,Morgan_803,Morgan_805,Morgan_806,Morgan_807,Morgan_814,Morgan_816,Morgan_828,Morgan_831,Morgan_842,Morgan_849,Morgan_863,Morgan_875,Morgan_886,Morgan_887,Morgan_893,Morgan_896,Morgan_916,Morgan_926,Morgan_934,Morgan_935,Morgan_950,Morgan_953,Morgan_972,Morgan_974,Morgan_981,Morgan_999,Morgan_1011,Morgan_1017,Morgan_1019,MACCS_37,MACCS_43,MACCS_48,MACCS_62,MACCS_65,MACCS_66,MACCS_72,MACCS_74,MACCS_77,MACCS_79,MACCS_80,MACCS_81,MACCS_82,MACCS_83,MACCS_85,MACCS_86,MACCS_87,MACCS_89,MACCS_90,MACCS_91,MACCS_92,MACCS_96,MACCS_97,MACCS_98,MACCS_100,MACCS_104,MACCS_106,MACCS_107,MACCS_109,MACCS_111,MACCS_112,MACCS_113,MACCS_116,MACCS_118,MACCS_120,MACCS_121,MACCS_123,MACCS_125,MACCS_127,MACCS_128,MACCS_129,MACCS_131,MACCS_132,MACCS_133,MACCS_135,MACCS_136,MACCS_137,MACCS_139,MACCS_140,MACCS_141,MACCS_144,MACCS_145,MACCS_146,MACCS_148,MACCS_149,MACCS_150,MACCS_151,MACCS_152,MACCS_153,MACCS_154,MACCS_156,MACCS_157,MACCS_158,MACCS_159,MACCS_161,MACCS_162,MACCS_163,MACCS_164,MACCS_165
11.328703703703704,3.1944444444444438,-6.015046296296296,0.5921491410095245,13.3,164.029,0.46485852389186955,-0.4765377406626594,0.4765377406626594,0.46485852389186955,1.1,1.4,19.42862406901576,10.328640152398094,2.6353306860171974,-2.1302200047294666,5.7578752684194985,-0.277437404411494,1.6172521756325944,4.568979241768044,-0.8800000000000003,69.54184355220156,2.064650867914837,1.337560529335762,5.106527394840706,0.0,0.0,0.0,0.0,18.0681329734899,0.0,4.794537184071822,21.9520752383741,0.0,0.0,0.0,0.0,0.0,5.969305287951849,0.0,0.0,12.098827685538051,0.0,0.0,0.0,0.0,0.0,0.0,4.794537184071822,0.0,0.0,0.0,0.0,0.0,37.3,0.0,0.0,0.0,0.0,0.0,0.0,0.0,0.0,5.106527394840706,9.197708333333333,7.306875,0.0,-8.840277777777777,0.0,-6.015046296296296,0.0,0.0,0.6666666666666666,1.0,0.0,0.0,0.0,0.0,0.0,0.0,0.0,1.0,1.0,0.0,0.0,1.2686,1.0,0.0,0.0,0.0,0.0,0.0,0.0,1.0,1.0,0.0,0.0,0.0,0.0,0.0,0.0,0.0,0.0,0.0,0.0,0.0,0.0,0.0,0.0,0.0,0.0,0.0,0.0,0.0,0.0,0.0,0.0,0,0,0,0,0,0,0,0,0,0,0,0,0,0,0,0,0,0,0,0,1,0,0,0,0,0,0,0,0,0,0,1,0,0,0,0,0,0,0,0,0,0,0,0,0,0,0,0,0,0,0,0,0,0,0,0,0,0,0,0,0,0,0,0,0,0,0,0,0,0,0,0,0,0,0,0,0,0,0,0,0,0,0,0,0,0,0,0,0,0,1,0,0,0,1,0,0,0,0,0,0,1,0,0,0,0,0,0,0,0,0,1,0,0,0,0,0,0,0,0,0,0,0,1,0,0,0,0,0,0,0,0,0,0,0,0,0,0,0,0,0,0,0,0,0,1,0,1,0,0,0,0,0,0,0,0,0,0,1,0,0,0,0,0,0,1,0,0,0,0,0,0,0,0,0,0,0,0,0,0,0,0,0,0,0,0,0,0,0,0,0,0,0,0,0,0,0,0,0,1,1,0,0,1,0,0,0,0,0,1,0,0,0,0,0,0,0,0,0,0,1,0,0,0,0,0,0,0,0,0,0,0,1,0,1,0,1,0,0,0,1,0
11.750578703703704,3.5325694444444427,-6.602291666666667,0.7124417765524875,14.384615384615385,214.03599999999997,0.4600946870096507,-0.4766256642359649,0.4766256642359649,0.4600946870096507,0.9230769230769231,1.2307692307692308,19.431735780421178,10.147391537354556,2.7632878801525025,-2.240248899825561,5.764584968974308,-0.347050241178716,1.8356240554391323,5.158825498434269,-1.0200000000000005,260.6586158723568,2.739507255002751,1.6766984572803687,5.106527394840706,0.0,0.0,0.0,0.0,23.990662141584476,0.0,4.794537184071822,30.732905333723743,0.0,0.0,0.0,0.0,0.0,5.969305287951849,0.0,0.0,18.02135685363263,0.0,0.0,0.0,0.0,0.0,0.0,4.794537184071822,0.0,0.0,0.0,0.0,0.0,37.3,0.0,0.0,0.0,0.0,0.0,0.0,0.0,0.0,5.106527394840706,9.384375,7.410208333333333,0.0,-16.271574074074074,0.0,-6.602291666666667,0.0,0.0,0.75,1.0,0.0,0.0,0.0,0.0,0.0,0.0,0.0,1.0,2.0,0.0,0.0,1.9039000000000001,1.0,0.0,0.0,0.0,0.0,0.0,0.0,1.0,1.0,0.0,0.0,0.0,0.0,0.0,0.0,0.0,0.0,0.0,0.0,0.0,0.0,0.0,0.0,0.0,0.0,0.0,0.0,0.0,0.0,0.0,0.0,0,0,0,0,0,0,0,0,0,0,0,0,0,0,0,0,0,0,0,0,1,0,0,0,0,0,0,0,0,0,0,1,0,0,0,0,0,0,0,0,0,0,0,0,0,0,0,0,0,0,0,1,0,0,0,0,0,0,0,0,0,0,0,0,0,0,0,0,0,0,0,0,0,0,0,0,0,0,0,0,0,0,0,1,0,0,0,0,0,0,1,0,0,0,0,0,0,0,0,0,0,1,0,0,0,0,0,0,0,0,0,0,0,0,0,0,0,0,0,0,0,0,0,1,0,0,0,0,0,0,0,0,0,0,0,0,0,0,1,0,0,0,0,0,0,1,0,1,0,0,0,0,0,0,0,0,1,0,1,0,0,0,0,0,0,1,0,0,0,0,0,0,0,0,0,0,0,0,0,0,0,0,0,0,0,0,0,0,0,0,0,0,0,0,0,0,0,0,0,1,1,0,0,1,0,0,0,0,0,1,0,0,0,0,0,0,0,0,0,0,1,0,0,0,0,0,0,0,0,0,0,0,1,0,1,0,1,0,0,0,1,0
12.125208333333333,3.79034722222222,-7.164791666666666,0.7951083106855978,15.0625,264.04299999999995,0.45966573393534876,-0.4766274404163713,0.4766274404163713,0.45966573393534876,0.75,1.0625,19.43281311949488,10.044436145130984,2.836483320661053,-2.307321992659951,5.766171295040654,-0.3899096253119376,2.0036819414535474,5.619692713382383,-1.1600000000000006,939.7268305417138,3.417284360053293,1.7755066791242644,5.106527394840706,0.0,0.0,0.0,0.0,29.913191309679053,0.0,4.794537184071822,39.513735429073385,0.0,0.0,0.0,0.0,0.0,5.969305287951849,0.0,0.0,23.943886021727202,0.0,0.0,0.0,0.0,0.0,0.0,4.794537184071822,0.0,0.0,0.0,0.0,0.0,37.3,0.0,0.0,0.0,0.0,0.0,0.0,0.0,0.0,5.106527394840706,9.510650510204082,7.475259353741496,0.0,-24.597893518518514,0.0,-7.004583333333333,0.0,0.0,0.8,1.0,0.0,0.0,0.0,0.0,0.0,0.0,0.0,1.0,3.0,0.0,0.0,2.5392,1.0,0.0,0.0,0.0,0.0,0.0,0.0,1.0,1.0,0.0,0.0,0.0,0.0,0.0,0.0,0.0,0.0,0.0,0.0,0.0,0.0,0.0,0.0,0.0,0.0,0.0,0.0,0.0,0.0,0.0,0.0,0,0,0,0,0,0,0,0,0,0,0,0,0,0,0,0,0,0,0,0,1,0,0,0,0,0,0,0,0,0,0,1,0,0,0,0,0,0,0,0,0,0,0,0,0,0,0,0,0,0,0,1,0,0,0,0,0,0,0,0,0,0,0,0,0,0,0,0,0,0,0,0,0,0,0,0,0,0,0,0,0,0,0,1,0,0,0,0,0,0,1,0,0,0,0,0,0,0,0,0,0,1,0,0,0,0,0,0,0,0,0,0,0,0,0,0,0,0,0,0,0,1,0,1,0,0,0,0,0,0,0,0,0,0,0,0,0,0,0,0,0,0,0,0,0,1,0,1,0,0,0,0,0,0,0,0,1,0,1,0,1,0,0,0,0,1,0,0,0,0,0,0,0,0,0,0,0,0,0,0,0,0,0,0,0,0,0,0,0,0,0,0,0,0,0,0,0,0,0,1,1,0,0,1,0,0,0,0,0,1,0,0,0,0,0,0,0,0,0,0,1,0,0,0,0,0,0,0,0,0,0,0,1,0,1,0,1,0,0,0,1,0
12.395208333333333,3.990602324263036,-7.680416666666666,0.8094186732192378,15.526315789473685,314.04999999999995,0.4596476544117735,-0.4766274572578613,0.4766274572578613,0.4596476544117735,0.631578947368421,0.9473684210526315,19.433410298855655,9.980602318883955,2.8827398714812356,-2.350830176009506,5.766599726976607,-0.4176589435562005,2.139733248300212,5.989640448872494,-1.3000000000000007,3314.4468016170285,4.0963518395048215,2.1785238667302544,5.106527394840706,0.0,0.0,0.0,0.0,35.835720477773634,0.0,4.794537184071822,48.29456552442303,0.0,0.0,0.0,0.0,0.0,5.969305287951849,0.0,0.0,29.86641518982178,0.0,0.0,0.0,0.0,0.0,0.0,4.794537184071822,0.0,0.0,0.0,0.0,0.0,37.3,0.0,0.0,0.0,0.0,0.0,0.0,0.0,0.0,5.106527394840706,9.601530612244899,7.519264455782313,0.0,-33.56148195389267,0.0,-7.297109788359789,0.0,0.0,0.8333333333333334,1.0,0.0,0.0,0.0,0.0,0.0,0.0,0.0,1.0,4.0,0.0,0.0,3.1745,1.0,0.0,0.0,0.0,0.0,0.0,0.0,1.0,1.0,0.0,0.0,0.0,0.0,0.0,0.0,0.0,0.0,0.0,0.0,0.0,0.0,0.0,0.0,0.0,0.0,0.0,0.0,0.0,0.0,0.0,0.0,0,0,0,0,0,0,0,0,0,0,0,0,0,0,0,0,0,0,0,0,1,0,0,0,0,0,0,0,0,0,0,1,0,0,0,0,0,0,0,0,0,0,0,0,0,0,0,0,0,0,0,1,0,0,0,0,0,0,0,0,0,0,0,0,0,0,0,0,0,0,0,0,0,0,0,0,0,0,0,0,0,0,0,1,0,0,0,0,0,0,1,0,0,0,0,0,0,0,0,0,0,1,0,0,0,0,0,0,0,0,0,0,0,0,0,0,0,0,0,0,0,1,0,1,0,0,0,0,0,0,0,0,0,0,0,0,0,0,0,0,0,0,0,0,0,1,0,1,0,0,0,0,0,0,0,0,1,0,1,0,1,0,0,0,0,1,1,0,0,0,0,0,0,0,0,0,0,0,0,0,0,0,0,0,0,0,0,0,0,0,0,0,0,0,0,0,0,0,0,1,1,0,0,1,0,0,0,0,0,1,0,0,0,0,0,0,0,0,0,0,1,0,0,0,0,0,0,0,0,0,0,0,1,0,1,0,1,0,0,0,1,0
12.637916666666667,4.149722222222219,-8.082708333333333,0.7538574792926155,15.863636363636363,364.05699999999996,0.4596472977945599,-0.47662745733412426,0.47662745733412426,0.4596472977945599,0.5454545454545454,0.8181818181818182,19.43387530294287,9.938398500832022,2.9142162647119423,-2.380450435466079,5.766741028057245,-0.43636892526993065,2.2538192065250198,6.293278332058746,-1.4400000000000008,11530.539060582001,4.776102372519197,2.3300454882709567,5.106527394840706,0.0,0.0,0.0,0.0,41.75824964586821,0.0,4.794537184071822,57.07539561977267,0.0,0.0,0.0,0.0,0.0,5.969305287951849,0.0,0.0,35.78894435791636,0.0,0.0,0.0,0.0,0.0,0.0,4.794537184071822,0.0,0.0,0.0,0.0,0.0,37.3,0.0,0.0,0.0,0.0,0.0,0.0,0.0,0.0,5.106527394840706,9.66996232520786,7.5506591317082385,0.0,-43.00222694633408,0.0,-7.519326105442177,0.0,0.0,0.8571428571428571,1.0,0.0,0.0,0.0,0.0,0.0,0.0,0.0,1.0,5.0,0.0,0.0,3.8098,1.0,0.0,0.0,0.0,0.0,0.0,0.0,1.0,1.0,0.0,0.0,0.0,0.0,0.0,0.0,0.0,0.0,0.0,0.0,0.0,0.0,0.0,0.0,0.0,0.0,0.0,0.0,0.0,0.0,0.0,0.0,0,0,0,0,0,0,0,0,0,0,0,0,0,0,0,0,0,0,0,0,1,0,0,0,0,0,0,0,0,0,0,1,0,0,0,0,0,0,0,0,0,0,0,0,0,0,0,0,0,0,0,1,0,0,0,0,0,0,0,0,0,0,0,0,0,0,0,0,0,0,0,0,0,0,0,0,0,0,0,0,0,0,0,1,0,0,0,0,0,0,1,0,0,0,0,0,0,0,0,0,0,1,0,0,0,0,0,0,0,0,0,0,0,0,0,0,0,0,0,0,0,1,0,1,0,0,0,0,0,0,0,0,0,0,0,0,0,0,0,0,0,0,0,0,0,1,0,1,0,0,0,0,0,0,0,0,1,0,1,0,1,0,0,0,0,1,1,0,0,0,0,0,0,0,0,0,0,0,0,0,0,0,0,0,0,0,0,0,0,0,0,0,0,0,0,0,0,0,0,1,1,0,0,1,0,0,0,0,0,1,0,0,0,0,0,0,0,0,0,0,1,0,0,0,0,0,0,0,0,0,0,0,1,0,1,0,1,0,0,0,1,0
12.825416666666667,4.278821373456786,-8.470833333333331,0.653062667189842,16.12,414.06399999999996,0.4596472944550076,-0.47662745733429035,0.47662745733429035,0.4596472944550076,0.48,0.72,19.43431159265752,9.90907137329748,2.936873564245279,-2.4014107780781364,5.766802356534871,-0.44971824779121483,2.3520090748010207,6.547079013921287,-1.580000000000001,39741.89733691285,5.456258065310048,2.739201485283877,5.106527394840706,0.0,0.0,0.0,0.0,47.68077881396279,0.0,4.794537184071822,65.8562257151223,0.0,0.0,0.0,0.0,0.0,5.969305287951849,0.0,0.0,41.711473526010934,0.0,0.0,0.0,0.0,0.0,0.0,4.794537184071822,0.0,0.0,0.0,0.0,0.0,37.3,0.0,0.0,0.0,0.0,0.0,0.0,0.0,0.0,5.106527394840706,9.723295658541195,7.573992465041572,0.0,-52.81381865709246,0.0,-7.693837750377929,0.0,0.0,0.875,1.0,0.0,0.0,0.0,0.0,0.0,0.0,0.0,1.0,6.0,0.0,0.0,4.4451,1.0,0.0,0.0,0.0,0.0,0.0,0.0,1.0,1.0,0.0,0.0,0.0,0.0,0.0,0.0,0.0,0.0,0.0,0.0,0.0,0.0,0.0,0.0,0.0,0.0,0.0,0.0,0.0,0.0,0.0,0.0,0,0,0,0,0,0,0,0,0,0,0,0,0,0,0,0,0,0,0,0,1,0,0,0,0,0,0,0,0,0,0,1,0,0,0,0,0,0,0,0,0,0,0,0,0,0,0,0,0,0,0,1,0,0,0,0,0,0,0,0,0,0,0,0,0,0,0,0,0,0,0,0,0,0,0,0,0,0,0,0,0,0,0,1,0,0,0,0,0,0,1,0,0,0,0,0,0,0,0,0,0,1,0,0,0,0,0,0,0,0,0,0,0,0,0,0,0,0,0,0,0,1,0,1,0,0,0,0,0,0,0,0,0,0,0,0,0,0,0,0,0,0,0,0,0,1,0,1,0,0,0,0,0,0,0,0,1,0,1,0,1,0,0,0,0,1,1,0,0,0,0,0,0,0,0,0,0,0,0,0,0,0,0,0,0,0,0,0,0,0,0,0,0,0,0,0,0,0,0,1,1,0,0,1,0,0,0,0,0,1,0,0,0,0,0,0,0,0,0,0,1,0,0,0,0,0,0,0,0,0,0,0,1,0,1,0,1,0,0,0,1,0
12.995900415721843,4.3854880401234535,-8.763359788359788,0.5343316726116676,16.321428571428573,464.07099999999997,0.4596472944399756,-0.4766274573342905,0.4766274573342905,0.4596472944399756,0.42857142857142855,0.6428571428571429,19.43475754580036,9.887887414111782,2.9539264697696317,-2.416745266129895,5.766838068617551,-0.45948662584462907,2.43820249313014,6.762462438804282,-1.720000000000001,136068.7665341137,6.13667376454714,2.906984183089888,5.106527394840706,0.0,0.0,0.0,0.0,53.603307982057366,0.0,4.794537184071822,74.63705581047195,0.0,0.0,0.0,0.0,0.0,5.969305287951849,0.0,0.0,47.63400269410551,0.0,0.0,0.0,0.0,0.0,0.0,4.794537184071822,0.0,0.0,0.0,0.0,0.0,37.3,0.0,0.0,0.0,0.0,0.0,0.0,0.0,0.0,5.106527394840706,9.766002270111443,7.5919056881820675,0.0,-62.922020778218695,0.0,-7.83450840367011,0.0,0.0,0.8888888888888888,1.0,0.0,0.0,0.0,0.0,0.0,0.0,0.0,1.0,7.0,0.0,0.0,5.080400000000001,1.0,0.0,0.0,0.0,0.0,0.0,0.0,1.0,1.0,0.0,0.0,0.0,0.0,0.0,0.0,0.0,0.0,0.0,0.0,0.0,0.0,0.0,0.0,0.0,0.0,0.0,0.0,0.0,0.0,0.0,0.0,0,0,0,0,0,0,0,0,0,0,0,0,0,0,0,0,0,0,0,0,1,0,0,0,0,0,0,0,0,0,0,1,0,0,0,0,0,0,0,0,0,0,0,0,0,0,0,0,0,0,0,1,0,0,0,0,0,0,0,0,0,0,0,0,0,0,0,0,0,0,0,0,0,0,0,0,0,0,0,0,0,0,0,1,0,0,0,0,0,0,1,0,0,0,0,0,0,0,0,0,0,1,0,0,0,0,0,0,0,0,0,0,0,0,0,0,0,0,0,0,0,1,0,1,0,0,0,0,0,0,0,0,0,0,0,0,0,0,0,0,0,0,0,0,0,1,0,1,0,0,0,0,0,0,0,0,1,0,1,0,1,0,0,0,0,1,1,0,0,0,0,0,0,0,0,0,0,0,0,0,0,0,0,0,0,0,0,0,0,0,0,0,0,0,0,0,0,0,0,1,1,0,0,1,0,0,0,0,0,1,0,0,0,0,0,0,0,0,0,0,1,0,0,0,0,0,0,0,0,0,0,0,1,0,1,0,1,0,0,0,1,0
13.133655517762659,4.475012833511884,-9.055859788359788,0.42166913720490123,16.483870967741936,514.078,0.459647294439943,-0.4766274573342905,0.4766274573342905,0.459647294439943,0.3870967741935484,0.5806451612903226,19.435230213616787,9.87209046808982,2.967239951844363,-2.4282710868627473,5.766864415503331,-0.46692514886493475,2.515034661937067,6.947593504737034,-1.8600000000000012,463566.1588189163,6.817266256275943,3.3167253843496374,5.106527394840706,0.0,0.0,0.0,0.0,59.52583715015194,0.0,4.794537184071822,83.41788590582159,0.0,0.0,0.0,0.0,0.0,5.969305287951849,0.0,0.0,53.55653186220009,0.0,0.0,0.0,0.0,0.0,0.0,4.794537184071822,0.0,0.0,0.0,0.0,0.0,37.3,0.0,0.0,0.0,0.0,0.0,0.0,0.0,0.0,5.106527394840706,9.80095406074505,7.606024145482343,0.0,-73.27291834602555,0.0,-7.950307896919098,0.0,0.0,0.9,1.0,0.0,0.0,0.0,0.0,0.0,0.0,0.0,1.0,8.0,0.0,0.0,5.715700000000002,1.0,0.0,0.0,0.0,0.0,0.0,0.0,1.0,1.0,0.0,0.0,0.0,0.0,0.0,0.0,0.0,0.0,0.0,0.0,0.0,0.0,0.0,0.0,0.0,0.0,0.0,0.0,0.0,0.0,0.0,0.0,0,0,0,0,0,0,0,0,0,0,0,0,0,0,0,0,0,0,0,0,1,0,0,0,0,0,0,0,0,0,0,1,0,0,0,0,0,0,0,0,0,0,0,0,0,0,0,0,0,0,0,1,0,0,0,0,0,0,0,0,0,0,0,0,0,0,0,0,0,0,0,0,0,0,0,0,0,0,0,0,0,0,0,1,0,0,0,0,0,0,1,0,0,0,0,0,0,0,0,0,0,1,0,0,0,0,0,0,0,0,0,0,0,0,0,0,0,0,0,0,0,1,0,1,0,0,0,0,0,0,0,0,0,0,0,0,0,0,0,0,0,0,0,0,0,1,0,1,0,0,0,0,0,0,0,0,1,0,1,0,1,0,0,0,0,1,1,0,0,0,0,0,0,0,0,0,0,0,0,0,0,0,0,0,0,0,0,0,0,0,0,0,0,0,0,0,0,0,0,1,1,0,0,1,0,0,0,0,0,1,0,0,0,0,0,0,0,0,0,0,1,0,0,0,0,0,0,0,0,0,0,0,1,0,1,0,1,0,0,0,1,0
13.260131802721087,4.551172153989387,-9.281625094482239,0.33192180927942516,16.61764705882353,564.0850000000002,0.45964729443994295,-0.4766274573342905,0.4766274573342905,0.45964729443994295,0.35294117647058826,0.5294117647058824,19.435738811055522,9.860003854578332,2.9779599259971343,-2.437144850231794,5.766887011973097,-0.4726689954514026,2.5843613063742903,7.108466389644488,-2.0000000000000013,1573258.3732297192,7.497984412792261,3.4920415224913497,5.106527394840706,0.0,0.0,0.0,0.0,65.44836631824651,0.0,4.794537184071822,92.19871600117123,0.0,0.0,0.0,0.0,0.0,5.969305287951849,0.0,0.0,59.479061030294666,0.0,0.0,0.0,0.0,0.0,0.0,4.794537184071822,0.0,0.0,0.0,0.0,0.0,37.3,0.0,0.0,0.0,0.0,0.0,0.0,0.0,0.0,5.106527394840706,9.830077581455111,7.617396186902461,0.0,-83.82610530607127,0.0,-8.047294811519649,0.0,0.0,0.9090909090909091,1.0,0.0,0.0,0.0,0.0,0.0,0.0,0.0,1.0,9.0,0.0,0.0,6.351000000000003,1.0,0.0,0.0,0.0,0.0,0.0,0.0,1.0,1.0,0.0,0.0,0.0,0.0,0.0,0.0,0.0,0.0,0.0,0.0,0.0,0.0,0.0,0.0,0.0,0.0,0.0,0.0,0.0,0.0,0.0,0.0,0,0,0,0,0,0,0,0,0,0,0,0,0,0,0,0,0,0,0,0,1,0,0,0,0,0,0,0,0,0,0,1,0,0,0,0,0,0,0,0,0,0,0,0,0,0,0,0,0,0,0,1,0,0,0,0,0,0,0,0,0,0,0,0,0,0,0,0,0,0,0,0,0,0,0,0,0,0,0,0,0,0,0,1,0,0,0,0,0,0,1,0,0,0,0,0,0,0,0,0,0,1,0,0,0,0,0,0,0,0,0,0,0,0,0,0,0,0,0,0,0,1,0,1,0,0,0,0,0,0,0,0,0,0,0,0,0,0,0,0,0,0,0,0,0,1,0,1,0,0,0,0,0,0,0,0,1,0,1,0,1,0,0,0,0,1,1,0,0,0,0,0,0,0,0,0,0,0,0,0,0,0,0,0,0,0,0,0,0,0,0,0,0,0,0,0,0,0,0,1,1,0,0,1,0,0,0,0,0,1,0,0,0,0,0,0,0,0,0,0,1,0,0,0,0,0,0,0,0,0,0,0,1,0,1,0,1,0,0,0,1,0
13.365600552721087,4.616723189492347,-9.503841411564627,0.2699054676024596,16.72972972972973,614.0920000000002,0.45964729443994295,-0.4766274573342905,0.4766274573342905,0.45964729443994295,0.32432432432432434,0.4864864864864865,19.436289598554033,9.850549547718726,2.986823868625993,-2.44411152329742,5.766908054166947,-0.47724048242010036,2.6475351701541814,7.2495828036211245,-2.140000000000001,5323136.860647167,8.178795087426241,3.9013723074053517,5.106527394840706,0.0,0.0,0.0,0.0,71.37089548634108,0.0,4.794537184071822,100.97954609652088,0.0,0.0,0.0,0.0,0.0,5.969305287951849,0.0,0.0,65.40159019838924,0.0,0.0,0.0,0.0,0.0,0.0,4.794537184071822,0.0,0.0,0.0,0.0,0.0,37.3,0.0,0.0,0.0,0.0,0.0,0.0,0.0,0.0,5.106527394840706,9.854712287408496,7.626724770406869,0.0,-94.55051077177608,0.0,-8.129708314715495,0.0,0.0,0.9166666666666666,1.0,0.0,0.0,0.0,0.0,0.0,0.0,0.0,1.0,10.0,0.0,0.0,6.9863000000000035,1.0,0.0,0.0,0.0,0.0,0.0,0.0,1.0,1.0,0.0,0.0,0.0,0.0,0.0,0.0,0.0,0.0,0.0,0.0,0.0,0.0,0.0,0.0,0.0,0.0,0.0,0.0,0.0,0.0,0.0,0.0,0,0,0,0,0,0,0,0,0,0,0,0,0,0,0,0,0,0,0,0,1,0,0,0,0,0,0,0,0,0,0,1,0,0,0,0,0,0,0,0,0,0,0,0,0,0,0,0,0,0,0,1,0,0,0,0,0,0,0,0,0,0,0,0,0,0,0,0,0,0,0,0,0,0,0,0,0,0,0,0,0,0,0,1,0,0,0,0,0,0,1,0,0,0,0,0,0,0,0,0,0,1,0,0,0,0,0,0,0,0,0,0,0,0,0,0,0,0,0,0,0,1,0,1,0,0,0,0,0,0,0,0,0,0,0,0,0,0,0,0,0,0,0,0,0,1,0,1,0,0,0,0,0,0,0,0,1,0,1,0,1,0,0,0,0,1,1,0,0,0,0,0,0,0,0,0,0,0,0,0,0,0,0,0,0,0,0,0,0,0,0,0,0,0,0,0,0,0,0,1,1,0,0,1,0,0,0,0,0,1,0,0,0,0,0,0,0,0,0,0,1,0,0,0,0,0,0,0,0,0,0,0,1,0,1,0,1,0,0,0,1,0
13.463224324452003,4.673721136600182,-9.68249255952381,0.23112828633334487,16.825,664.0990000000003,0.45964729443994295,-0.4766274573342905,0.4766274573342905,0.45964729443994295,0.3,0.45,19.436887791950863,9.84301815478049,2.994324837176555,-2.449680060874945,5.766928476801529,-0.48090553363291044,2.705571592841733,7.374390660904835,-2.2800000000000007,17966521.31884747,8.859675848772994,4.080946128240215,5.106527394840706,0.0,0.0,0.0,0.0,77.29342465443565,0.0,4.794537184071822,109.76037619187052,0.0,0.0,0.0,0.0,0.0,5.969305287951849,0.0,0.0,71.32411936648381,0.0,0.0,0.0,0.0,0.0,0.0,4.794537184071822,0.0,0.0,0.0,0.0,0.0,37.3,0.0,0.0,0.0,0.0,0.0,0.0,0.0,0.0,5.106527394840706,9.875817729585368,7.634496879250406,0.0,-105.42172413748868,0.0,-8.20060318729306,0.0,0.0,0.9230769230769231,1.0,0.0,0.0,0.0,0.0,0.0,0.0,0.0,1.0,11.0,0.0,0.0,7.621600000000004,1.0,0.0,0.0,0.0,0.0,0.0,0.0,1.0,1.0,0.0,0.0,0.0,0.0,0.0,0.0,0.0,0.0,0.0,0.0,0.0,0.0,0.0,0.0,0.0,0.0,0.0,0.0,0.0,0.0,0.0,0.0,0,0,0,0,0,0,0,0,0,0,0,0,0,0,0,0,0,0,0,0,1,0,0,0,0,0,0,0,0,0,0,1,0,0,0,0,0,0,0,0,0,0,0,0,0,0,0,0,0,0,0,1,0,0,0,0,0,0,0,0,0,0,0,0,0,0,0,0,0,0,0,0,0,0,0,0,0,0,0,0,0,0,0,1,0,0,0,0,0,0,1,0,0,0,0,0,0,0,0,0,0,1,0,0,0,0,0,0,0,0,0,0,0,0,0,0,0,0,0,0,0,1,0,1,0,0,0,0,0,0,0,0,0,0,0,0,0,0,0,0,0,0,0,0,0,1,0,1,0,0,0,0,0,0,0,0,1,0,1,0,1,0,0,0,0,1,1,0,0,0,0,0,0,0,0,0,0,0,0,0,0,0,0,0,0,0,0,0,0,0,0,0,0,0,0,0,0,0,0,1,1,0,0,1,0,0,0,0,0,1,0,0,0,0,0,0,0,0,0,0,1,0,0,0,0,0,0,0,0,0,0,0,1,0,1,0,1,0,0,0,1,0
13.546557657785335,4.7237268055344215,-9.857004204459562,0.20705394558047927,16.906976744186046,714.1060000000003,0.45964729443994295,-0.4766274573342905,0.4766274573342905,0.45964729443994295,0.27906976744186046,0.4186046511627907,19.43753831590064,9.83692039530936,3.0008031640746564,-2.454196373593607,5.766948697813795,-0.4839168841065172,2.759251880029689,7.485576354408422,-2.4200000000000004,60516720.69361199,9.540610974603227,4.489692811695819,5.106527394840706,0.0,0.0,0.0,0.0,83.21595382253022,0.0,4.794537184071822,118.54120628722016,0.0,0.0,0.0,0.0,0.0,5.969305287951849,0.0,0.0,77.24664853457838,0.0,0.0,0.0,0.0,0.0,0.0,4.794537184071822,0.0,0.0,0.0,0.0,0.0,37.3,0.0,0.0,0.0,0.0,0.0,0.0,0.0,0.0,5.106527394840706,9.894098979585369,7.6410593792504065,0.0,-116.4202155957335,0.0,-8.262236343514129,0.0,0.0,0.9285714285714286,1.0,0.0,0.0,0.0,0.0,0.0,0.0,0.0,1.0,12.0,0.0,0.0,8.256900000000005,1.0,0.0,0.0,0.0,0.0,0.0,0.0,1.0,1.0,0.0,0.0,0.0,0.0,0.0,0.0,0.0,0.0,0.0,0.0,0.0,0.0,0.0,0.0,0.0,0.0,0.0,0.0,0.0,0.0,0.0,0.0,0,0,0,0,0,0,0,0,0,0,0,0,0,0,0,0,0,0,0,0,1,0,0,0,0,0,0,0,0,0,0,1,0,0,0,0,0,0,0,0,0,0,0,0,0,0,0,0,0,0,0,1,0,0,0,0,0,0,0,0,0,0,0,0,0,0,0,0,0,0,0,0,0,0,0,0,0,0,0,0,0,0,0,1,0,0,0,0,0,0,1,0,0,0,0,0,0,0,0,0,0,1,0,0,0,0,0,0,0,0,0,0,0,0,0,0,0,0,0,0,0,1,0,1,0,0,0,0,0,0,0,0,0,0,0,0,0,0,0,0,0,0,0,0,0,1,0,1,0,0,0,0,0,0,0,0,1,0,1,0,1,0,0,0,0,1,1,0,0,0,0,0,0,0,0,0,0,0,0,0,0,0,0,0,0,0,0,0,0,0,0,0,0,0,0,0,0,0,0,1,1,0,0,1,0,0,0,0,0,1,0,0,0,0,0,0,0,0,0,0,1,0,0,0,0,0,0,0,0,0,0,0,1,0,1,0,1,0,0,0,1,0
13.624220337826488,4.767945555534421,-10.001535454459564,0.1905520154504426,16.97826086956522,764.1130000000004,0.45964729443994295,-0.4766274573342905,0.4766274573342905,0.45964729443994295,0.2608695652173913,0.391304347826087,19.438246072875504,9.83191592034363,3.006500209203575,-2.4579104476933225,5.766968909298892,-0.48639898745400956,2.8091902030538893,7.585264660777036,-2.56,203490555.20987454,10.221589118019102,4.671975394989763,5.106527394840706,0.0,0.0,0.0,0.0,89.1384829906248,0.0,4.794537184071822,127.3220363825698,0.0,0.0,0.0,0.0,0.0,5.969305287951849,0.0,0.0,83.16917770267295,0.0,0.0,0.0,0.0,0.0,0.0,4.794537184071822,0.0,0.0,0.0,0.0,0.0,37.3,0.0,0.0,0.0,0.0,0.0,0.0,0.0,0.0,5.106527394840706,9.910085544247998,7.646665321075666,0.0,-127.53011451575496,0.0,-8.316311303359178,0.0,0.0,0.9333333333333333,1.0,0.0,0.0,0.0,0.0,0.0,0.0,0.0,1.0,13.0,0.0,0.0,8.892200000000004,1.0,0.0,0.0,0.0,0.0,0.0,0.0,1.0,1.0,0.0,0.0,0.0,0.0,0.0,0.0,0.0,0.0,0.0,0.0,0.0,0.0,0.0,0.0,0.0,0.0,0.0,0.0,0.0,0.0,0.0,0.0,0,0,0,0,0,0,0,0,0,0,0,0,0,0,0,0,0,0,0,0,1,0,0,0,0,0,0,0,0,0,0,1,0,0,0,0,0,0,0,0,0,0,0,0,0,0,0,0,0,0,0,1,0,0,0,0,0,0,0,0,0,0,0,0,0,0,0,0,0,0,0,0,0,0,0,0,0,0,0,0,0,0,0,1,0,0,0,0,0,0,1,0,0,0,0,0,0,0,0,0,0,1,0,0,0,0,0,0,0,0,0,0,0,0,0,0,0,0,0,0,0,1,0,1,0,0,0,0,0,0,0,0,0,0,0,0,0,0,0,0,0,0,0,0,0,1,0,1,0,0,0,0,0,0,0,0,1,0,1,0,1,0,0,0,0,1,1,0,0,0,0,0,0,0,0,0,0,0,0,0,0,0,0,0,0,0,0,0,0,0,0,0,0,0,0,0,0,0,0,1,1,0,0,1,0,0,0,0,0,1,0,0,0,0,0,0,0,0,0,0,1,0,0,0,0,0,0,0,0,0,0,0,1,0,1,0,1,0,0,0,1,0
11.474537037037038,6.097222222222222,-6.418402777777777,0.5075941445973976,15.090909090909092,200.08399999999995,0.47166380214918546,-0.28065734181922414,0.47166380214918546,0.28065734181922414,1.0,1.2727272727272727,32.240128489583626,10.68636807109117,2.6684923119012027,-2.1460831439796824,7.864941599893247,-0.24306813464105745,1.5812853946781595,5.079498628795793,-0.44000000000000006,88.55198210197693,2.271728353422824,1.7719540683163746,0.0,0.0,0.0,0.0,0.0,21.548986528392383,4.552749873690364,0.0,30.369872222703037,0.0,0.0,0.0,0.0,0.0,10.118126859033554,0.0,0.0,11.430859669358831,0.0,0.0,0.0,0.0,0.0,0.0,10.118126859033554,0.0,0.0,0.0,0.0,0.0,54.37,0.0,0.0,0.0,0.0,0.0,0.0,0.0,0.0,4.552749873690364,0.0,-6.097222222222222,0.0,0.0,0.0,-6.291087962962963,0.0,-6.418402777777777,1.0,1.0,0.0,0.0,0.0,0.0,0.0,0.0,0.0,1.0,1.0,0.0,0.0,1.0293,0.0,0.0,0.0,0.0,0.0,0.0,0.0,0.0,0.0,0.0,0.0,0.0,0.0,0.0,0.0,0.0,0.0,0.0,0.0,0.0,0.0,0.0,0.0,0.0,0.0,0.0,0.0,0.0,0.0,0.0,0.0,0,0,0,0,0,0,0,0,0,0,0,0,0,0,0,0,0,0,0,0,1,0,0,0,0,0,0,0,0,0,0,1,0,0,0,0,0,0,0,0,0,0,0,0,0,0,0,0,0,0,0,0,0,0,0,0,0,0,0,0,0,0,0,0,0,1,0,0,0,0,0,0,0,0,0,1,0,0,0,0,0,0,0,0,0,0,0,0,0,0,0,0,0,0,0,0,0,0,0,0,0,0,0,0,0,0,0,0,0,0,0,0,0,0,0,0,0,0,0,0,0,0,0,1,0,0,0,0,0,0,0,0,0,0,0,0,0,0,0,0,0,0,0,0,0,0,0,1,0,0,0,0,0,0,0,0,0,0,0,0,0,0,0,0,0,0,0,0,0,0,0,0,0,0,0,1,0,0,0,0,0,0,0,0,1,0,0,0,0,0,0,0,0,0,0,0,0,0,0,1,1,0,0,1,0,0,0,0,0,0,0,0,0,0,0,0,0,0,1,0,1,0,0,0,0,1,1,0,0,0,0,0,0,0,0,0,1,0,0,0,1,0
11.896412037037038,6.612847222222222,-6.853587962962962,0.5986230704588359,15.714285714285714,250.09099999999992,0.4607555968244133,-0.2807510817388891,0.4607555968244133,0.2807510817388891,0.8571428571428571,1.1428571428571428,32.240128564014476,10.325592996719058,2.7833899511080897,-2.2477596274316496,7.865098381165071,-0.33268395520458566,1.8096798835528565,5.535794229074651,-0.5800000000000001,334.79077845727846,2.9531127059357174,1.776380165279784,0.0,0.0,0.0,0.0,0.0,27.47151569648696,4.552749873690364,0.0,39.15070231805268,0.0,0.0,0.0,0.0,0.0,10.118126859033554,0.0,0.0,17.35338883745341,0.0,0.0,0.0,0.0,0.0,0.0,10.118126859033554,0.0,0.0,0.0,0.0,0.0,54.37,0.0,0.0,0.0,0.0,0.0,0.0,0.0,0.0,4.552749873690364,0.0,-6.612847222222222,0.0,-6.853587962962962,0.0,-6.785416666666666,0.0,-6.846527777777776,1.0,1.0,0.0,0.0,0.0,0.0,0.0,0.0,0.0,1.0,2.0,0.0,0.0,1.6646000000000003,0.0,0.0,0.0,0.0,0.0,0.0,0.0,0.0,0.0,0.0,0.0,0.0,0.0,0.0,0.0,0.0,0.0,0.0,0.0,0.0,0.0,0.0,0.0,0.0,0.0,0.0,0.0,0.0,0.0,0.0,0.0,0,0,0,0,0,0,0,0,0,0,0,0,0,0,0,0,0,0,0,0,1,0,0,0,0,0,0,0,0,0,0,1,0,0,0,0,0,0,1,0,0,0,0,0,0,0,0,0,0,0,0,0,0,0,0,0,0,0,0,0,0,0,0,0,0,0,0,0,0,0,0,0,0,0,0,1,0,0,0,0,0,0,0,1,0,0,0,0,0,0,0,0,0,0,0,0,0,0,0,0,0,0,0,0,0,0,0,0,0,0,0,0,0,0,0,0,0,0,0,0,0,0,0,1,0,0,0,0,0,0,0,0,0,0,0,0,0,0,0,0,0,0,0,0,0,0,0,1,0,0,0,0,0,0,0,0,1,0,0,0,0,0,0,0,0,0,0,0,0,1,0,0,0,0,0,1,0,0,0,0,0,0,0,0,1,0,0,0,0,0,0,0,0,0,0,0,0,0,0,1,1,0,0,1,0,0,0,0,0,0,0,0,0,0,0,0,0,0,1,0,1,0,0,0,0,1,1,0,0,0,0,0,0,0,0,0,1,0,0,0,1,0
12.212083333333332,7.000972222222222,-7.369212962962962,0.6425280756972748,16.11764705882353,300.0979999999999,0.45969490174744737,-0.28075298148332756,0.45969490174744737,0.28075298148332756,0.7058823529411765,1.0,32.24012888406287,10.14527216580307,2.8498184782605254,-2.3110367065931534,7.865112520139579,-0.382289160206052,1.9839765572031232,5.911164433043687,-0.7200000000000002,1212.2096764511082,3.6344410104810536,2.1650221872573674,0.0,0.0,0.0,0.0,0.0,33.39404486458154,4.552749873690364,0.0,47.93153241340232,0.0,0.0,0.0,0.0,0.0,10.118126859033554,0.0,0.0,23.275918005547982,0.0,0.0,0.0,0.0,0.0,0.0,10.118126859033554,0.0,0.0,0.0,0.0,0.0,54.37,0.0,0.0,0.0,0.0,0.0,0.0,0.0,0.0,4.552749873690364,0.0,-7.000972222222222,0.0,-14.717129629629628,0.0,-7.134305555555557,0.0,-7.1668055555555545,1.0,1.0,0.0,0.0,0.0,0.0,0.0,0.0,0.0,1.0,3.0,0.0,0.0,2.2999,0.0,0.0,0.0,0.0,0.0,0.0,0.0,0.0,0.0,0.0,0.0,0.0,0.0,0.0,0.0,0.0,0.0,0.0,0.0,0.0,0.0,0.0,0.0,0.0,0.0,0.0,0.0,0.0,0.0,0.0,0.0,0,0,0,0,0,0,0,0,0,0,0,0,0,0,0,0,0,0,0,0,1,0,0,0,0,0,0,0,0,0,0,1,0,0,0,0,0,0,1,0,0,0,0,0,0,0,0,0,0,0,0,0,0,0,0,0,0,0,0,0,0,0,0,0,0,0,0,0,0,0,0,0,0,0,0,1,0,0,0,0,0,0,0,1,0,0,0,0,0,0,0,0,0,0,0,0,0,0,0,0,0,0,0,0,0,0,0,0,0,0,0,0,0,0,0,0,0,0,0,0,0,0,0,1,0,0,0,0,0,0,0,0,0,0,0,0,0,0,0,0,0,0,0,0,0,0,0,1,0,0,0,0,0,0,0,0,1,0,0,0,1,0,0,0,0,0,0,0,0,0,0,0,0,0,0,1,0,0,0,0,0,0,0,0,1,0,0,0,0,0,0,0,0,0,0,0,0,0,0,1,1,0,0,1,0,0,0,0,0,0,0,0,0,0,0,0,0,0,1,0,1,0,0,0,0,1,1,0,0,0,0,0,0,0,0,0,1,0,0,0,1,0
12.482083333333334,7.293472222222222,-7.863541666666666,0.6266781785919848,16.4,350.1049999999999,0.4596482429954867,-0.280752999493579,0.4596482429954867,0.280752999493579,0.6,0.9,32.24012920911707,10.043013882290968,2.8921025759766614,-2.3528360556687873,7.865116421867963,-0.4129330115027561,2.123974153271652,6.222482288515152,-0.8600000000000003,4286.179841302193,4.315741298567014,2.291676021983026,0.0,0.0,0.0,0.0,0.0,39.316574032676115,4.552749873690364,0.0,56.712362508751966,0.0,0.0,0.0,0.0,0.0,10.118126859033554,0.0,0.0,29.19844717364256,0.0,0.0,0.0,0.0,0.0,0.0,10.118126859033554,0.0,0.0,0.0,0.0,0.0,54.37,0.0,0.0,0.0,0.0,0.0,0.0,0.0,0.0,4.552749873690364,0.0,-7.293472222222222,0.0,-23.317685185185184,0.0,-7.393623393801965,0.0,-7.412979024943309,1.0,1.0,0.0,0.0,0.0,0.0,0.0,0.0,0.0,1.0,4.0,0.0,0.0,2.9352,0.0,0.0,0.0,0.0,0.0,0.0,0.0,0.0,0.0,0.0,0.0,0.0,0.0,0.0,0.0,0.0,0.0,0.0,0.0,0.0,0.0,0.0,0.0,0.0,0.0,0.0,0.0,0.0,0.0,0.0,0.0,0,0,0,0,0,0,0,0,0,0,0,0,0,0,0,0,0,0,0,0,1,0,0,0,0,0,0,0,0,0,0,1,0,0,0,0,0,0,1,0,0,0,0,0,0,0,0,0,0,0,0,0,0,0,0,0,0,0,0,0,0,0,0,0,0,0,0,0,0,0,0,0,0,0,0,1,0,0,0,0,0,0,0,1,0,0,0,0,0,0,0,0,0,0,0,0,0,0,0,0,0,0,0,0,0,0,0,0,0,0,0,0,0,0,0,0,0,0,0,0,0,0,0,1,0,0,0,0,0,0,0,0,0,0,0,0,0,0,0,0,0,0,0,0,0,0,0,1,0,0,0,0,0,0,0,0,1,0,0,0,1,0,0,0,0,0,1,0,0,0,0,0,0,0,0,1,0,0,0,0,0,0,0,0,1,0,0,0,0,0,0,0,0,0,0,0,0,0,0,1,1,0,0,1,0,0,0,0,0,0,0,0,0,0,0,0,0,0,1,0,1,0,0,0,0,1,1,0,0,0,0,0,0,0,0,0,1,0,0,0,1,0
12.695694444444444,7.519237528344673,-8.251666666666665,0.5674234839968694,16.608695652173914,400.1119999999999,0.45964730336728565,-0.2807529995751359,0.45964730336728565,0.2807529995751359,0.5217391304347826,0.782608695652174,32.24012953454114,9.979624091665197,2.921084277178115,-2.381584385270996,7.865119074595888,-0.43326094472532944,2.2407403893236806,6.483931061299354,-1.0000000000000004,14934.53469484233,4.997025580011898,2.6988252046991814,0.0,0.0,0.0,0.0,0.0,45.23910320077069,4.552749873690364,0.0,65.49319260410161,0.0,0.0,0.0,0.0,0.0,10.118126859033554,0.0,0.0,35.12097634173714,0.0,0.0,0.0,0.0,0.0,0.0,10.118126859033554,0.0,0.0,0.0,0.0,0.0,54.37,0.0,0.0,0.0,0.0,0.0,0.0,0.0,0.0,4.552749873690364,0.0,-7.519237528344673,0.0,-32.47005857898715,0.0,-7.5938637329931975,0.0,-7.607255172902495,1.0,1.0,0.0,0.0,0.0,0.0,0.0,0.0,0.0,1.0,5.0,0.0,0.0,3.5705,0.0,0.0,0.0,0.0,0.0,0.0,0.0,0.0,0.0,0.0,0.0,0.0,0.0,0.0,0.0,0.0,0.0,0.0,0.0,0.0,0.0,0.0,0.0,0.0,0.0,0.0,0.0,0.0,0.0,0.0,0.0,0,0,0,0,0,0,0,0,0,0,0,0,0,0,0,0,0,0,0,0,1,0,0,0,0,0,0,0,0,0,0,1,0,0,0,0,0,0,1,0,0,0,0,0,0,0,0,0,0,0,0,0,0,0,0,0,0,0,0,0,0,0,0,0,0,0,0,0,0,0,0,0,0,0,0,1,0,0,0,0,0,0,0,1,0,0,0,0,0,0,0,0,0,0,0,0,0,0,0,0,0,0,0,0,0,0,0,0,0,0,0,0,0,0,0,0,0,0,0,0,0,0,0,1,0,0,0,0,0,0,0,0,0,0,0,0,0,0,0,0,0,0,0,0,0,0,0,1,0,0,0,0,0,0,0,0,1,0,0,0,1,0,0,0,0,0,1,0,0,0,0,0,0,0,0,1,0,0,0,0,0,0,0,0,1,0,0,0,0,0,0,0,0,0,0,0,0,0,0,1,1,0,0,1,0,0,0,0,0,0,0,0,0,0,0,0,0,0,1,0,1,0,0,0,0,1,1,0,0,0,0,0,0,0,0,0,1,0,0,0,1,0
12.883194444444444,7.65038135393046,-8.600555555555555,0.48781789737945846,16.76923076923077,450.1189999999999,0.45964729448022557,-0.28075299957531347,0.45964729448022557,0.28075299957531347,0.46153846153846156,0.6923076923076923,32.24012986012287,9.937706092188906,2.942096300427563,-2.4021064210194347,7.865121505422229,-0.4475093720000783,2.3408423723280767,6.706255031350447,-1.1400000000000006,51528.96314205795,5.678299858515544,2.854675251490882,0.0,0.0,0.0,0.0,0.0,51.16163236886527,4.552749873690364,0.0,74.27402269945125,0.0,0.0,0.0,0.0,0.0,10.118126859033554,0.0,0.0,41.04350550983172,0.0,0.0,0.0,0.0,0.0,0.0,10.118126859033554,0.0,0.0,0.0,0.0,0.0,54.37,0.0,0.0,0.0,0.0,0.0,0.0,0.0,0.0,4.552749873690364,0.0,-7.697888676303856,0.0,-42.048437618102795,0.0,-7.753106654698916,0.0,-7.764132101914838,1.0,1.0,0.0,0.0,0.0,0.0,0.0,0.0,0.0,1.0,6.0,0.0,0.0,4.2058,0.0,0.0,0.0,0.0,0.0,0.0,0.0,0.0,0.0,0.0,0.0,0.0,0.0,0.0,0.0,0.0,0.0,0.0,0.0,0.0,0.0,0.0,0.0,0.0,0.0,0.0,0.0,0.0,0.0,0.0,0.0,0,0,0,0,0,0,0,0,0,0,0,0,0,0,0,0,0,0,0,0,1,0,0,0,0,0,0,0,0,0,0,1,0,0,0,0,0,0,1,0,0,0,0,0,0,0,0,0,0,0,0,0,0,0,0,0,0,0,0,0,0,0,0,0,0,0,0,0,0,0,0,0,0,0,0,1,0,0,0,0,0,0,0,1,0,0,0,0,0,0,0,0,0,0,0,0,0,0,0,0,0,0,0,0,0,0,0,0,0,0,0,0,0,0,0,0,0,0,0,0,0,0,0,1,0,0,0,0,0,0,0,0,0,0,0,0,0,0,0,0,0,0,0,0,0,0,0,1,0,0,0,0,0,0,0,0,1,0,0,0,1,0,0,0,0,0,1,0,0,0,0,0,0,0,0,1,0,0,0,0,0,0,0,0,1,0,0,0,0,0,0,0,0,0,0,0,0,0,0,1,1,0,0,1,0,0,0,0,0,0,0,0,0,0,0,0,0,0,1,0,1,0,0,0,0,1,1,0,0,0,0,0,0,0,0,0,1,0,0,0,1,0
13.037141912320484,7.668294577070957,-8.893055555555556,0.4024938076799213,16.896551724137932,500.1259999999999,0.45964729444003055,-0.2807529995753137,0.45964729444003055,0.2807529995753137,0.41379310344827586,0.6206896551724138,32.2401301858513,9.90856544965598,2.958021196442136,-2.4171816110142026,7.865123893677274,-0.4578852738146499,2.428458451445245,6.897477185596458,-1.2800000000000007,176558.6432538751,6.359567468988971,3.2647421223971658,0.0,0.0,0.0,0.0,0.0,57.08416153695985,4.552749873690364,0.0,83.0548527948009,0.0,0.0,0.0,0.0,0.0,10.118126859033554,0.0,0.0,46.966034677926295,0.0,0.0,0.0,0.0,0.0,0.0,10.118126859033554,0.0,0.0,0.0,0.0,0.0,54.37,0.0,0.0,0.0,0.0,0.0,0.0,0.0,0.0,4.552749873690364,0.0,-7.842419926303858,0.0,-51.96471072688335,0.0,-7.882749144410852,0.0,-7.893298768581505,1.0,1.0,0.0,0.0,0.0,0.0,0.0,0.0,0.0,1.0,7.0,0.0,0.0,4.841100000000001,0.0,0.0,0.0,0.0,0.0,0.0,0.0,0.0,0.0,0.0,0.0,0.0,0.0,0.0,0.0,0.0,0.0,0.0,0.0,0.0,0.0,0.0,0.0,0.0,0.0,0.0,0.0,0.0,0.0,0.0,0.0,0,0,0,0,0,0,0,0,0,0,0,0,0,0,0,0,0,0,0,0,1,0,0,0,0,0,0,0,0,0,0,1,0,0,0,0,0,0,1,0,0,0,0,0,0,0,0,0,0,0,0,0,0,0,0,0,0,0,0,0,0,0,0,0,0,0,0,0,0,0,0,0,0,0,0,1,0,0,0,0,0,0,0,1,0,0,0,0,0,0,0,0,0,0,0,0,0,0,0,0,0,0,0,0,0,0,0,0,0,0,0,0,0,0,0,0,0,0,0,0,0,0,0,1,0,0,0,0,0,0,0,0,0,0,0,0,0,0,0,0,0,0,0,0,0,0,0,1,0,0,0,0,0,0,0,0,1,0,0,0,1,0,0,0,0,0,1,0,0,0,0,0,0,0,0,1,0,0,0,0,0,0,0,0,1,0,0,0,0,0,0,0,0,0,0,0,0,0,0,1,1,0,0,1,0,0,0,0,0,0,0,0,0,0,0,0,0,0,1,0,1,0,0,0,0,1,1,0,0,0,0,0,0,0,0,0,1,0,0,0,1,0
13.1748970143613,7.682413034371232,-9.152373393801964,0.3222640917491613,17.0,550.133,0.45964729443994307,-0.2807529995753137,0.45964729443994307,0.2807529995753137,0.375,0.5625,32.24013051172623,9.887508526614953,2.9705365446869836,-2.428565960268327,7.865126276151594,-0.4657012421410435,2.5063867564490034,7.063629907542159,-1.4200000000000008,601846.119892317,7.040830412163783,3.432755554244604,0.0,0.0,0.0,0.0,0.0,63.006690705054424,4.552749873690364,0.0,91.83568289015054,0.0,0.0,0.0,0.0,0.0,10.118126859033554,0.0,0.0,52.88856384602087,0.0,0.0,0.0,0.0,0.0,0.0,10.118126859033554,0.0,0.0,0.0,0.0,0.0,54.37,0.0,0.0,0.0,0.0,0.0,0.0,0.0,0.0,4.552749873690364,0.0,-7.9615865929705265,0.0,-62.15515757537583,0.0,-7.990328558076122,0.0,-8.00141860329225,1.0,1.0,0.0,0.0,0.0,0.0,0.0,0.0,0.0,1.0,8.0,0.0,0.0,5.476400000000002,0.0,0.0,0.0,0.0,0.0,0.0,0.0,0.0,0.0,0.0,0.0,0.0,0.0,0.0,0.0,0.0,0.0,0.0,0.0,0.0,0.0,0.0,0.0,0.0,0.0,0.0,0.0,0.0,0.0,0.0,0.0,0,0,0,0,0,0,0,0,0,0,0,0,0,0,0,0,0,0,0,0,1,0,0,0,0,0,0,0,0,0,0,1,0,0,0,0,0,0,1,0,0,0,0,0,0,0,0,0,0,0,0,0,0,0,0,0,0,0,0,0,0,0,0,0,0,0,0,0,0,0,0,0,0,0,0,1,0,0,0,0,0,0,0,1,0,0,0,0,0,0,0,0,0,0,0,0,0,0,0,0,0,0,0,0,0,0,0,0,0,0,0,0,0,0,0,0,0,0,0,0,0,0,0,1,0,0,0,0,0,0,0,0,0,0,0,0,0,0,0,0,0,0,0,0,0,0,0,1,0,0,0,0,0,0,0,0,1,0,0,0,1,0,0,0,0,0,1,0,0,0,0,0,0,0,0,1,0,0,0,0,0,0,0,0,1,0,0,0,0,0,0,0,0,0,0,0,0,0,0,1,1,0,0,1,0,0,0,0,0,0,0,0,0,0,0,0,0,0,1,0,1,0,0,0,0,1,1,0,0,0,0,0,0,0,0,0,1,0,0,0,1,0
13.291062925170067,7.69378507579135,-9.378138699924415,0.2569586332790689,17.085714285714285,600.1400000000001,0.45964729443994295,-0.2807529995753137,0.45964729443994295,0.2807529995753137,0.34285714285714286,0.5142857142857142,32.240130837747756,9.871799525054813,2.9806768510227575,-2.4373443970554662,7.865128660716635,-0.47172906546205623,2.576582922239945,7.209307588938854,-1.560000000000001,2043433.8073871334,7.722089961126195,3.843020259092678,0.0,0.0,0.0,0.0,0.0,68.929219873149,4.552749873690364,0.0,100.61651298550018,0.0,0.0,0.0,0.0,0.0,10.118126859033554,0.0,0.0,58.81109301411545,0.0,0.0,0.0,0.0,0.0,0.0,10.118126859033554,0.0,0.0,0.0,0.0,0.0,54.37,0.0,0.0,0.0,0.0,0.0,0.0,0.0,0.0,4.552749873690364,0.0,-8.061441964871351,0.0,-72.57235050420027,0.0,-8.081027019967767,0.0,-8.093202923769752,1.0,1.0,0.0,0.0,0.0,0.0,0.0,0.0,0.0,1.0,9.0,0.0,0.0,6.111700000000003,0.0,0.0,0.0,0.0,0.0,0.0,0.0,0.0,0.0,0.0,0.0,0.0,0.0,0.0,0.0,0.0,0.0,0.0,0.0,0.0,0.0,0.0,0.0,0.0,0.0,0.0,0.0,0.0,0.0,0.0,0.0,0,0,0,0,0,0,0,0,0,0,0,0,0,0,0,0,0,0,0,0,1,0,0,0,0,0,0,0,0,0,0,1,0,0,0,0,0,0,1,0,0,0,0,0,0,0,0,0,0,0,0,0,0,0,0,0,0,0,0,0,0,0,0,0,0,0,0,0,0,0,0,0,0,0,0,1,0,0,0,0,0,0,0,1,0,0,0,0,0,0,0,0,0,0,0,0,0,0,0,0,0,0,0,0,0,0,0,0,0,0,0,0,0,0,0,0,0,0,0,0,0,0,0,1,0,0,0,0,0,0,0,0,0,0,0,0,0,0,0,0,0,0,0,0,0,0,0,1,0,0,0,0,0,0,0,0,1,0,0,0,1,0,0,0,0,0,1,0,0,0,0,0,0,0,0,1,0,0,0,0,0,0,0,0,1,0,0,0,0,0,0,0,0,0,0,0,0,0,0,1,1,0,0,1,0,0,0,0,0,0,0,0,0,0,0,0,0,0,1,0,1,0,0,0,0,1,1,0,0,0,0,0,0,0,0,0,1,0,0,0,1,0
13.396531675170067,7.7031136592957585,-9.578379039115648,0.21060199626790946,17.157894736842106,650.1470000000002,0.45964729443994295,-0.2807529995753137,0.45964729443994295,0.2807529995753137,0.3157894736842105,0.47368421052631576,32.240131163915784,9.859776312180657,2.9891104457842177,-2.4442565945636576,7.865131049078959,-0.4764880414541493,2.6404634700865492,7.3380593456321765,-1.700000000000001,6916329.675932844,8.40334696454334,4.017509445680864,0.0,0.0,0.0,0.0,0.0,74.85174904124356,4.552749873690364,0.0,109.39734308084982,0.0,0.0,0.0,0.0,0.0,10.118126859033554,0.0,0.0,64.73362218221003,0.0,0.0,0.0,0.0,0.0,0.0,10.118126859033554,0.0,0.0,0.0,0.0,0.0,54.37,0.0,0.0,0.0,0.0,0.0,0.0,0.0,0.0,4.552749873690364,0.0,-8.14628184090441,0.0,-83.18009726681714,0.0,-8.158523650021216,0.0,-8.172067568740168,1.0,1.0,0.0,0.0,0.0,0.0,0.0,0.0,0.0,1.0,10.0,0.0,0.0,6.747000000000003,0.0,0.0,0.0,0.0,0.0,0.0,0.0,0.0,0.0,0.0,0.0,0.0,0.0,0.0,0.0,0.0,0.0,0.0,0.0,0.0,0.0,0.0,0.0,0.0,0.0,0.0,0.0,0.0,0.0,0.0,0.0,0,0,0,0,0,0,0,0,0,0,0,0,0,0,0,0,0,0,0,0,1,0,0,0,0,0,0,0,0,0,0,1,0,0,0,0,0,0,1,0,0,0,0,0,0,0,0,0,0,0,0,0,0,0,0,0,0,0,0,0,0,0,0,0,0,0,0,0,0,0,0,0,0,0,0,1,0,0,0,0,0,0,0,1,0,0,0,0,0,0,0,0,0,0,0,0,0,0,0,0,0,0,0,0,0,0,0,0,0,0,0,0,0,0,0,0,0,0,0,0,0,0,0,1,0,0,0,0,0,0,0,0,0,0,0,0,0,0,0,0,0,0,0,0,0,0,0,1,0,0,0,0,0,0,0,0,1,0,0,0,1,0,0,0,0,0,1,0,0,0,0,0,0,0,0,1,0,0,0,0,0,0,0,0,1,0,0,0,0,0,0,0,0,0,0,0,0,0,0,1,1,0,0,1,0,0,0,0,0,0,0,0,0,0,0,0,0,0,1,0,1,0,0,0,0,1,1,0,0,0,0,0,0,0,0,0,1,0,0,0,1,0
13.487288753464348,7.7108857681392955,-9.75703018707483,0.18100216784557338,17.21951219512195,700.1540000000002,0.45964729443994295,-0.2807529995753137,0.45964729443994295,0.2807529995753137,0.2926829268292683,0.43902439024390244,32.24013149023064,9.85036811887338,2.996285898331658,-2.449783871674318,7.865133441616535,-0.48030485697700287,2.6990859505155256,7.4526651150765355,-1.8400000000000012,23350237.907091647,9.084602009921614,4.427345247877683,0.0,0.0,0.0,0.0,0.0,80.77427820933814,4.552749873690364,0.0,118.17817317619946,0.0,0.0,0.0,0.0,0.0,10.118126859033554,0.0,0.0,70.6561513503046,0.0,0.0,0.0,0.0,0.0,0.0,10.118126859033554,0.0,0.0,0.0,0.0,0.0,54.37,0.0,0.0,0.0,0.0,0.0,0.0,0.0,0.0,4.552749873690364,0.0,-8.21922932611151,0.0,-93.95018053552056,0.0,-8.225502052164451,0.0,-8.240545107684742,1.0,1.0,0.0,0.0,0.0,0.0,0.0,0.0,0.0,1.0,11.0,0.0,0.0,7.382300000000004,0.0,0.0,0.0,0.0,0.0,0.0,0.0,0.0,0.0,0.0,0.0,0.0,0.0,0.0,0.0,0.0,0.0,0.0,0.0,0.0,0.0,0.0,0.0,0.0,0.0,0.0,0.0,0.0,0.0,0.0,0.0,0,0,0,0,0,0,0,0,0,0,0,0,0,0,0,0,0,0,0,0,1,0,0,0,0,0,0,0,0,0,0,1,0,0,0,0,0,0,1,0,0,0,0,0,0,0,0,0,0,0,0,0,0,0,0,0,0,0,0,0,0,0,0,0,0,0,0,0,0,0,0,0,0,0,0,1,0,0,0,0,0,0,0,1,0,0,0,0,0,0,0,0,0,0,0,0,0,0,0,0,0,0,0,0,0,0,0,0,0,0,0,0,0,0,0,0,0,0,0,0,0,0,0,1,0,0,0,0,0,0,0,0,0,0,0,0,0,0,0,0,0,0,0,0,0,0,0,1,0,0,0,0,0,0,0,0,1,0,0,0,1,0,0,0,0,0,1,0,0,0,0,0,0,0,0,1,0,0,0,0,0,0,0,0,1,0,0,0,0,0,0,0,0,0,0,0,0,0,0,1,1,0,0,1,0,0,0,0,0,0,0,0,0,0,0,0,0,0,1,0,1,0,0,0,0,1,1,0,0,0,0,0,0,0,0,0,1,0,0,0,1,0
11.868078703703704,1.8122916666666666,-5.960234788359788,0.6061835029510302,14.066666666666666,246.03399999999996,0.5286001795904087,-0.4748035713732429,0.5286001795904087,0.4748035713732429,0.9333333333333333,1.3333333333333333,19.425119180091603,10.630883921909273,2.558278856085247,-2.202956825871647,5.729161673819817,-0.5276711438798847,1.754959759696967,4.575725653889057,-1.1000000000000005,521.2230486299992,3.808863451554387,5.366230174013514,5.106527394840706,0.0,0.0,0.0,0.0,24.734903507932113,0.0,9.53140013787187,13.517693049149688,21.9520752383741,0.0,0.0,0.0,0.0,5.969305287951849,0.0,0.0,18.765598219980262,0.0,0.0,0.0,0.0,0.0,0.0,14.268263091671919,0.0,0.0,0.0,0.0,0.0,55.760000000000005,0.0,0.0,0.0,0.0,0.0,0.0,4.736862953800049,4.736862953800049,5.106527394840706,9.51922193877551,7.557772108843537,0.0,-3.1870838057445185,0.0,-17.270859788359786,0.0,0.0,0.75,1.0,0.0,0.0,0.0,0.0,0.0,0.0,0.0,1.0,4.0,0.0,0.0,1.7671000000000001,1.0,0.0,0.0,0.0,0.0,0.0,0.0,1.0,1.0,0.0,0.0,0.0,0.0,0.0,0.0,0.0,0.0,2.0,0.0,0.0,0.0,0.0,0.0,0.0,0.0,0.0,0.0,0.0,0.0,0.0,0.0,0,0,0,0,0,0,0,0,0,0,0,0,0,0,0,0,0,0,0,0,0,0,0,0,0,0,0,0,0,0,0,1,0,0,0,0,0,0,0,0,0,0,1,0,0,0,0,0,0,0,0,0,0,0,1,0,0,0,0,0,1,0,0,0,0,0,0,0,0,0,0,0,0,0,0,0,0,0,0,0,1,0,0,0,0,0,0,1,0,0,1,0,0,0,0,0,0,0,0,0,0,0,0,0,0,0,0,0,0,0,0,0,0,0,0,0,0,0,0,0,0,0,0,1,0,0,0,0,0,1,0,0,0,0,0,0,0,0,0,0,0,0,0,0,0,0,0,1,0,1,0,0,0,0,0,0,0,0,1,0,0,0,1,0,0,1,0,0,0,0,0,0,0,0,0,0,0,0,0,1,0,0,0,0,0,0,0,0,0,0,0,0,0,0,0,0,0,0,0,1,1,0,0,1,0,0,0,0,0,1,0,0,0,0,0,0,0,0,0,0,1,1,0,0,0,1,0,0,0,0,0,0,1,0,1,0,1,0,0,0,1,0
12.454251700680272,1.512365126606198,-6.832734788359787,0.5574181767637406,15.045454545454545,362.04699999999997,0.5269457043942282,-0.4748035713966193,0.5269457043942282,0.4748035713966193,0.6818181818181818,1.0454545454545454,19.425925539702956,10.549102973652822,2.691963111837782,-2.289829745119324,5.72919892163623,-0.568700561756893,2.074287608339695,5.20888886825333,-1.4200000000000008,9904.723329822044,5.652676463593025,5.757834794149462,5.106527394840706,0.0,0.0,0.0,0.0,36.95208252729509,0.0,19.005126045471968,26.34249028604892,21.9520752383741,0.0,0.0,0.0,0.0,5.969305287951849,0.0,0.0,30.982777239343232,0.0,0.0,0.0,0.0,0.0,0.0,19.005126045471968,0.0,0.0,0.0,0.0,0.0,64.99000000000001,0.0,0.0,0.0,0.0,4.736862953800049,4.736862953800049,4.736862953800049,0.0,5.106527394840706,9.675915818864276,7.6426355634655145,0.0,-3.4607471707818913,0.0,-32.37686904237003,0.0,0.0,0.8333333333333334,1.0,0.0,0.0,0.0,0.0,0.0,0.0,0.0,1.0,7.0,0.0,0.0,2.9693,1.0,0.0,0.0,0.0,0.0,0.0,0.0,1.0,1.0,0.0,0.0,0.0,0.0,0.0,0.0,0.0,0.0,3.0,0.0,0.0,0.0,0.0,0.0,0.0,0.0,0.0,0.0,0.0,0.0,0.0,0.0,0,0,0,0,0,0,0,0,0,0,0,0,0,0,0,0,0,0,0,0,0,0,0,0,0,0,0,0,0,0,0,1,0,0,0,0,0,1,0,0,0,0,1,0,0,0,0,0,0,0,0,0,0,0,1,0,0,0,0,0,1,0,0,0,0,0,0,0,0,0,0,0,0,0,0,0,0,0,0,0,1,0,0,0,0,0,0,0,0,0,1,0,0,0,0,0,0,0,0,0,0,0,0,0,0,0,0,0,0,0,0,0,0,0,0,0,0,0,0,0,0,0,0,1,0,0,0,0,0,1,0,0,0,0,0,0,0,0,0,0,1,0,0,0,0,0,0,1,0,1,0,0,0,0,0,0,0,0,1,0,0,0,1,0,0,1,0,0,0,0,0,0,0,0,0,0,0,0,0,1,0,0,0,0,0,0,0,0,0,0,0,0,0,0,0,0,0,0,0,1,1,0,0,1,0,0,0,0,0,1,0,0,0,0,0,0,0,0,0,0,1,1,0,0,0,1,0,0,0,0,0,0,1,0,1,0,1,0,0,0,1,0
12.842130574452003,1.376976352696726,-7.402591411564627,0.37571165299398973,15.551724137931034,478.06,0.5269456966193145,-0.4748035713966193,0.5269456966193145,0.4748035713966193,0.5172413793103449,0.8275862068965517,19.426424758586407,10.48422335603964,2.7452525288205063,-2.3279866201794213,5.729220989254103,-0.5839113483591472,2.2965240685893895,5.624259875723048,-1.740000000000001,176136.5064886004,7.501946792569677,7.222125948767178,5.106527394840706,0.0,0.0,0.0,0.0,49.16926154665806,0.0,23.741988999272017,43.90415047674821,21.9520752383741,0.0,0.0,0.0,0.0,5.969305287951849,0.0,0.0,43.19995625870621,0.0,0.0,0.0,0.0,0.0,0.0,23.741988999272017,0.0,0.0,0.0,0.0,0.0,74.22000000000001,0.0,0.0,0.0,0.0,9.473725907600098,4.736862953800049,4.736862953800049,0.0,5.106527394840706,9.760835155687957,7.685498284743571,0.0,-3.6226143985101356,0.0,-48.719585839404076,0.0,0.0,0.875,1.0,0.0,0.0,0.0,0.0,0.0,0.0,0.0,1.0,10.0,0.0,0.0,4.1715,1.0,0.0,0.0,0.0,0.0,0.0,0.0,1.0,1.0,0.0,0.0,0.0,0.0,0.0,0.0,0.0,0.0,4.0,0.0,0.0,0.0,0.0,0.0,0.0,0.0,0.0,0.0,0.0,0.0,0.0,0.0,0,0,0,0,0,0,0,0,0,0,0,0,0,0,0,0,0,0,0,0,0,0,0,0,0,0,0,0,0,0,0,1,0,0,0,0,0,1,0,0,0,0,1,0,0,0,0,0,0,0,0,0,0,0,1,0,0,0,0,0,1,0,0,0,1,0,0,0,0,0,0,0,0,0,0,0,0,0,0,0,1,0,0,0,0,0,0,0,0,0,1,0,0,0,0,0,0,0,0,0,0,0,0,0,0,0,0,0,0,0,0,0,0,0,0,0,0,0,0,0,0,0,0,1,0,0,0,0,0,1,0,0,0,0,0,0,0,0,0,0,1,0,0,0,0,0,0,1,0,1,0,0,0,0,0,0,0,0,1,0,0,0,1,0,0,1,0,0,0,0,0,0,0,0,0,0,0,0,0,1,0,0,0,0,0,0,0,0,0,0,0,0,0,0,0,0,0,0,0,1,1,0,0,1,0,0,0,0,0,1,0,0,0,0,0,0,0,0,0,0,1,1,0,0,0,1,0,0,0,0,0,0,1,0,1,0,1,0,0,0,1,0
13.070654880007558,1.2794763526967259,-7.803395521017048,0.22692549175992527,15.86111111111111,594.0730000000001,0.5269456966193145,-0.4748035713966193,0.5269456966193145,0.4748035713966193,0.4166666666666667,0.6666666666666666,19.426983357075777,10.458103357518455,2.771705715372454,-2.34696593084763,5.729242725723002,-0.5920963632098128,2.465892786625092,5.906663949793436,-2.0600000000000014,3037799.9029486896,9.353193974755536,8.233237259092292,5.106527394840706,0.0,0.0,0.0,0.0,61.38644056602104,0.0,28.478851953072066,61.46581066744749,21.9520752383741,0.0,0.0,0.0,0.0,5.969305287951849,0.0,0.0,55.41713527806918,0.0,0.0,0.0,0.0,0.0,0.0,28.478851953072066,0.0,0.0,0.0,0.0,0.0,83.45000000000002,0.0,0.0,0.0,0.0,18.947451815200196,4.736862953800049,0.0,0.0,5.106527394840706,9.81402091252746,7.711063835412367,0.0,-3.7290200600926493,0.0,-65.76703293933986,0.0,0.0,0.9,1.0,0.0,0.0,0.0,0.0,0.0,0.0,0.0,1.0,13.0,0.0,0.0,5.373700000000002,1.0,0.0,0.0,0.0,0.0,0.0,0.0,1.0,1.0,0.0,0.0,0.0,0.0,0.0,0.0,0.0,0.0,5.0,0.0,0.0,0.0,0.0,0.0,0.0,0.0,0.0,0.0,0.0,0.0,0.0,0.0,0,0,0,0,0,0,0,0,0,0,0,0,0,0,0,0,0,0,0,0,0,0,0,0,0,0,0,0,0,0,0,1,0,0,0,0,0,1,0,0,0,0,1,0,0,0,0,0,0,0,0,0,0,0,1,0,0,0,0,0,1,0,0,0,1,0,0,0,0,0,0,0,0,0,0,0,0,0,0,0,1,0,0,0,0,0,0,0,0,0,1,0,0,0,0,0,0,0,0,0,0,0,0,0,0,0,0,0,0,0,0,0,0,0,0,0,0,0,0,0,0,0,0,1,0,0,0,0,0,1,0,0,0,0,0,0,0,0,0,0,1,0,0,0,0,0,0,1,0,1,0,0,0,0,0,0,0,0,1,0,0,0,1,0,0,1,0,0,0,0,0,0,0,0,0,0,0,0,0,1,0,0,0,0,0,0,0,0,0,0,0,0,0,0,0,0,0,0,0,1,1,0,0,1,0,0,0,0,0,1,0,0,0,0,0,0,0,0,0,0,1,1,0,0,0,1,0,0,0,0,0,0,1,0,1,0,1,0,0,0,1,0
13.254076599131388,1.1517924666423047,-8.084891230252435,0.14215173911895368,16.069767441860463,710.0860000000002,0.5269456966193145,-0.4748035713966193,0.5269456966193145,0.4748035713966193,0.3488372093023256,0.5581395348837209,19.427636225202694,10.445221773366194,2.788023054157168,-2.357426280948713,5.7292646946607215,-0.5966228261893871,2.602464982842532,6.109542558877651,-2.380000000000001,51496351.319481105,11.205378242877945,9.805702381252996,5.106527394840706,0.0,0.0,0.0,0.0,73.603619585384,0.0,33.215714906872115,79.02747085814677,21.9520752383741,0.0,0.0,0.0,0.0,5.969305287951849,0.0,0.0,67.63431429743216,0.0,0.0,0.0,0.0,0.0,0.0,33.215714906872115,0.0,0.0,0.0,0.0,0.0,92.68000000000002,0.0,0.0,0.0,4.736862953800049,18.947451815200196,4.736862953800049,0.0,0.0,5.106527394840706,9.850434921380508,7.727948501903663,0.0,-3.804171453690186,0.0,-83.27225802355444,0.0,0.0,0.9166666666666666,1.0,0.0,0.0,0.0,0.0,0.0,0.0,0.0,1.0,16.0,0.0,0.0,6.575900000000004,1.0,0.0,0.0,0.0,0.0,0.0,0.0,1.0,1.0,0.0,0.0,0.0,0.0,0.0,0.0,0.0,0.0,6.0,0.0,0.0,0.0,0.0,0.0,0.0,0.0,0.0,0.0,0.0,0.0,0.0,0.0,0,0,0,0,0,0,0,0,0,0,0,0,0,0,0,0,0,0,0,0,0,0,0,0,0,0,0,0,0,0,0,1,0,0,0,0,0,1,0,0,0,0,1,0,0,0,0,0,0,0,0,0,0,0,1,0,0,0,0,0,1,0,0,0,1,0,0,0,0,0,0,0,0,0,0,0,0,0,0,0,1,0,0,0,0,0,0,0,0,0,1,0,0,0,0,0,0,0,0,0,0,0,0,0,0,0,0,0,0,0,0,0,0,0,0,0,0,0,0,0,0,0,0,1,0,0,0,0,0,1,0,0,0,0,0,0,0,0,0,0,1,0,0,0,0,0,0,1,0,1,0,0,0,0,0,0,0,0,1,0,0,0,1,0,0,1,0,0,0,0,0,0,0,0,0,0,0,0,0,1,0,0,0,0,0,0,0,0,0,0,0,0,0,0,0,0,0,0,0,1,1,0,0,1,0,0,0,0,0,1,0,0,0,0,0,0,0,0,0,0,1,1,0,0,0,1,0,0,0,0,0,0,1,0,1,0,1,0,0,0,1,0
12.367638888888889,3.49235685941043,-7.126157407407408,0.49256286971828367,16.11764705882353,316.55299999999994,0.43775449921574416,-0.2807529916302289,0.43775449921574416,0.2807529916302289,0.8235294117647058,1.1176470588235294,35.49589630864605,10.155807136309804,2.839048389726655,-2.319948823123826,7.865119637583221,-0.3267246018466648,1.9839765572031232,5.911164433043687,-0.3600000000000001,1212.2096764511082,3.815597043059221,2.290815424477976,0.0,0.0,0.0,0.0,0.0,32.599457337276974,4.552749873690364,0.0,43.5411173657275,0.0,0.0,11.600939890232516,0.0,0.0,21.71906674926607,0.0,0.0,22.481330478243414,0.0,0.0,0.0,0.0,0.0,11.600939890232516,10.118126859033554,0.0,0.0,0.0,0.0,0.0,54.37,0.0,0.0,0.0,0.0,0.0,0.0,0.0,11.600939890232516,4.552749873690364,0.0,-13.0075,0.0,-14.041975308641977,0.0,0.0,0.0,-7.05878086419753,1.0,1.0,0.0,0.0,0.0,0.0,0.0,0.0,0.0,1.0,4.0,0.0,0.0,2.5692000000000004,0.0,0.0,0.0,0.0,0.0,0.0,0.0,0.0,0.0,0.0,0.0,0.0,0.0,0.0,0.0,0.0,0.0,0.0,0.0,0.0,0.0,0.0,0.0,0.0,0.0,0.0,0.0,0.0,0.0,0.0,0.0,0,0,0,0,0,0,0,0,0,0,0,0,0,0,0,0,0,0,0,0,0,0,0,0,0,0,0,0,0,0,0,1,0,0,0,0,0,0,1,0,0,0,0,0,0,0,1,0,0,0,0,0,0,0,0,0,0,0,0,0,0,0,0,0,0,0,0,0,0,0,0,0,0,0,0,1,0,0,0,1,0,0,0,1,0,0,0,0,0,0,0,0,0,0,0,0,0,0,0,0,0,0,0,0,0,0,0,0,0,0,0,0,0,0,0,0,0,0,0,0,0,0,0,1,0,1,0,0,0,0,0,0,0,0,0,0,0,0,0,0,0,0,0,0,1,0,0,1,0,0,0,0,0,0,0,0,0,0,0,0,0,0,0,0,0,0,0,0,0,0,0,0,0,0,0,1,0,0,0,0,0,0,0,0,1,0,0,0,0,0,0,0,0,0,0,0,0,0,0,1,1,0,0,1,0,0,0,0,0,0,0,0,0,0,0,0,0,0,1,0,1,0,0,0,0,1,1,0,0,0,0,0,0,0,0,0,1,0,0,0,1,0
12.590108024691357,3.4262311035525315,-7.620486111111111,0.4617430204301922,16.4,366.5599999999999,0.437696340300893,-0.28075299953924016,0.437696340300893,0.28075299953924016,0.7,1.0,35.49589650532818,10.049371742820457,2.8843443475260093,-2.359385893650528,7.86511924696896,-0.3756759529753025,2.123974153271652,6.222482288515152,-0.5000000000000002,4286.179841302193,4.495635786550288,2.4059462189117538,0.0,0.0,0.0,0.0,0.0,38.521986505371544,4.552749873690364,0.0,52.321947461077144,0.0,0.0,11.600939890232516,0.0,0.0,21.71906674926607,0.0,0.0,28.40385964633799,0.0,0.0,0.0,0.0,0.0,11.600939890232516,10.118126859033554,0.0,0.0,0.0,0.0,0.0,54.37,0.0,0.0,0.0,0.0,0.0,0.0,0.0,11.600939890232516,4.552749873690364,0.0,-13.60684870244394,0.0,-22.486975308641973,0.0,0.0,0.0,-7.33361394557823,1.0,1.0,0.0,0.0,0.0,0.0,0.0,0.0,0.0,1.0,5.0,0.0,0.0,3.2045,0.0,0.0,0.0,0.0,0.0,0.0,0.0,0.0,0.0,0.0,0.0,0.0,0.0,0.0,0.0,0.0,0.0,0.0,0.0,0.0,0.0,0.0,0.0,0.0,0.0,0.0,0.0,0.0,0.0,0.0,0.0,0,0,0,0,0,0,0,0,0,0,0,0,0,0,0,0,0,0,0,0,0,0,0,0,0,0,0,0,0,0,0,1,0,0,0,0,0,0,1,0,0,0,0,0,0,0,1,0,0,0,0,0,0,0,0,0,0,0,0,0,0,0,0,0,0,0,0,0,0,0,0,0,0,0,0,1,0,0,0,1,0,0,0,1,0,0,0,0,0,0,0,0,0,0,0,0,0,0,0,0,0,0,0,0,0,0,0,0,0,0,0,0,0,0,0,0,0,0,0,0,0,0,0,1,0,1,0,0,0,0,0,0,0,0,0,0,0,0,0,0,0,0,0,0,1,0,0,1,0,0,0,0,0,0,0,0,0,0,0,0,0,0,0,0,0,0,1,0,0,0,0,0,0,0,0,1,0,0,0,0,0,0,0,0,1,0,0,0,0,0,0,0,0,0,0,0,0,0,0,1,1,0,0,1,0,0,0,0,0,0,0,0,0,0,0,0,0,0,1,0,1,0,0,0,0,1,1,0,0,0,0,0,0,0,0,0,1,0,0,0,1,0
12.803719135802467,3.3729552600361123,-8.09611111111111,0.4066345583812142,16.608695652173914,416.56699999999995,0.4376950946623638,-0.280752999575235,0.4376950946623638,0.280752999575235,0.6086956521739131,0.8695652173913043,35.4958967040534,9.983733558015382,2.9153297682624495,-2.3864499493885565,7.8651212311915355,-0.40721189378763417,2.2407403893236806,6.483931061299354,-0.6400000000000003,14934.53469484233,5.176017494172973,2.8117733636929656,0.0,0.0,0.0,0.0,0.0,44.44451567346612,4.552749873690364,0.0,61.10277755642679,0.0,0.0,11.600939890232516,0.0,0.0,21.71906674926607,0.0,0.0,34.32638881443257,0.0,0.0,0.0,0.0,0.0,11.600939890232516,10.118126859033554,0.0,0.0,0.0,0.0,0.0,54.37,0.0,0.0,0.0,0.0,0.0,0.0,0.0,11.600939890232516,4.552749873690364,0.0,-14.061513959750567,0.0,-31.531324011085914,0.0,0.0,0.0,-7.546491284013606,1.0,1.0,0.0,0.0,0.0,0.0,0.0,0.0,0.0,1.0,6.0,0.0,0.0,3.8398,0.0,0.0,0.0,0.0,0.0,0.0,0.0,0.0,0.0,0.0,0.0,0.0,0.0,0.0,0.0,0.0,0.0,0.0,0.0,0.0,0.0,0.0,0.0,0.0,0.0,0.0,0.0,0.0,0.0,0.0,0.0,0,0,0,0,0,0,0,0,0,0,0,0,0,0,0,0,0,0,0,0,0,0,0,0,0,0,0,0,0,0,0,1,0,0,0,0,0,0,1,0,0,0,0,0,0,0,1,0,0,0,0,0,0,0,0,0,0,0,0,0,0,0,0,0,0,0,0,0,0,0,0,0,0,0,0,1,0,0,0,1,0,0,0,1,0,0,0,0,0,0,0,0,0,0,0,0,0,0,0,0,0,0,0,0,0,0,0,0,0,0,0,0,0,0,0,0,0,0,0,0,0,0,0,1,0,1,0,0,0,0,0,0,0,0,0,0,0,0,0,0,0,0,0,0,1,0,0,1,0,0,0,0,0,0,0,0,0,0,0,0,0,0,0,0,0,0,1,0,0,0,0,0,0,0,0,1,0,0,0,0,0,0,0,0,1,0,0,0,0,0,0,0,0,0,0,0,0,0,0,1,1,0,0,1,0,0,0,0,0,0,0,0,0,0,0,0,0,0,1,0,1,0,0,0,0,1,1,0,0,0,0,0,0,0,0,0,1,0,0,0,1,0
12.962559523809523,3.3291461036575116,-8.445,0.34212372708305633,16.76923076923077,466.5739999999999,0.4376950825519826,-0.28075299957531363,0.4376950825519826,0.28075299957531363,0.5384615384615384,0.7692307692307693,35.495896902934554,9.940511405013147,2.93770901344314,-2.4057783704642457,7.865123532229886,-0.4286312584596175,2.3408423723280767,6.706255031350447,-0.7800000000000005,51528.96314205795,5.856614037835279,2.9613538980573177,0.0,0.0,0.0,0.0,0.0,50.3670448415607,4.552749873690364,0.0,69.88360765177643,0.0,0.0,11.600939890232516,0.0,0.0,21.71906674926607,0.0,0.0,40.248917982527146,0.0,0.0,0.0,0.0,0.0,11.600939890232516,10.118126859033554,0.0,0.0,0.0,0.0,0.0,54.37,0.0,0.0,0.0,0.0,0.0,0.0,0.0,11.600939890232516,4.552749873690364,0.0,-14.41800921989166,0.0,-41.03033797083648,0.0,0.0,0.0,-7.71612112797794,1.0,1.0,0.0,0.0,0.0,0.0,0.0,0.0,0.0,1.0,7.0,0.0,0.0,4.4751,0.0,0.0,0.0,0.0,0.0,0.0,0.0,0.0,0.0,0.0,0.0,0.0,0.0,0.0,0.0,0.0,0.0,0.0,0.0,0.0,0.0,0.0,0.0,0.0,0.0,0.0,0.0,0.0,0.0,0.0,0.0,0,0,0,0,0,0,0,0,0,0,0,0,0,0,0,0,0,0,0,0,0,0,0,0,0,0,0,0,0,0,0,1,0,0,0,0,0,0,1,0,0,0,0,0,0,0,1,0,0,0,0,0,0,0,0,0,0,0,0,0,0,0,0,0,0,0,0,0,0,0,0,0,0,0,0,1,0,0,0,1,0,0,0,1,0,0,0,0,0,0,0,0,0,0,0,0,0,0,0,0,0,0,0,0,0,0,0,0,0,0,0,0,0,0,0,0,0,0,0,0,0,0,0,1,0,1,0,0,0,0,0,0,0,0,0,0,0,0,0,0,0,0,0,0,1,0,0,1,0,0,0,0,0,0,0,0,0,0,0,0,0,0,0,0,0,0,1,0,0,0,0,0,0,0,0,1,0,0,0,0,0,0,0,0,1,0,0,0,0,0,0,0,0,0,0,0,0,0,0,1,1,0,0,1,0,0,0,0,0,0,0,0,0,0,0,0,0,0,1,0,1,0,0,0,0,1,1,0,0,0,0,0,0,0,0,0,1,0,0,0,1,0
13.116506991685563,3.292503329110697,-8.78503086419753,0.27721466924401955,16.896551724137932,516.581,0.4376950824964982,-0.2807529995753137,0.4376950824964982,0.2807529995753137,0.4827586206896552,0.6896551724137931,35.49589710189114,9.910560971907879,2.954591438746966,-2.4200013191625738,7.865125895765211,-0.4438006920275026,2.428458451445245,6.897477185596458,-0.9200000000000006,176558.6432538751,6.537354044370897,3.371389159741067,0.0,0.0,0.0,0.0,0.0,56.289574009655276,4.552749873690364,0.0,78.66443774712607,0.0,0.0,11.600939890232516,0.0,0.0,21.71906674926607,0.0,0.0,46.171447150621724,0.0,0.0,0.0,0.0,0.0,11.600939890232516,10.118126859033554,0.0,0.0,0.0,0.0,0.0,54.37,0.0,0.0,0.0,0.0,0.0,0.0,0.0,11.600939890232516,4.552749873690364,0.0,-14.704935874555586,0.0,-50.88584719072814,0.0,0.0,0.0,-7.854409879692617,1.0,1.0,0.0,0.0,0.0,0.0,0.0,0.0,0.0,1.0,8.0,0.0,0.0,5.1104,0.0,0.0,0.0,0.0,0.0,0.0,0.0,0.0,0.0,0.0,0.0,0.0,0.0,0.0,0.0,0.0,0.0,0.0,0.0,0.0,0.0,0.0,0.0,0.0,0.0,0.0,0.0,0.0,0.0,0.0,0.0,0,0,0,0,0,0,0,0,0,0,0,0,0,0,0,0,0,0,0,0,0,0,0,0,0,0,0,0,0,0,0,1,0,0,0,0,0,0,1,0,0,0,0,0,0,0,1,0,0,0,0,0,0,0,0,0,0,0,0,0,0,0,0,0,0,0,0,0,0,0,0,0,0,0,0,1,0,0,0,1,0,0,0,1,0,0,0,0,0,0,0,0,0,0,0,0,0,0,0,0,0,0,0,0,0,0,0,0,0,0,0,0,0,0,0,0,0,0,0,0,0,0,0,1,0,1,0,0,0,0,0,0,0,0,0,0,0,0,0,0,0,0,0,0,1,0,0,1,0,0,0,0,0,0,0,0,0,0,0,0,0,0,0,0,0,0,1,0,0,0,0,0,0,0,0,1,0,0,0,0,0,0,0,0,1,0,0,0,0,0,0,0,0,0,0,0,0,0,0,1,1,0,0,1,0,0,0,0,0,0,0,0,0,0,0,0,0,0,1,0,1,0,0,0,0,1,1,0,0,0,0,0,0,0,0,0,1,0,0,0,1,0
13.235660903250189,3.2614113487005345,-9.044348702443939,0.21994892233036437,17.0,566.588,0.4376950824963766,-0.2807529995753137,0.4376950824963766,0.2807529995753137,0.4375,0.625,35.49589730091962,9.888978572847831,2.96779368781573,-2.430768100514955,7.865128275713706,-0.45492289731371893,2.5063867564490034,7.063629907542159,-1.0600000000000007,601846.119892317,7.218194603934293,3.535273700709607,0.0,0.0,0.0,0.0,0.0,62.21210317774985,4.552749873690364,0.0,87.44526784247572,0.0,0.0,11.600939890232516,0.0,0.0,21.71906674926607,0.0,0.0,52.0939763187163,0.0,0.0,0.0,0.0,0.0,11.600939890232516,10.118126859033554,0.0,0.0,0.0,0.0,0.0,54.37,0.0,0.0,0.0,0.0,0.0,0.0,0.0,11.600939890232516,4.552749873690364,0.0,-14.940804039935538,0.0,-61.02828306528373,0.0,0.0,0.0,-7.969279025698126,1.0,1.0,0.0,0.0,0.0,0.0,0.0,0.0,0.0,1.0,9.0,0.0,0.0,5.745700000000001,0.0,0.0,0.0,0.0,0.0,0.0,0.0,0.0,0.0,0.0,0.0,0.0,0.0,0.0,0.0,0.0,0.0,0.0,0.0,0.0,0.0,0.0,0.0,0.0,0.0,0.0,0.0,0.0,0.0,0.0,0.0,0,0,0,0,0,0,0,0,0,0,0,0,0,0,0,0,0,0,0,0,0,0,0,0,0,0,0,0,0,0,0,1,0,0,0,0,0,0,1,0,0,0,0,0,0,0,1,0,0,0,0,0,0,0,0,0,0,0,0,0,0,0,0,0,0,0,0,0,0,0,0,0,0,0,0,1,0,0,0,1,0,0,0,1,0,0,0,0,0,0,0,0,0,0,0,0,0,0,0,0,0,0,0,0,0,0,0,0,0,0,0,0,0,0,0,0,0,0,0,0,0,0,0,1,0,1,0,0,0,0,0,0,0,0,0,0,0,0,0,0,0,0,0,0,1,0,0,1,0,0,0,0,0,0,0,0,0,0,0,0,0,0,0,0,0,0,1,0,0,0,0,0,0,0,0,1,0,0,0,0,0,0,0,0,1,0,0,0,0,0,0,0,0,0,0,0,0,0,0,1,1,0,0,1,0,0,0,0,0,0,0,0,0,0,0,0,0,0,1,0,1,0,0,0,0,1,1,0,0,0,0,0,0,0,0,0,1,0,0,0,1,0
11.74537037037037,3.2844444444444436,-5.848379629629629,0.6958060154983015,13.583333333333334,196.046,0.409699365754142,-0.47662768929838073,0.47662768929838073,0.409699365754142,1.1666666666666667,1.5,19.344467544731117,10.163335069239835,2.6764012457852453,-2.2084482625963515,5.7633166225350285,-0.2626108336948192,1.859757594929931,4.8764555250399875,-0.9500000000000004,202.71357784736247,2.831486227328625,1.458853178773763,5.106527394840706,0.0,0.0,0.0,0.0,24.239808369000194,0.0,13.575367279421462,17.56166019069928,0.0,0.0,0.0,0.0,0.0,5.969305287951849,0.0,0.0,18.270503081048343,0.0,0.0,0.0,0.0,0.0,0.0,4.794537184071822,0.0,0.0,0.0,0.0,0.0,37.3,0.0,0.0,0.0,0.0,0.0,0.0,0.0,0.0,5.106527394840706,9.408819444444443,7.462430555555556,0.0,-14.881666666666664,0.0,-4.71888888888889,0.0,0.0,0.75,1.0,0.0,0.0,0.0,0.0,0.0,0.0,0.0,1.0,3.0,0.0,0.0,1.6067000000000002,1.0,0.0,0.0,0.0,0.0,0.0,0.0,1.0,1.0,0.0,0.0,0.0,0.0,0.0,0.0,0.0,0.0,0.0,0.0,0.0,0.0,0.0,0.0,0.0,0.0,0.0,0.0,0.0,0.0,0.0,0.0,1,0,0,0,0,0,0,0,0,0,0,0,0,1,0,0,0,0,0,0,0,0,0,0,0,0,0,0,0,0,0,1,0,0,0,0,0,0,0,0,0,0,0,0,0,0,0,0,0,0,0,0,0,0,0,0,0,0,0,0,0,0,0,0,0,0,0,0,0,0,0,0,0,0,0,0,0,0,0,0,0,0,0,0,0,0,0,0,0,0,1,0,0,0,0,0,1,0,0,0,0,1,0,0,0,0,0,0,0,0,0,0,0,0,1,0,0,0,0,0,0,0,1,1,0,0,0,0,0,0,0,0,0,0,0,0,0,0,0,0,0,0,0,0,0,1,0,1,0,0,0,0,0,0,1,0,0,0,1,0,0,0,0,0,0,1,0,0,0,0,0,0,0,0,0,0,0,0,0,0,0,0,0,0,0,0,0,0,0,0,0,0,0,0,0,0,0,0,0,0,1,0,0,1,0,0,0,0,0,1,0,0,0,0,0,0,0,0,0,0,1,0,0,0,0,0,0,0,0,0,0,0,1,0,1,0,1,0,0,0,1,0
12.120000000000001,3.6177546296296272,-6.680555555555555,0.7720970605347264,14.466666666666667,246.05299999999997,0.4102850541025454,-0.47662745935824546,0.47662745935824546,0.4102850541025454,1.0,1.3333333333333333,19.357345720188995,10.054071093954562,2.781503037317515,-2.2895148093377347,5.765855343008296,-0.33117959212528036,2.022379075603924,5.400667907121731,-1.0900000000000005,728.0564672174127,3.488988892637979,1.8385674203784432,5.106527394840706,0.0,0.0,0.0,0.0,30.16233753709477,0.0,13.575367279421462,26.34249028604892,0.0,0.0,0.0,0.0,0.0,5.969305287951849,0.0,0.0,24.19303224914292,0.0,0.0,0.0,0.0,0.0,0.0,4.794537184071822,0.0,0.0,0.0,0.0,0.0,37.3,0.0,0.0,0.0,0.0,0.0,0.0,0.0,0.0,5.106527394840706,9.528743858654574,7.513760865457294,0.0,-23.018726851851852,0.0,-5.113217592592593,0.0,0.0,0.8,1.0,0.0,0.0,0.0,0.0,0.0,0.0,0.0,1.0,4.0,0.0,0.0,2.242,1.0,0.0,0.0,0.0,0.0,0.0,0.0,1.0,1.0,0.0,0.0,0.0,0.0,0.0,0.0,0.0,0.0,0.0,0.0,0.0,0.0,0.0,0.0,0.0,0.0,0.0,0.0,0.0,0.0,0.0,0.0,1,0,0,0,0,0,0,0,0,0,0,0,0,1,0,0,0,0,0,0,0,0,0,0,0,0,0,0,0,0,0,1,0,0,0,0,0,0,0,0,0,0,0,0,0,0,0,0,0,0,0,1,0,0,0,0,0,0,0,0,0,0,0,0,0,0,0,0,0,0,0,0,0,0,0,0,0,0,0,0,0,0,1,1,0,0,0,0,0,0,1,0,0,0,0,0,0,0,0,0,0,1,0,0,0,0,0,0,0,0,0,0,0,0,1,0,0,0,0,0,0,0,0,1,0,0,0,1,0,0,0,0,0,0,0,0,0,0,0,0,0,0,0,0,0,1,0,1,0,0,0,0,0,0,1,0,0,0,1,0,0,0,0,0,0,1,0,0,0,0,0,0,0,0,0,0,0,0,0,0,0,0,0,0,0,0,0,0,0,0,0,0,0,0,0,0,0,0,0,0,1,0,0,1,0,0,0,0,0,1,0,0,0,0,0,0,0,0,0,0,1,0,0,0,0,0,0,0,0,0,0,0,1,0,1,0,1,0,0,0,1,0
12.391874999999999,3.863665438397579,-7.2678009259259255,0.7920799404843908,15.055555555555555,296.05999999999995,0.41030568712859083,-0.47662745734308365,0.47662745734308365,0.41030568712859083,0.8333333333333334,1.1666666666666667,19.365897277312076,9.986831492166573,2.845722696465428,-2.34006498875235,5.7665080041572985,-0.3771841942611119,2.1548622184696518,5.814556623821223,-1.2300000000000006,2562.131177760416,4.156358120067961,1.9631541668848471,5.106527394840706,0.0,0.0,0.0,0.0,36.08486670518935,0.0,13.575367279421462,35.123320381398564,0.0,0.0,0.0,0.0,0.0,5.969305287951849,0.0,0.0,30.115561417237497,0.0,0.0,0.0,0.0,0.0,0.0,4.794537184071822,0.0,0.0,0.0,0.0,0.0,37.3,0.0,0.0,0.0,0.0,0.0,0.0,0.0,0.0,5.106527394840706,9.615454931972788,7.548813775510204,0.0,-31.843804327286463,0.0,-5.400027872260016,0.0,0.0,0.8333333333333334,1.0,0.0,0.0,0.0,0.0,0.0,0.0,0.0,1.0,5.0,0.0,0.0,2.8773,1.0,0.0,0.0,0.0,0.0,0.0,0.0,1.0,1.0,0.0,0.0,0.0,0.0,0.0,0.0,0.0,0.0,0.0,0.0,0.0,0.0,0.0,0.0,0.0,0.0,0.0,0.0,0.0,0.0,0.0,0.0,1,0,0,0,0,0,0,0,0,0,0,0,0,1,0,0,0,0,0,0,0,0,0,0,0,0,0,0,0,0,0,1,0,0,0,0,0,0,0,0,0,0,0,0,0,0,0,0,0,0,0,1,0,0,0,0,0,0,0,0,0,0,0,0,0,0,0,0,0,0,0,0,0,0,1,0,0,0,0,0,0,0,1,1,0,0,0,0,0,0,1,0,0,0,0,0,0,0,0,0,0,1,0,0,0,0,0,0,0,0,0,0,0,0,1,0,0,0,0,0,0,1,0,1,0,0,0,0,0,0,0,0,0,0,0,0,0,0,0,0,0,0,0,0,0,1,0,1,0,0,0,0,0,0,1,0,0,0,1,0,0,0,0,0,0,1,0,0,0,0,0,0,0,0,0,0,0,0,0,0,0,0,0,0,0,0,0,0,0,0,0,0,0,0,0,0,0,0,0,0,1,0,0,1,0,0,0,0,0,1,0,0,0,0,0,0,0,0,0,0,1,0,0,0,0,0,0,0,0,0,0,0,1,0,1,0,1,0,0,0,1,0
12.634583333333333,4.052464569160994,-7.803749999999999,0.7477258656648212,15.476190476190476,346.06699999999995,0.41030605594173924,-0.4766274573343093,0.4766274573343093,0.41030605594173924,0.7142857142857143,1.0476190476190477,19.37218584784606,9.942648795865027,2.8880207944524408,-2.373502021641345,5.76670764607184,-0.4077886878882215,2.2664817285572596,6.149971737838951,-1.3700000000000008,8900.473748044358,4.828502897967865,2.3695535203995255,5.106527394840706,0.0,0.0,0.0,0.0,42.007395873283926,0.0,13.575367279421462,43.90415047674821,0.0,0.0,0.0,0.0,0.0,5.969305287951849,0.0,0.0,36.03809058533207,0.0,0.0,0.0,0.0,0.0,0.0,4.794537184071822,0.0,0.0,0.0,0.0,0.0,37.3,0.0,0.0,0.0,0.0,0.0,0.0,0.0,0.0,5.106527394840706,9.681005920886873,7.574048406399596,0.0,-41.17878826530611,0.0,-5.617939342403629,0.0,0.0,0.8571428571428571,1.0,0.0,0.0,0.0,0.0,0.0,0.0,0.0,1.0,6.0,0.0,0.0,3.5126,1.0,0.0,0.0,0.0,0.0,0.0,0.0,1.0,1.0,0.0,0.0,0.0,0.0,0.0,0.0,0.0,0.0,0.0,0.0,0.0,0.0,0.0,0.0,0.0,0.0,0.0,0.0,0.0,0.0,0.0,0.0,1,0,0,0,0,0,0,0,0,0,0,0,0,1,0,0,0,0,0,0,0,0,0,0,0,0,0,0,0,0,0,1,0,0,0,0,0,0,0,0,0,0,0,0,0,0,0,0,0,0,0,1,0,0,0,0,0,0,0,0,0,0,0,0,0,0,0,0,0,0,0,0,0,0,1,0,0,0,0,0,0,0,1,1,0,0,0,0,0,0,1,0,0,0,0,0,0,0,0,0,0,1,0,0,0,0,0,0,0,0,0,0,0,0,1,0,0,0,0,0,0,1,0,1,0,0,0,0,0,0,0,0,0,0,0,0,0,0,0,0,0,0,0,0,0,1,0,1,0,0,0,0,0,0,1,0,0,0,1,0,0,0,0,0,0,1,1,0,0,0,0,0,0,0,0,0,0,0,0,0,0,0,0,0,0,0,0,0,0,0,0,0,0,0,0,0,0,0,0,0,1,0,0,1,0,0,0,0,0,1,0,0,0,0,0,0,0,0,0,0,1,0,0,0,0,0,0,0,0,0,0,0,1,0,1,0,1,0,0,0,1,0
12.823101851851852,4.201934156378598,-8.206041666666666,0.6572161635533179,15.791666666666666,396.07399999999996,0.4103060592252486,-0.4766274573342906,0.4766274573342906,0.4103060592252486,0.625,0.9166666666666666,19.377201475845904,9.912093449134618,2.917562330812184,-2.3966892178806547,5.76678624213099,-0.42886340049947724,2.3628863165871627,6.427529282422151,-1.510000000000001,30646.635526135502,5.503320157290283,2.5277620362256323,5.106527394840706,0.0,0.0,0.0,0.0,47.9299250413785,0.0,13.575367279421462,52.68498057209785,0.0,0.0,0.0,0.0,0.0,5.969305287951849,0.0,0.0,41.96061975342665,0.0,0.0,0.0,0.0,0.0,0.0,4.794537184071822,0.0,0.0,0.0,0.0,0.0,37.3,0.0,0.0,0.0,0.0,0.0,0.0,0.0,0.0,5.106527394840706,9.732266851956833,7.59296365845721,0.0,-50.906982342319644,0.0,-5.789091290837324,0.0,0.0,0.875,1.0,0.0,0.0,0.0,0.0,0.0,0.0,0.0,1.0,7.0,0.0,0.0,4.1479,1.0,0.0,0.0,0.0,0.0,0.0,0.0,1.0,1.0,0.0,0.0,0.0,0.0,0.0,0.0,0.0,0.0,0.0,0.0,0.0,0.0,0.0,0.0,0.0,0.0,0.0,0.0,0.0,0.0,0.0,0.0,1,0,0,0,0,0,0,0,0,0,0,0,0,1,0,0,0,0,0,0,0,0,0,0,0,0,0,0,0,0,0,1,0,0,0,0,0,0,0,0,0,0,0,0,0,0,0,0,0,0,0,1,0,0,0,0,0,0,0,0,0,0,0,0,0,0,0,0,0,0,0,0,0,0,1,0,0,0,0,0,0,0,1,1,0,0,0,0,0,0,1,0,0,0,0,0,0,0,0,0,0,1,0,0,0,0,0,0,0,0,0,0,0,0,1,0,0,0,0,0,0,1,0,1,0,0,0,0,0,0,0,0,0,0,0,0,0,0,0,0,0,0,0,0,0,1,0,1,0,0,0,0,0,0,1,0,0,0,1,0,0,0,0,0,0,1,1,0,0,0,0,0,0,0,0,0,0,0,0,0,0,0,0,0,0,0,0,0,0,0,0,0,0,0,0,0,0,0,0,0,1,0,0,1,0,0,0,0,0,1,0,0,0,0,0,0,0,0,0,0,1,0,0,0,0,0,0,0,0,0,0,0,1,0,1,0,1,0,0,0,1,0
12.993585600907029,4.323183513374482,-8.579166666666666,0.5454819505617825,16.037037037037038,446.08099999999996,0.41030605923965835,-0.4766274573342905,0.4766274573342905,0.41030605923965835,0.5555555555555556,0.8148148148148148,19.381460646968158,9.890112159431553,2.939191582010312,-2.4133936970727667,5.766827842941133,-0.4438897199479536,2.4477364382174898,6.661158870992068,-1.650000000000001,104853.6858039226,6.179783470591587,2.937358251693915,5.106527394840706,0.0,0.0,0.0,0.0,53.85245420947308,0.0,13.575367279421462,61.46581066744749,0.0,0.0,0.0,0.0,0.0,5.969305287951849,0.0,0.0,47.883148921521226,0.0,0.0,0.0,0.0,0.0,0.0,4.794537184071822,0.0,0.0,0.0,0.0,0.0,37.3,0.0,0.0,0.0,0.0,0.0,0.0,0.0,0.0,5.106527394840706,9.773433399588026,7.607601280468569,0.0,-60.94773590377508,0.0,-5.927066470878476,0.0,0.0,0.8888888888888888,1.0,0.0,0.0,0.0,0.0,0.0,0.0,0.0,1.0,8.0,0.0,0.0,4.783200000000001,1.0,0.0,0.0,0.0,0.0,0.0,0.0,1.0,1.0,0.0,0.0,0.0,0.0,0.0,0.0,0.0,0.0,0.0,0.0,0.0,0.0,0.0,0.0,0.0,0.0,0.0,0.0,0.0,0.0,0.0,0.0,1,0,0,0,0,0,0,0,0,0,0,0,0,1,0,0,0,0,0,0,0,0,0,0,0,0,0,0,0,0,0,1,0,0,0,0,0,0,0,0,0,0,0,0,0,0,0,0,0,0,0,1,0,0,0,0,0,0,0,0,0,0,0,0,0,0,0,0,0,0,0,0,0,0,1,0,0,0,0,0,0,0,1,1,0,0,0,0,0,0,1,0,0,0,0,0,0,0,0,0,0,1,0,0,0,0,0,0,0,0,0,0,0,0,1,0,0,0,0,0,0,1,0,1,0,0,0,0,0,0,0,0,0,0,0,0,0,0,0,0,0,0,0,0,0,1,0,1,0,0,0,0,0,0,1,0,0,0,1,0,0,0,0,0,0,1,1,0,0,0,0,0,0,0,0,0,0,0,0,0,0,0,0,0,0,0,0,0,0,0,0,0,0,0,0,0,0,0,0,0,1,0,0,1,0,0,0,0,0,1,0,0,0,0,0,0,0,0,0,0,1,0,0,0,0,0,0,0,0,0,0,0,1,0,1,0,1,0,0,0,1,0
13.13195483749055,4.423504569049074,-8.871693121693122,0.4336178039535489,16.233333333333334,496.08799999999997,0.4103060592396893,-0.4766274573342905,0.4766274573342905,0.4103060592396893,0.5,0.7333333333333333,19.385250941826722,9.873773318612734,2.9556588376122055,-2.42581065392424,5.766856449980853,-0.4549497559293444,2.5235243722705545,6.860619560709727,-1.7900000000000011,357030.7517132103,6.857332327885838,3.107934794571961,5.106527394840706,0.0,0.0,0.0,0.0,59.77498337756766,0.0,13.575367279421462,70.24664076279713,0.0,0.0,0.0,0.0,0.0,5.969305287951849,0.0,0.0,53.8056780896158,0.0,0.0,0.0,0.0,0.0,0.0,4.794537184071822,0.0,0.0,0.0,0.0,0.0,37.3,0.0,0.0,0.0,0.0,0.0,0.0,0.0,0.0,5.106527394840706,9.807209799955336,7.619224329137072,0.0,-71.24295854045246,0.0,-6.040655220325811,0.0,0.0,0.9,1.0,0.0,0.0,0.0,0.0,0.0,0.0,0.0,1.0,9.0,0.0,0.0,5.418500000000002,1.0,0.0,0.0,0.0,0.0,0.0,0.0,1.0,1.0,0.0,0.0,0.0,0.0,0.0,0.0,0.0,0.0,0.0,0.0,0.0,0.0,0.0,0.0,0.0,0.0,0.0,0.0,0.0,0.0,0.0,0.0,1,0,0,0,0,0,0,0,0,0,0,0,0,1,0,0,0,0,0,0,0,0,0,0,0,0,0,0,0,0,0,1,0,0,0,0,0,0,0,0,0,0,0,0,0,0,0,0,0,0,0,1,0,0,0,0,0,0,0,0,0,0,0,0,0,0,0,0,0,0,0,0,0,0,1,0,0,0,0,0,0,0,1,1,0,0,0,0,0,0,1,0,0,0,0,0,0,0,0,0,0,1,0,0,0,0,0,0,0,0,0,0,0,0,1,0,0,0,0,0,0,1,0,1,0,0,0,0,0,0,0,0,0,0,0,0,0,0,0,0,0,0,0,0,0,1,0,1,0,0,0,0,0,0,1,0,0,0,1,0,0,0,0,0,0,1,1,0,0,0,0,0,0,0,0,0,0,0,0,0,0,0,0,0,0,0,0,0,0,0,0,0,0,0,0,0,0,0,0,0,1,0,0,1,0,0,0,0,0,1,0,0,0,0,0,0,0,0,0,0,1,0,0,0,0,0,0,0,0,0,0,0,1,0,1,0,1,0,0,0,1,0
12.050555555555555,0.7885416666666667,-4.970486111111111,0.6614944526271148,13.181818181818182,174.093,0.4037328202463497,-0.4766311070758664,0.4766311070758664,0.4037328202463497,1.3636363636363635,1.7272727272727273,19.32594833832049,10.11539628913657,2.605431983583924,-2.2026096355984346,5.761757050516762,-0.22387407946944782,1.8702082025858733,4.668643179749835,-0.8100000000000003,142.13582339652638,2.6715774384675823,1.6077611819580693,5.106527394840706,0.0,0.0,0.0,0.0,17.814363624141002,0.0,4.794537184071822,17.56166019069928,0.0,6.923737199690624,0.0,6.4208216229260096,0.0,5.969305287951849,0.0,0.0,25.189617158805785,0.0,0.0,0.0,0.0,0.0,0.0,4.794537184071822,0.0,13.344558822616634,0.0,0.0,0.0,37.3,0.0,0.0,0.0,6.923737199690624,0.0,0.0,0.0,0.0,5.106527394840706,9.596597222222222,7.677986111111111,0.0,-12.245393518518517,0.0,-1.2020833333333334,0.7885416666666667,0.0,0.8,1.0,0.0,0.0,0.0,0.0,0.0,0.0,0.0,1.0,3.0,0.0,0.0,1.7516,1.0,0.0,0.0,0.0,0.0,0.0,0.0,1.0,1.0,0.0,0.0,0.0,0.0,0.0,0.0,0.0,0.0,0.0,0.0,0.0,0.0,0.0,0.0,0.0,0.0,0.0,0.0,0.0,0.0,0.0,0.0,0,0,0,0,0,0,0,0,0,0,0,0,0,0,1,1,0,0,0,0,0,0,0,1,0,0,0,0,0,1,0,1,0,0,0,0,0,0,0,0,0,0,0,0,0,0,0,0,0,0,0,0,0,0,0,0,0,0,0,0,0,0,0,0,0,0,0,0,0,1,0,0,0,0,0,0,0,0,0,0,0,0,0,0,0,0,0,0,0,1,1,0,0,0,0,0,0,0,0,0,0,1,0,0,0,0,0,0,0,0,0,0,0,0,0,0,0,0,0,0,0,0,0,1,0,0,0,0,0,0,0,0,0,0,0,0,0,0,0,0,0,0,0,0,0,1,0,1,0,0,0,0,0,0,0,0,0,0,1,0,0,0,0,0,0,1,0,0,0,0,0,0,0,0,0,0,0,0,0,0,0,0,0,0,0,0,0,0,0,0,0,0,1,0,0,0,0,0,0,0,1,0,0,1,0,0,0,0,0,1,0,0,0,0,0,0,0,0,0,0,1,0,0,0,0,0,0,0,0,0,0,0,1,0,1,0,1,0,0,0,1,0
12.349583333333333,0.5474607898715043,-5.9021990740740735,0.7440991452986279,14.214285714285714,224.09999999999997,0.4100164506639208,-0.476627491299965,0.476627491299965,0.4100164506639208,1.1428571428571428,1.5,19.34648363086978,10.026673752141356,2.7398285718599555,-2.2892301401857327,5.7654846605001655,-0.30322189277571326,2.029485343320356,5.2404674674227705,-0.9500000000000004,509.4008211734093,3.320529956387065,1.644670665080072,5.106527394840706,0.0,0.0,0.0,0.0,23.73689279223558,0.0,4.794537184071822,26.34249028604892,0.0,6.923737199690624,0.0,6.4208216229260096,0.0,5.969305287951849,0.0,0.0,31.112146326900362,0.0,0.0,0.0,0.0,0.0,0.0,4.794537184071822,0.0,13.344558822616634,0.0,0.0,0.0,37.3,0.0,0.0,6.923737199690624,0.0,0.0,0.0,0.0,0.0,5.106527394840706,9.666971371882086,7.672396541950113,0.0,-20.02986111111111,0.0,-1.5804861111111115,0.5474607898715043,0.0,0.8333333333333334,1.0,0.0,0.0,0.0,0.0,0.0,0.0,0.0,1.0,4.0,0.0,0.0,2.3869000000000007,1.0,0.0,0.0,0.0,0.0,0.0,0.0,1.0,1.0,0.0,0.0,0.0,0.0,0.0,0.0,0.0,0.0,0.0,0.0,0.0,0.0,0.0,0.0,0.0,0.0,0.0,0.0,0.0,0.0,0.0,0.0,0,0,0,0,0,0,0,0,0,0,0,0,0,0,1,1,0,0,0,0,0,0,0,1,0,0,0,0,0,0,0,1,0,0,0,0,0,0,0,0,0,1,0,0,0,0,0,0,0,0,0,1,1,0,0,0,0,0,0,0,0,0,0,0,0,0,0,0,0,1,0,0,0,0,0,0,0,0,0,0,0,0,0,1,0,0,0,0,0,0,1,0,0,0,0,0,0,0,0,0,0,1,0,0,0,0,0,0,0,0,0,0,0,0,0,0,0,0,0,0,0,0,0,1,0,0,0,0,0,0,0,0,0,0,0,0,0,0,0,0,0,0,0,0,0,1,0,1,0,0,0,0,0,0,0,0,0,0,1,0,0,0,0,0,0,1,0,0,0,0,0,0,0,0,0,0,0,0,0,0,0,0,0,0,0,0,0,0,0,0,0,0,0,0,0,0,0,0,0,0,1,0,0,1,0,0,0,0,0,1,0,0,0,0,0,0,0,0,0,0,1,0,0,0,0,0,0,0,0,0,0,0,1,0,1,0,1,0,0,0,1,0
12.592291666666668,0.3639880952380954,-6.716921296296296,0.782284652874985,14.882352941176471,274.107,0.4103002167728175,-0.4766274574867376,0.4766274574867376,0.4103002167728175,0.9411764705882353,1.2941176470588236,19.358627324323198,9.969732265895686,2.819238334946527,-2.3413213543257894,5.766407875961274,-0.3593152412980793,2.1598646498662637,5.686971863728274,-1.0900000000000005,1790.5277947391326,3.983864034166492,2.0390619960595986,5.106527394840706,0.0,0.0,0.0,0.0,29.659421960330157,0.0,4.794537184071822,35.123320381398564,0.0,6.923737199690624,0.0,6.4208216229260096,0.0,5.969305287951849,0.0,0.0,37.03467549499494,0.0,0.0,0.0,0.0,0.0,0.0,4.794537184071822,0.0,13.344558822616634,0.0,0.0,0.0,37.3,0.0,0.0,6.923737199690624,0.0,0.0,0.0,0.0,0.0,5.106527394840706,9.721428571428572,7.670412414965986,0.0,-28.59629346182917,0.0,-1.8558640400604691,0.3639880952380954,0.0,0.8571428571428571,1.0,0.0,0.0,0.0,0.0,0.0,0.0,0.0,1.0,5.0,0.0,0.0,3.0222000000000007,1.0,0.0,0.0,0.0,0.0,0.0,0.0,1.0,1.0,0.0,0.0,0.0,0.0,0.0,0.0,0.0,0.0,0.0,0.0,0.0,0.0,0.0,0.0,0.0,0.0,0.0,0.0,0.0,0.0,0.0,0.0,0,0,0,0,0,0,0,0,0,0,0,0,0,0,1,1,0,0,0,0,0,0,0,1,0,0,0,0,0,0,0,1,0,0,0,0,0,0,0,0,0,0,0,0,0,0,0,0,0,0,0,1,1,0,0,0,0,0,0,0,0,1,0,0,0,0,0,0,0,1,0,0,0,0,0,0,0,0,0,0,0,0,0,1,0,0,0,0,0,0,1,0,0,0,0,0,0,0,0,0,0,1,0,0,0,0,0,0,0,0,0,0,0,0,0,0,0,0,0,0,0,1,0,1,0,0,0,0,0,0,0,0,0,0,0,0,0,0,0,0,0,0,0,0,0,1,0,1,0,0,0,0,0,0,0,0,0,0,1,0,0,0,0,0,0,1,0,0,0,0,0,0,0,0,0,0,0,0,0,0,0,0,0,0,0,0,0,0,0,0,0,0,0,0,0,0,0,0,0,0,1,0,0,1,0,0,0,0,0,1,0,0,0,0,0,0,0,0,0,0,1,0,0,0,0,0,0,0,0,0,0,0,1,0,1,0,1,0,0,0,1,0
12.794583333333334,0.21971371882086177,-7.304166666666665,0.7573364426307028,15.35,324.11400000000003,0.41030600392240923,-0.4766274573346212,0.4766274573346212,0.41030600392240923,0.8,1.15,19.36678691623889,9.931252214168914,2.8701002237691666,-2.375047400283637,5.766674732717785,-0.3960970979172687,2.2701532306115566,6.0458036284304,-1.2300000000000006,6215.679545414442,4.65372450780721,2.1769244444486207,5.106527394840706,0.0,0.0,0.0,0.0,35.581951128424734,0.0,4.794537184071822,43.90415047674821,0.0,6.923737199690624,0.0,6.4208216229260096,0.0,5.969305287951849,0.0,0.0,42.95720466308951,0.0,0.0,0.0,0.0,0.0,0.0,4.794537184071822,0.0,13.344558822616634,0.0,0.0,0.0,37.3,0.0,6.923737199690624,0.0,0.0,0.0,0.0,0.0,0.0,5.106527394840706,9.764821507306626,7.670209671831695,0.0,-37.73346702569916,0.0,-2.065165816326531,0.21971371882086177,0.0,0.875,1.0,0.0,0.0,0.0,0.0,0.0,0.0,0.0,1.0,6.0,0.0,0.0,3.6575000000000006,1.0,0.0,0.0,0.0,0.0,0.0,0.0,1.0,1.0,0.0,0.0,0.0,0.0,0.0,0.0,0.0,0.0,0.0,0.0,0.0,0.0,0.0,0.0,0.0,0.0,0.0,0.0,0.0,0.0,0.0,0.0,0,0,0,0,0,0,0,0,0,0,0,0,0,0,1,1,0,0,0,0,0,0,0,1,0,0,0,0,0,0,0,1,0,0,0,0,0,0,0,0,0,0,0,0,0,0,0,0,0,0,0,1,1,0,0,0,0,0,0,0,0,1,0,0,0,0,0,0,0,1,0,0,0,0,0,0,0,0,0,0,0,0,0,1,0,0,0,0,0,0,1,0,0,0,0,0,0,0,0,0,0,1,0,0,0,0,0,0,0,0,0,0,0,0,0,0,0,0,0,0,0,1,0,1,0,0,0,0,0,0,0,0,0,0,0,0,0,0,0,0,0,0,0,0,0,1,0,1,0,0,0,0,0,0,0,0,0,0,1,0,0,0,0,0,0,1,1,0,0,0,0,0,0,0,0,0,0,0,0,0,0,0,0,0,0,0,0,0,0,0,0,0,0,0,0,0,0,0,0,0,1,0,0,1,0,0,0,0,0,1,0,0,0,0,0,0,0,0,0,0,1,0,0,0,0,0,0,0,0,0,0,0,1,0,1,0,1,0,0,0,1,0
12.965067082388511,0.10330232478793988,-7.829374999999999,0.6754329703803617,15.695652173913043,374.12100000000004,0.41030605898936073,-0.47662745733429085,0.47662745733429085,0.41030605898936073,0.6956521739130435,1.0,19.372854540730913,9.904120606463849,2.9048060484333043,-2.3981485243039034,5.766772052833569,-0.4208201645918906,2.3656897226444484,6.340786029005564,-1.3700000000000008,21392.93216187375,5.327094620978182,2.584986014201364,5.106527394840706,0.0,0.0,0.0,0.0,41.50448029651931,0.0,4.794537184071822,52.68498057209785,0.0,6.923737199690624,0.0,6.4208216229260096,0.0,5.969305287951849,0.0,0.0,48.87973383118408,0.0,0.0,0.0,0.0,0.0,0.0,4.794537184071822,0.0,13.344558822616634,0.0,0.0,0.0,37.3,0.0,6.923737199690624,0.0,0.0,0.0,0.0,0.0,0.0,5.106527394840706,9.800209238788108,7.670906045288485,0.0,-47.30549147822709,0.0,-2.2295983717561105,0.10330232478793988,0.0,0.8888888888888888,1.0,0.0,0.0,0.0,0.0,0.0,0.0,0.0,1.0,7.0,0.0,0.0,4.292800000000001,1.0,0.0,0.0,0.0,0.0,0.0,0.0,1.0,1.0,0.0,0.0,0.0,0.0,0.0,0.0,0.0,0.0,0.0,0.0,0.0,0.0,0.0,0.0,0.0,0.0,0.0,0.0,0.0,0.0,0.0,0.0,0,0,0,0,0,0,0,0,0,0,0,0,0,0,1,1,0,0,0,0,0,0,0,1,0,0,0,0,0,0,0,1,0,0,0,0,0,0,0,0,0,0,0,0,0,0,0,0,0,0,0,1,1,0,0,0,0,0,0,0,0,1,0,0,0,0,0,0,0,1,0,0,0,0,0,0,0,0,0,0,0,0,0,1,0,0,0,0,0,0,1,0,0,0,0,0,0,0,0,0,0,1,0,0,0,0,0,0,0,0,0,0,0,0,0,0,0,0,0,0,0,1,0,1,0,0,0,0,0,0,0,0,0,0,0,0,0,0,0,0,0,0,0,0,0,1,0,1,0,0,0,0,0,0,0,0,0,0,1,0,0,0,0,0,0,1,1,0,0,0,0,0,0,0,0,0,0,0,0,0,0,0,0,0,0,0,0,0,0,0,0,0,0,0,0,0,0,0,0,0,1,0,0,1,0,0,0,0,0,1,0,0,0,0,0,0,0,0,0,0,1,0,0,0,0,0,0,0,0,0,0,0,1,0,1,0,1,0,0,0,1,0
13.111404950869236,0.007399525753827518,-8.231666666666666,0.5617672715738947,15.961538461538462,424.12800000000004,0.41030605923914426,-0.4766274573342905,0.4766274573342905,0.41030605923914426,0.6153846153846154,0.8846153846153846,19.37773891772394,9.884310779864638,2.929722935008523,-2.414662421010245,5.766819649567256,-0.4381676100211495,2.4499550470888534,6.58775512871009,-1.510000000000001,73172.80739140278,6.002568380053734,2.7469661028778973,5.106527394840706,0.0,0.0,0.0,0.0,47.42700946461389,0.0,4.794537184071822,61.46581066744749,0.0,6.923737199690624,0.0,6.4208216229260096,0.0,5.969305287951849,0.0,0.0,54.80226299927867,0.0,0.0,0.0,0.0,0.0,0.0,4.794537184071822,0.0,13.344558822616634,0.0,0.0,0.0,37.3,0.0,6.923737199690624,0.0,0.0,0.0,0.0,0.0,0.0,5.106527394840706,9.829617972590782,7.672050316281241,0.0,-57.21982528659612,0.0,-2.362182605295205,0.007399525753827518,0.0,0.9,1.0,0.0,0.0,0.0,0.0,0.0,0.0,0.0,1.0,8.0,0.0,0.0,4.9281000000000015,1.0,0.0,0.0,0.0,0.0,0.0,0.0,1.0,1.0,0.0,0.0,0.0,0.0,0.0,0.0,0.0,0.0,0.0,0.0,0.0,0.0,0.0,0.0,0.0,0.0,0.0,0.0,0.0,0.0,0.0,0.0,0,0,0,0,0,0,0,0,0,0,0,0,0,0,1,1,0,0,0,0,0,0,0,1,0,0,0,0,0,0,0,1,0,0,0,0,0,0,0,0,0,0,0,0,0,0,0,0,0,0,0,1,1,0,0,0,0,0,0,0,0,1,0,0,0,0,0,0,0,1,0,0,0,0,0,0,0,0,0,0,0,0,0,1,0,0,0,0,0,0,1,0,0,0,0,0,0,0,0,0,0,1,0,0,0,0,0,0,0,0,0,0,0,0,0,0,0,0,0,0,0,1,0,1,0,0,0,0,0,0,0,0,0,0,0,0,0,0,0,0,0,0,0,0,0,1,0,1,0,0,0,0,0,0,0,0,0,0,1,0,0,0,0,0,0,1,1,0,0,0,0,0,0,0,0,0,0,0,0,0,0,0,0,0,0,0,0,0,0,0,0,0,0,0,0,0,0,0,0,0,1,0,0,1,0,0,0,0,0,1,0,0,0,0,0,0,0,0,0,0,1,0,0,0,0,0,0,0,0,0,0,0,1,0,1,0,1,0,0,0,1,0
13.237881235827665,0.07297237507261833,-8.598083900226756,0.4446638845766346,16.17241379310345,474.13500000000005,0.41030605923968877,-0.4766274573342905,0.4766274573342905,0.41030605923968877,0.5517241379310345,0.7931034482758621,19.381916451333183,9.869422409329717,2.9483773201391914,-2.4268856047122256,5.766850448427123,-0.45072228044866375,2.5253356821943953,6.797666950939899,-1.650000000000001,249109.21303438392,6.679402228097456,3.156823835942634,5.106527394840706,0.0,0.0,0.0,0.0,53.349538632708466,0.0,4.794537184071822,70.24664076279713,0.0,6.923737199690624,0.0,6.4208216229260096,0.0,5.969305287951849,0.0,0.0,60.72479216737324,0.0,0.0,0.0,0.0,0.0,0.0,4.794537184071822,0.0,13.344558822616634,0.0,0.0,0.0,37.3,0.0,6.923737199690624,0.0,0.0,0.0,0.0,0.0,0.0,5.106527394840706,9.854443500598128,7.673402474224308,0.0,-67.41061954861783,0.0,-2.471349867139234,-0.07297237507261833,0.0,0.9090909090909091,1.0,0.0,0.0,0.0,0.0,0.0,0.0,0.0,1.0,9.0,0.0,0.0,5.5634000000000015,1.0,0.0,0.0,0.0,0.0,0.0,0.0,1.0,1.0,0.0,0.0,0.0,0.0,0.0,0.0,0.0,0.0,0.0,0.0,0.0,0.0,0.0,0.0,0.0,0.0,0.0,0.0,0.0,0.0,0.0,0.0,0,0,0,0,0,0,0,0,0,0,0,0,0,0,1,1,0,0,0,0,0,0,0,1,0,0,0,0,0,0,0,1,0,0,0,0,0,0,0,0,0,0,0,0,0,0,0,0,0,0,0,1,1,0,0,0,0,0,0,0,0,1,0,0,0,0,0,0,0,1,0,0,0,0,0,0,0,0,0,0,0,0,0,1,0,0,0,0,0,0,1,0,0,0,0,0,0,0,0,0,0,1,0,0,0,0,0,0,0,0,0,0,0,0,0,0,0,0,0,0,0,1,0,1,0,0,0,0,0,0,0,0,0,0,0,0,0,0,0,0,0,0,0,0,0,1,0,1,0,0,0,0,0,0,0,0,0,0,1,0,0,0,0,0,0,1,1,0,0,0,0,0,0,0,0,0,0,0,0,0,0,0,0,0,0,0,0,0,0,0,0,0,0,0,0,0,0,0,0,0,1,0,0,1,0,0,0,0,0,1,0,0,0,0,0,0,0,0,0,0,1,0,0,0,0,0,0,0,0,0,0,0,1,0,1,0,1,0,0,0,1,0
13.348779761904762,0.14130180529016068,-8.890610355253212,0.34612026304160776,16.34375,524.142,0.4103060592396893,-0.4766274573342905,0.4766274573342905,0.4103060592396893,0.5,0.71875,19.385653837639524,9.857958122132885,2.9628454653377445,-2.436183803711574,5.766874852995248,-0.4601128494110522,2.593535009602164,6.978354095774385,-1.7900000000000011,844971.1125933755,7.357166060027076,3.3288953547260123,5.106527394840706,0.0,0.0,0.0,0.0,59.27206780080304,0.0,4.794537184071822,79.02747085814677,0.0,6.923737199690624,0.0,6.4208216229260096,0.0,5.969305287951849,0.0,0.0,66.64732133546782,0.0,0.0,0.0,0.0,0.0,0.0,4.794537184071822,0.0,13.344558822616634,0.0,0.0,0.0,37.3,0.0,6.923737199690624,0.0,0.0,0.0,0.0,0.0,0.0,5.106527394840706,9.875678748450508,7.674831673424486,0.0,-77.82935594239481,0.0,-2.562798443815084,-0.14130180529016068,0.0,0.9166666666666666,1.0,0.0,0.0,0.0,0.0,0.0,0.0,0.0,1.0,10.0,0.0,0.0,6.198700000000002,1.0,0.0,0.0,0.0,0.0,0.0,0.0,1.0,1.0,0.0,0.0,0.0,0.0,0.0,0.0,0.0,0.0,0.0,0.0,0.0,0.0,0.0,0.0,0.0,0.0,0.0,0.0,0.0,0.0,0.0,0.0,0,0,0,0,0,0,0,0,0,0,0,0,0,0,1,1,0,0,0,0,0,0,0,1,0,0,0,0,0,0,0,1,0,0,0,0,0,0,0,0,0,0,0,0,0,0,0,0,0,0,0,1,1,0,0,0,0,0,0,0,0,1,0,0,0,0,0,0,0,1,0,0,0,0,0,0,0,0,0,0,0,0,0,1,0,0,0,0,0,0,1,0,0,0,0,0,0,0,0,0,0,1,0,0,0,0,0,0,0,0,0,0,0,0,0,0,0,0,0,0,0,1,0,1,0,0,0,0,0,0,0,0,0,0,0,0,0,0,0,0,0,0,0,0,0,1,0,1,0,0,0,0,0,0,0,0,0,0,1,0,0,0,0,0,0,1,1,0,0,0,0,0,0,0,0,0,0,0,0,0,0,0,0,0,0,0,0,0,0,0,0,0,0,0,0,0,0,0,0,0,1,0,0,1,0,0,0,0,0,1,0,0,0,0,0,0,0,0,0,0,1,0,0,0,0,0,0,0,0,0,0,0,1,0,1,0,1,0,0,0,1,0
12.205208333333333,3.2903472222222208,-7.084791666666668,0.7766839854100495,15.0625,263.05899999999997,0.45966398785386,-0.3642224607854136,0.45966398785386,0.3642224607854136,0.75,1.0625,19.432808219672687,10.037325309409356,2.830098571424687,-2.3126460681169854,5.82614702500008,-0.38782013271407145,2.0036819414535474,5.619692713382383,-1.1600000000000006,939.7268305417138,3.417284360053293,1.7755066791242644,5.733667477162185,0.0,0.0,0.0,5.907179729351506,23.943886021727202,4.794537184071822,0.0,39.513735429073385,0.0,0.0,0.0,0.0,0.0,5.907179729351506,0.0,5.733667477162185,23.943886021727202,0.0,0.0,0.0,5.733667477162185,0.0,0.0,4.794537184071822,0.0,0.0,0.0,0.0,0.0,43.09,0.0,0.0,0.0,0.0,0.0,0.0,0.0,5.733667477162185,0.0,9.732872732426305,0.0,3.6266992630385486,-23.67067129629629,0.0,-6.949027777777777,0.0,0.0,0.8,2.0,0.0,0.0,0.0,1.0,0.0,0.0,0.0,1.0,3.0,0.0,0.0,1.9399000000000002,0.0,0.0,0.0,0.0,0.0,0.0,0.0,0.0,1.0,1.0,0.0,1.0,0.0,0.0,0.0,0.0,0.0,0.0,0.0,0.0,0.0,0.0,0.0,0.0,0.0,0.0,0.0,1.0,0.0,0.0,0.0,0,0,0,0,0,0,0,0,0,0,0,0,0,0,0,0,0,0,0,0,1,0,0,0,0,0,0,0,0,0,0,1,1,0,0,0,0,0,0,1,0,0,0,0,0,0,0,0,0,0,0,0,0,0,0,0,0,0,0,0,0,0,0,0,0,0,0,0,0,0,0,0,0,0,0,0,0,0,0,0,0,0,0,1,0,0,0,0,0,0,0,0,0,0,0,0,0,0,0,0,0,0,0,0,0,0,0,0,0,0,0,0,0,0,0,0,0,0,0,0,0,1,0,1,0,0,0,0,0,0,0,0,0,0,0,0,0,0,0,0,0,0,0,0,0,1,0,1,0,0,0,0,0,0,0,0,1,0,1,0,1,0,0,0,0,0,0,0,0,0,0,0,0,0,0,0,0,0,0,0,0,0,0,0,0,0,0,0,0,0,0,0,0,1,0,0,0,0,0,1,1,0,0,1,0,0,0,0,0,0,0,0,0,0,0,0,0,0,0,0,0,0,0,0,0,0,0,0,0,1,0,0,1,1,0,1,0,1,0,0,1,0
12.475208333333333,3.490602324263037,-7.600416666666668,0.796618942019575,15.526315789473685,313.0659999999999,0.45964763790145985,-0.36422248066196655,0.45964763790145985,0.36422248066196655,0.631578947368421,0.9473684210526315,19.43340650565226,9.976073838583321,2.8783495220246325,-2.3545691205597308,5.826468011582184,-0.41637072671109127,2.139733248300212,5.989640448872494,-1.3000000000000007,3314.4468016170285,4.0963518395048215,2.1785238667302544,5.733667477162185,0.0,0.0,0.0,5.907179729351506,29.86641518982178,4.794537184071822,0.0,48.29456552442303,0.0,0.0,0.0,0.0,0.0,5.907179729351506,0.0,5.733667477162185,29.86641518982178,0.0,0.0,0.0,5.733667477162185,0.0,0.0,4.794537184071822,0.0,0.0,0.0,0.0,0.0,43.09,0.0,0.0,0.0,0.0,0.0,0.0,0.0,5.733667477162185,0.0,9.82375283446712,0.0,3.576954365079365,-32.57870417611489,0.0,-7.256293461829177,0.0,0.0,0.8333333333333334,2.0,0.0,0.0,0.0,1.0,0.0,0.0,0.0,1.0,4.0,0.0,0.0,2.5752,0.0,0.0,0.0,0.0,0.0,0.0,0.0,0.0,1.0,1.0,0.0,1.0,0.0,0.0,0.0,0.0,0.0,0.0,0.0,0.0,0.0,0.0,0.0,0.0,0.0,0.0,0.0,1.0,0.0,0.0,0.0,0,0,0,0,0,0,0,0,0,0,0,0,0,0,0,0,0,0,0,0,1,0,0,0,0,0,0,0,0,0,0,1,1,0,0,0,0,0,0,1,0,0,0,0,0,0,0,0,0,0,0,0,0,0,0,0,0,0,0,0,0,0,0,0,0,0,0,0,0,0,0,0,0,0,0,0,0,0,0,0,0,0,0,1,0,0,0,0,0,0,0,0,0,0,0,0,0,0,0,0,0,0,0,0,0,0,0,0,0,0,0,0,0,0,0,0,0,0,0,0,0,1,0,1,0,0,0,0,0,0,0,0,0,0,0,0,0,0,0,0,0,0,0,0,0,1,0,1,0,0,0,0,0,0,0,0,1,0,1,0,1,0,0,0,0,0,1,0,0,0,0,0,0,0,0,0,0,0,0,0,0,0,0,0,0,0,0,0,0,0,0,0,0,1,0,0,0,0,0,1,1,0,0,1,0,0,0,0,0,0,0,0,0,0,0,0,0,0,0,0,0,0,0,0,0,0,0,0,0,1,0,0,1,1,0,1,0,1,0,0,1,0
12.693472222222223,3.534274966931217,-8.027152777777777,0.7494904736483718,15.863636363636363,363.0729999999999,0.45964729771989393,-0.3642224807521025,0.45964729771989393,0.3642224807521025,0.5454545454545454,0.8181818181818182,19.43387175062234,9.935337142881004,2.9110613157271374,-2.3831460308076062,5.8265726076211735,-0.4355441343270409,2.2538192065250198,6.293278332058746,-1.4400000000000008,11530.539060582001,4.776102372519197,2.3300454882709567,5.733667477162185,0.0,0.0,0.0,5.907179729351506,35.78894435791636,4.794537184071822,0.0,57.07539561977267,0.0,0.0,0.0,0.0,0.0,5.907179729351506,0.0,5.733667477162185,35.78894435791636,0.0,0.0,0.0,5.733667477162185,0.0,0.0,4.794537184071822,0.0,0.0,0.0,0.0,0.0,43.09,0.0,0.0,0.0,0.0,0.0,0.0,0.0,5.733667477162185,0.0,9.892184547430084,0.0,3.534274966931217,-41.97863284202569,0.0,-7.488076105442177,0.0,0.0,0.8571428571428571,2.0,0.0,0.0,0.0,1.0,0.0,0.0,0.0,1.0,5.0,0.0,0.0,3.2105,0.0,0.0,0.0,0.0,0.0,0.0,0.0,0.0,1.0,1.0,0.0,1.0,0.0,0.0,0.0,0.0,0.0,0.0,0.0,0.0,0.0,0.0,0.0,0.0,0.0,0.0,0.0,1.0,0.0,0.0,0.0,0,0,0,0,0,0,0,0,0,0,0,0,0,0,0,0,0,0,0,0,1,0,0,0,0,0,0,0,0,0,0,1,1,0,0,0,0,0,0,1,0,0,0,0,0,0,0,0,0,0,0,0,0,0,0,0,0,0,0,0,0,0,0,0,0,0,0,0,0,0,0,0,0,0,0,0,0,0,0,0,0,0,0,1,0,0,0,0,0,0,0,0,0,0,0,0,0,0,0,0,0,0,0,0,0,0,0,0,0,0,0,0,0,0,0,0,0,0,0,0,0,1,0,1,0,0,0,0,0,0,0,0,0,0,0,0,0,0,0,0,0,0,0,0,0,1,0,1,0,0,0,0,0,0,0,0,1,0,1,0,1,0,0,0,0,0,1,0,0,0,0,0,0,0,0,0,0,0,0,0,0,0,0,0,0,0,0,0,0,0,0,0,0,1,0,0,0,0,0,1,1,0,0,1,0,0,0,0,0,0,0,0,0,0,0,0,0,0,0,0,0,0,0,0,0,0,0,0,0,1,0,0,1,1,0,1,0,1,0,0,1,0
12.880972222222223,3.4976083002645506,-8.415277777777776,0.6613180960492797,16.12,413.0799999999999,0.4596472944548451,-0.364222480752299,0.4596472944548451,0.364222480752299,0.48,0.72,19.434307960247367,9.906907304274608,2.9345206207354133,-2.403401002777272,5.826619190938119,-0.44912901559157153,2.3520090748010207,6.547079013921287,-1.580000000000001,39741.89733691285,5.456258065310048,2.739201485283877,5.733667477162185,0.0,0.0,0.0,5.907179729351506,41.711473526010934,4.794537184071822,0.0,65.8562257151223,0.0,0.0,0.0,0.0,0.0,5.907179729351506,0.0,5.733667477162185,41.711473526010934,0.0,0.0,0.0,5.733667477162185,0.0,0.0,4.794537184071822,0.0,0.0,0.0,0.0,0.0,43.09,0.0,0.0,0.0,0.0,0.0,0.0,0.0,5.733667477162185,0.0,9.945517880763418,0.0,3.4976083002645506,-51.75897455278407,0.0,-7.6691463923532375,0.0,0.0,0.875,2.0,0.0,0.0,0.0,1.0,0.0,0.0,0.0,1.0,6.0,0.0,0.0,3.8458,0.0,0.0,0.0,0.0,0.0,0.0,0.0,0.0,1.0,1.0,0.0,1.0,0.0,0.0,0.0,0.0,0.0,0.0,0.0,0.0,0.0,0.0,0.0,0.0,0.0,0.0,0.0,1.0,0.0,0.0,0.0,0,0,0,0,0,0,0,0,0,0,0,0,0,0,0,0,0,0,0,0,1,0,0,0,0,0,0,0,0,0,0,1,1,0,0,0,0,0,0,1,0,0,0,0,0,0,0,0,0,0,0,0,0,0,0,0,0,0,0,0,0,0,0,0,0,0,0,0,0,0,0,0,0,0,0,0,0,0,0,0,0,0,0,1,0,0,0,0,0,0,0,0,0,0,0,0,0,0,0,0,0,0,0,0,0,0,0,0,0,0,0,0,0,0,0,0,0,0,0,0,0,1,0,1,0,0,0,0,0,0,0,0,0,0,0,0,0,0,0,0,0,0,0,0,0,1,0,1,0,0,0,0,0,0,0,0,1,0,1,0,1,0,0,0,0,0,1,0,0,0,0,0,0,0,0,0,0,0,0,0,0,0,0,0,0,0,0,0,0,0,0,0,0,1,0,0,0,0,0,1,1,0,0,1,0,0,0,0,0,0,0,0,0,0,0,0,0,0,0,0,0,0,0,0,0,0,0,0,0,1,0,0,1,1,0,1,0,1,0,0,1,0
13.036716742252457,3.465934746545542,-8.722543461829176,0.5566632149177374,16.321428571428573,463.08699999999993,0.45964729443997543,-0.3642224807522992,0.45964729443997543,0.3642224807522992,0.42857142857142855,0.6428571428571429,19.434753689526797,9.886300552130338,2.9521151080584853,-2.418250726015363,5.826647611675866,-0.4590688132878767,2.43820249313014,6.762462438804282,-1.720000000000001,136068.7665341137,6.13667376454714,2.906984183089888,5.733667477162185,0.0,0.0,0.0,5.907179729351506,47.63400269410551,4.794537184071822,0.0,74.63705581047195,0.0,0.0,0.0,0.0,0.0,5.907179729351506,0.0,5.733667477162185,47.63400269410551,0.0,0.0,0.0,5.733667477162185,0.0,0.0,4.794537184071822,0.0,0.0,0.0,0.0,0.0,43.09,0.0,0.0,0.0,0.0,0.0,0.0,0.0,5.733667477162185,0.0,9.988224492333664,0.0,3.465934746545542,-61.84248531588561,0.0,-7.814508403670111,0.0,0.0,0.8888888888888888,2.0,0.0,0.0,0.0,1.0,0.0,0.0,0.0,1.0,7.0,0.0,0.0,4.4811000000000005,0.0,0.0,0.0,0.0,0.0,0.0,0.0,0.0,1.0,1.0,0.0,1.0,0.0,0.0,0.0,0.0,0.0,0.0,0.0,0.0,0.0,0.0,0.0,0.0,0.0,0.0,0.0,1.0,0.0,0.0,0.0,0,0,0,0,0,0,0,0,0,0,0,0,0,0,0,0,0,0,0,0,1,0,0,0,0,0,0,0,0,0,0,1,1,0,0,0,0,0,0,1,0,0,0,0,0,0,0,0,0,0,0,0,0,0,0,0,0,0,0,0,0,0,0,0,0,0,0,0,0,0,0,0,0,0,0,0,0,0,0,0,0,0,0,1,0,0,0,0,0,0,0,0,0,0,0,0,0,0,0,0,0,0,0,0,0,0,0,0,0,0,0,0,0,0,0,0,0,0,0,0,0,1,0,1,0,0,0,0,0,0,0,0,0,0,0,0,0,0,0,0,0,0,0,0,0,1,0,1,0,0,0,0,0,0,0,0,1,0,1,0,1,0,0,0,0,0,1,0,0,0,0,0,0,0,0,0,0,0,0,0,0,0,0,0,0,0,0,0,0,0,0,0,0,1,0,0,0,0,0,1,1,0,0,1,0,0,0,0,0,0,0,0,0,0,0,0,0,0,0,0,0,0,0,0,0,0,0,0,0,1,0,0,1,1,0,1,0,1,0,0,1,0
13.174471844293272,3.438386537179151,-9.015043461829176,0.4507972818407932,16.483870967741936,513.0939999999999,0.459647294439943,-0.3642224807522992,0.459647294439943,0.3642224807522992,0.3870967741935484,0.5806451612903226,19.43522605433743,9.870893206030859,2.9658065738027157,-2.429432560839856,5.826669507187892,-0.4666024476612753,2.515034661937067,6.947593504737034,-1.8600000000000012,463566.1588189163,6.817266256275943,3.3167253843496374,5.733667477162185,0.0,0.0,0.0,5.907179729351506,53.55653186220009,4.794537184071822,0.0,83.41788590582159,0.0,0.0,0.0,0.0,0.0,5.907179729351506,0.0,5.733667477162185,53.55653186220009,0.0,0.0,0.0,5.733667477162185,0.0,0.0,4.794537184071822,0.0,0.0,0.0,0.0,0.0,43.09,0.0,0.0,0.0,0.0,0.0,0.0,0.0,5.733667477162185,0.0,10.023176282967274,0.0,3.438386537179151,-72.17338288369245,0.0,-7.9337789712992635,0.0,0.0,0.9,2.0,0.0,0.0,0.0,1.0,0.0,0.0,0.0,1.0,8.0,0.0,0.0,5.1164000000000005,0.0,0.0,0.0,0.0,0.0,0.0,0.0,0.0,1.0,1.0,0.0,1.0,0.0,0.0,0.0,0.0,0.0,0.0,0.0,0.0,0.0,0.0,0.0,0.0,0.0,0.0,0.0,1.0,0.0,0.0,0.0,0,0,0,0,0,0,0,0,0,0,0,0,0,0,0,0,0,0,0,0,1,0,0,0,0,0,0,0,0,0,0,1,1,0,0,0,0,0,0,1,0,0,0,0,0,0,0,0,0,0,0,0,0,0,0,0,0,0,0,0,0,0,0,0,0,0,0,0,0,0,0,0,0,0,0,0,0,0,0,0,0,0,0,1,0,0,0,0,0,0,0,0,0,0,0,0,0,0,0,0,0,0,0,0,0,0,0,0,0,0,0,0,0,0,0,0,0,0,0,0,0,1,0,1,0,0,0,0,0,0,0,0,0,0,0,0,0,0,0,0,0,0,0,0,0,1,0,1,0,0,0,0,0,0,0,0,1,0,1,0,1,0,0,0,0,0,1,0,0,0,0,0,0,0,0,0,0,0,0,0,0,0,0,0,0,0,0,0,0,0,0,0,0,1,0,0,0,0,0,1,1,0,0,1,0,0,0,0,0,0,0,0,0,0,0,0,0,0,0,0,0,0,0,0,0,0,0,0,0,1,0,0,1,1,0,1,0,1,0,0,1,0
12.696041666666666,4.048124999999997,-7.727291666666666,0.8125703875636956,15.526315789473685,314.04999999999995,0.4375562379405423,-0.47662908932025544,0.47662908932025544,0.4375562379405423,0.6842105263157895,0.9473684210526315,19.43566794693377,9.905007275383175,2.9112537409481103,-2.3745529027253367,5.768158986676858,-0.42129661582878625,2.113073919972914,6.294552613762393,-1.3000000000000007,3127.3494015599126,4.0963518395048215,2.1785238667302544,5.106527394840706,0.0,0.0,0.0,0.0,35.83572047777363,0.0,9.184952231746642,43.90415047674821,0.0,0.0,0.0,0.0,0.0,5.969305287951849,0.0,0.0,29.86641518982178,0.0,0.0,0.0,0.0,0.0,0.0,4.794537184071822,0.0,0.0,0.0,0.0,0.0,37.3,0.0,0.0,0.0,0.0,0.0,0.0,0.0,0.0,5.106527394840706,9.636926020408165,7.5403103741496595,-7.727291666666666,-18.594629629629623,0.0,-15.040416666666665,0.0,0.0,0.8333333333333334,1.0,0.0,0.0,0.0,0.0,0.0,0.0,0.0,1.0,3.0,0.0,0.0,3.1745,1.0,0.0,0.0,0.0,0.0,0.0,0.0,1.0,1.0,0.0,0.0,0.0,0.0,0.0,0.0,0.0,0.0,0.0,0.0,0.0,0.0,0.0,0.0,0.0,0.0,0.0,0.0,0.0,0.0,0.0,0.0,0,0,0,0,0,0,0,0,0,0,0,0,0,0,0,0,0,0,0,0,1,0,1,0,0,0,0,0,0,0,0,1,0,0,0,0,0,0,0,0,0,0,0,0,0,0,0,0,0,0,0,1,0,0,0,0,0,0,0,0,0,0,0,0,0,0,0,0,0,0,0,0,0,0,0,0,0,0,1,0,0,0,0,1,0,0,0,0,0,0,1,0,0,0,0,0,0,0,0,0,0,1,0,1,0,0,0,0,0,0,0,0,0,0,0,0,0,0,0,0,0,0,0,1,0,0,0,0,0,0,0,0,0,0,0,0,0,0,0,0,0,0,0,0,0,1,0,1,0,0,0,0,0,0,0,0,0,0,1,0,0,0,0,0,0,1,0,0,0,0,0,0,0,0,0,0,0,0,1,0,0,0,0,0,0,0,0,0,0,0,0,0,0,0,0,0,0,0,0,1,1,0,0,1,0,0,0,0,0,1,0,0,0,0,0,0,0,0,0,0,1,0,0,0,0,0,0,0,0,0,0,0,1,0,1,0,1,0,0,0,1,0
13.117916666666666,4.248380102040813,-8.242916666666666,0.7708728282496312,18.045454545454547,364.05699999999996,0.45695733384269005,-0.47662910563080657,0.47662910563080657,0.45695733384269005,0.5909090909090909,0.9090909090909091,19.43660141940092,9.845744771660563,2.9470248033501174,-2.4118855557944325,5.768693166073524,-0.4412800282163112,2.230208896915838,6.7279215929921365,-1.4400000000000008,10948.095474959848,4.776102372519197,2.3300454882709567,5.106527394840706,0.0,0.0,0.0,0.0,41.758249645868204,0.0,9.184952231746642,52.68498057209785,0.0,0.0,0.0,0.0,0.0,5.969305287951849,0.0,0.0,35.78894435791636,0.0,0.0,0.0,0.0,0.0,0.0,4.794537184071822,0.0,0.0,0.0,0.0,0.0,37.3,0.0,0.0,0.0,0.0,0.0,0.0,0.0,0.0,5.106527394840706,9.72780612244898,7.584315476190476,-8.242916666666666,-27.558218065003775,0.0,-15.59356812169312,0.0,0.0,0.8571428571428571,1.0,0.0,0.0,0.0,0.0,0.0,0.0,1.0,1.0,4.0,1.0,0.0,3.8098,1.0,0.0,0.0,0.0,0.0,0.0,0.0,1.0,1.0,0.0,0.0,0.0,0.0,0.0,0.0,0.0,0.0,0.0,0.0,0.0,0.0,0.0,0.0,0.0,0.0,0.0,0.0,0.0,0.0,0.0,0.0,0,0,0,0,0,0,0,0,0,0,0,0,0,0,0,0,0,0,0,0,1,0,1,0,0,0,0,0,0,0,0,1,0,0,0,0,0,0,0,0,0,0,0,0,0,0,0,0,0,0,0,1,0,0,0,0,0,0,0,0,0,0,0,0,0,0,0,0,0,0,0,0,0,0,0,0,0,0,1,0,0,0,0,1,0,0,0,0,0,0,1,0,0,0,0,0,0,0,0,0,0,1,0,0,0,0,0,0,0,0,0,0,0,0,0,0,0,1,0,0,0,0,0,1,0,0,0,0,0,0,0,0,0,0,0,0,0,0,0,0,0,0,0,0,0,1,0,1,0,0,0,0,0,0,0,0,1,0,1,0,0,0,0,0,0,1,0,0,0,0,0,0,0,0,0,0,0,0,1,0,0,0,0,0,0,0,0,0,0,0,0,0,0,0,0,0,0,0,0,1,1,0,0,1,0,0,0,0,0,1,0,0,0,0,0,0,0,0,0,0,1,0,0,0,0,0,0,0,0,0,0,0,1,0,1,0,1,0,0,0,1,0
13.387916666666667,4.407499999999996,-8.631041666666665,0.6759633964412283,18.04,414.06399999999996,0.45951867536475854,-0.4766291057044701,0.4766291057044701,0.45951867536475854,0.52,0.84,19.436920733444286,9.817168563152034,2.9682143235942404,-2.433431496951952,5.768864644870439,-0.45383124490047794,2.331239881327416,7.020888710114528,-1.580000000000001,37782.40475667343,5.456258065310048,2.739201485283877,5.106527394840706,0.0,0.0,0.0,0.0,47.68077881396278,0.0,9.184952231746642,61.46581066744749,0.0,0.0,0.0,0.0,0.0,5.969305287951849,0.0,0.0,41.711473526010934,0.0,0.0,0.0,0.0,0.0,0.0,4.794537184071822,0.0,0.0,0.0,0.0,0.0,37.3,0.0,0.0,0.0,0.0,0.0,0.0,0.0,0.0,5.106527394840706,9.796237835411944,7.615710152116401,-8.631041666666665,-36.998963057445195,0.0,-16.012659438775508,0.0,0.0,0.875,1.0,0.0,0.0,0.0,0.0,0.0,0.0,1.0,1.0,5.0,1.0,0.0,4.4451,1.0,0.0,0.0,0.0,0.0,0.0,0.0,1.0,1.0,0.0,0.0,0.0,0.0,0.0,0.0,0.0,0.0,0.0,0.0,0.0,0.0,0.0,0.0,0.0,0.0,0.0,0.0,0.0,0.0,0.0,0.0,0,0,0,0,0,0,0,0,0,0,0,0,0,0,0,0,0,1,0,0,1,0,1,0,0,0,0,0,0,0,0,1,0,0,0,0,0,0,0,0,0,0,0,0,0,0,0,0,0,0,0,1,0,0,0,0,0,0,0,0,0,0,0,0,0,0,0,0,0,0,0,0,0,0,0,0,0,0,1,0,0,0,0,1,0,0,0,0,0,0,1,0,0,0,0,0,0,0,0,0,0,1,0,0,0,0,0,0,0,0,0,0,0,0,0,0,0,1,0,0,0,0,0,1,0,0,0,0,0,0,0,0,0,0,0,0,0,0,0,0,0,0,0,0,0,1,0,1,0,0,0,0,0,0,0,0,1,0,1,0,1,0,0,0,0,1,0,0,0,0,0,0,0,0,0,0,0,0,1,0,0,0,0,0,0,0,0,0,0,0,0,0,0,0,0,0,0,0,0,1,1,0,0,1,0,0,0,0,0,1,0,0,0,0,0,0,0,0,0,0,1,0,0,0,0,0,0,0,0,0,0,0,1,0,1,0,1,0,0,0,1,0
13.575416666666667,4.536599151234563,-8.986458333333331,0.5574739139654126,18.035714285714285,464.07099999999997,0.4596446095152827,-0.476629105704631,0.476629105704631,0.4596446095152827,0.4642857142857143,0.7857142857142857,19.43731216445634,9.801811093054303,2.9823554865180735,-2.446915062729345,5.768936410875064,-0.4633737477732937,2.4195424607419067,7.231633934543266,-1.720000000000001,129518.10792351427,6.13667376454714,2.906984183089888,5.106527394840706,0.0,0.0,0.0,0.0,53.60330798205736,0.0,9.184952231746642,70.24664076279713,0.0,0.0,0.0,0.0,0.0,5.969305287951849,0.0,0.0,47.63400269410551,0.0,0.0,0.0,0.0,0.0,0.0,4.794537184071822,0.0,0.0,0.0,0.0,0.0,37.3,0.0,0.0,0.0,0.0,0.0,0.0,0.0,0.0,5.106527394840706,9.849571168745278,7.639043485449735,-8.923541666666665,-46.81055476820357,0.0,-16.34620169595616,0.0,0.0,0.8888888888888888,1.0,0.0,0.0,0.0,0.0,0.0,0.0,1.0,1.0,6.0,1.0,0.0,5.080400000000001,1.0,0.0,0.0,0.0,0.0,0.0,0.0,1.0,1.0,0.0,0.0,0.0,0.0,0.0,0.0,0.0,0.0,0.0,0.0,0.0,0.0,0.0,0.0,0.0,0.0,0.0,0.0,0.0,0.0,0.0,0.0,0,0,0,0,0,0,0,0,0,0,0,0,0,0,0,0,0,1,0,0,1,0,1,0,0,0,0,0,0,0,0,1,0,0,0,0,0,0,0,0,0,0,0,0,0,0,0,0,0,0,0,1,0,0,0,0,0,0,0,0,0,0,0,0,0,0,0,0,0,0,0,0,0,0,0,0,0,0,1,0,0,0,0,1,0,0,0,0,0,0,1,0,0,0,0,0,0,0,0,0,0,1,0,0,0,0,0,0,0,0,0,0,0,0,0,0,0,1,0,0,0,0,0,1,0,0,0,0,0,0,0,0,0,0,0,0,0,0,0,0,0,0,0,0,0,1,0,1,0,0,0,0,0,0,0,0,1,0,1,0,1,0,0,0,0,1,1,0,0,0,0,0,0,0,0,0,0,0,1,0,0,0,0,0,0,0,0,0,0,0,0,0,0,0,0,0,0,0,0,1,1,0,0,1,0,0,0,0,0,1,0,0,0,0,0,0,0,0,0,0,1,0,0,0,0,0,0,0,0,0,0,0,1,0,1,0,1,0,0,0,1,0
13.713171768707483,4.643265817901231,-9.278958333333332,0.44227752729435554,18.032258064516128,514.078,0.45964726862819594,-0.4766291057046312,0.4766291057046312,0.45964726862819594,0.41935483870967744,0.7096774193548387,19.437824795268604,9.792907156405587,2.992557461402683,-2.4556910032294197,5.768976804621183,-0.46997571128503635,2.4981391610189934,7.392528865757865,-1.8600000000000012,441663.509250675,6.817266256275943,3.3167253843496374,5.106527394840706,0.0,0.0,0.0,0.0,59.525837150151936,0.0,9.184952231746642,79.02747085814677,0.0,0.0,0.0,0.0,0.0,5.969305287951849,0.0,0.0,53.55653186220009,0.0,0.0,0.0,0.0,0.0,0.0,4.794537184071822,0.0,0.0,0.0,0.0,0.0,37.3,0.0,0.0,0.0,0.0,0.0,0.0,0.0,0.0,5.106527394840706,9.892277780315524,7.656956708590231,-9.149306972789116,-56.9187568893298,0.0,-16.61840933904426,0.0,0.0,0.9,1.0,0.0,0.0,0.0,0.0,0.0,0.0,1.0,1.0,7.0,1.0,0.0,5.715700000000002,1.0,0.0,0.0,0.0,0.0,0.0,0.0,1.0,1.0,0.0,0.0,0.0,0.0,0.0,0.0,0.0,0.0,0.0,0.0,0.0,0.0,0.0,0.0,0.0,0.0,0.0,0.0,0.0,0.0,0.0,0.0,0,0,0,0,0,0,0,0,0,0,0,0,0,0,0,0,0,1,0,0,1,0,1,0,0,0,0,0,0,0,0,1,0,0,0,0,0,0,0,0,0,0,0,0,0,0,0,0,0,0,0,1,0,0,0,0,0,0,0,0,0,0,0,0,0,0,0,0,0,0,0,0,0,0,0,0,0,0,1,0,0,0,0,1,0,0,0,0,0,0,1,0,0,0,0,0,0,0,0,0,0,1,0,0,0,0,0,0,0,0,0,0,0,0,0,0,0,1,0,0,0,0,0,1,0,0,0,0,0,0,0,0,0,0,0,0,0,0,0,0,0,0,0,0,0,1,0,1,0,0,0,0,0,0,0,0,1,0,1,0,1,0,0,0,0,1,1,0,0,0,0,0,0,0,0,0,0,0,1,0,0,0,0,0,0,0,0,0,0,0,0,0,0,0,0,0,0,0,0,1,1,0,0,1,0,0,0,0,0,1,0,0,0,0,0,0,0,0,0,0,1,0,0,0,0,0,0,0,0,0,0,0,1,0,1,0,1,0,0,0,1,0
12.879050925925926,1.3726851851851856,-5.133101851851851,0.6614334284691806,36.07692307692308,204.09399999999997,0.35362296661676973,-0.4787026840860723,0.4787026840860723,0.35362296661676973,1.0769230769230769,1.5384615384615385,19.329573429402604,10.00889960213787,2.778188723055014,-2.2516205236789775,5.794255693703677,-0.23865430742559554,2.1212127852372213,3.14137699552809,-0.8800000000000003,481.51530224884925,2.3275314984189466,1.0194936588308119,5.106527394840706,0.0,0.0,0.0,5.668759818745678,17.814363624141002,0.0,9.184952231746642,17.56166019069928,0.0,0.0,0.0,12.841643245852019,0.0,5.969305287951849,0.0,0.0,30.35546140078685,0.0,0.0,0.0,0.0,0.0,0.0,4.794537184071822,0.0,12.841643245852019,0.0,0.0,0.0,37.3,0.0,0.0,0.0,0.0,0.0,0.0,0.0,0.0,5.106527394840706,10.038402777777778,8.052013888888888,-4.142361111111111,-12.262893518518517,0.0,-2.8282407407407413,0.0,0.0,0.8333333333333334,1.0,1.0,0.0,1.0,0.0,0.0,0.0,1.0,1.0,1.0,1.0,1.0,1.8437000000000001,1.0,0.0,0.0,0.0,0.0,0.0,0.0,1.0,1.0,0.0,0.0,0.0,0.0,0.0,0.0,0.0,0.0,0.0,0.0,0.0,0.0,0.0,0.0,0.0,0.0,0.0,0.0,0.0,0.0,0.0,0.0,0,0,0,0,1,0,0,0,0,0,0,0,0,0,0,0,1,0,0,0,0,0,0,0,0,0,0,0,0,0,0,0,0,0,0,0,0,0,0,0,0,0,0,0,0,0,1,0,0,0,0,0,0,0,0,0,0,0,0,0,0,0,0,1,0,0,0,0,0,0,0,0,0,0,0,0,0,0,0,0,0,0,0,0,0,0,0,0,0,0,1,0,0,0,0,0,0,0,0,0,0,0,0,0,0,0,0,0,1,0,0,0,0,0,0,0,0,0,0,0,0,0,0,1,0,0,1,0,0,0,0,0,0,0,0,0,0,0,0,0,0,0,0,0,0,0,0,1,0,1,0,0,0,0,0,0,0,0,1,0,0,1,0,0,0,0,0,0,0,0,0,0,0,0,0,0,0,0,1,0,0,0,0,0,0,0,0,0,0,1,0,1,1,0,1,0,0,0,0,0,1,0,0,1,0,0,1,0,0,1,0,0,0,0,0,0,0,0,0,0,1,0,0,0,0,0,0,0,1,0,0,0,1,0,1,0,1,0,0,0,1,1
13.300925925925926,1.7308101851851854,-6.305416666666667,0.7296721479212431,38.6875,254.10099999999994,0.43192557419193306,-0.4787793985581982,0.4787793985581982,0.43192557419193306,1.0625,1.5,19.41933172973225,9.867807151664875,2.867051987540933,-2.344681979189492,5.803328609393668,-0.3182625498715944,2.271143628729263,3.429427513323459,-1.0200000000000005,1646.5791308287155,3.008577034244311,1.226040055272981,5.106527394840706,0.0,0.0,0.0,11.591288986840254,17.814363624141002,0.0,22.3561973747711,13.171245143024459,0.0,0.0,0.0,12.841643245852019,0.0,5.969305287951849,0.0,0.0,36.27799056888143,0.0,0.0,0.0,0.0,0.0,0.0,4.794537184071822,0.0,12.841643245852019,0.0,0.0,0.0,37.3,0.0,0.0,0.0,0.0,0.0,0.0,0.0,0.0,5.106527394840706,10.225069444444445,8.155347222222222,-10.353587962962962,-7.9835416666666665,0.0,-9.849907407407407,0.0,0.0,0.8571428571428571,1.0,1.0,0.0,1.0,0.0,0.0,0.0,2.0,1.0,1.0,2.0,1.0,2.479000000000001,1.0,0.0,0.0,0.0,0.0,0.0,0.0,1.0,1.0,0.0,0.0,0.0,0.0,0.0,0.0,0.0,0.0,0.0,0.0,0.0,0.0,0.0,0.0,0.0,0.0,0.0,0.0,0.0,0.0,0.0,0.0,0,0,0,0,0,0,0,0,0,0,0,0,0,0,0,0,1,0,0,0,0,0,0,0,0,0,1,0,0,0,0,1,0,0,0,0,0,0,0,0,0,0,0,0,0,0,1,0,0,0,0,0,0,0,0,0,0,0,0,1,0,0,0,1,0,0,0,0,0,0,0,0,0,0,0,0,0,0,0,0,1,0,0,0,0,0,0,0,0,0,1,0,0,0,0,0,0,0,0,0,0,0,0,0,0,0,0,0,0,0,0,0,0,0,0,0,0,0,1,0,0,0,0,1,0,0,1,0,0,0,0,0,0,0,0,0,0,0,0,0,0,0,0,0,0,0,0,1,0,1,0,0,0,0,0,0,0,0,1,0,0,1,0,0,0,0,0,0,0,0,0,0,0,0,0,0,0,0,1,0,0,0,0,0,0,0,0,0,0,1,0,1,1,0,1,0,0,0,0,1,1,0,0,1,0,0,1,0,0,1,0,0,0,0,0,0,0,0,0,0,1,0,0,0,0,0,0,0,1,0,0,0,1,0,1,0,1,0,0,0,1,1
13.687708333333333,2.002476851851852,-6.872708333333334,0.7959591393815164,35.421052631578945,304.10799999999995,0.45669914540775786,-0.4787809959413015,0.4787809959413015,0.45669914540775786,0.9473684210526315,1.368421052631579,19.43002013452045,9.811813184843441,2.9107709284264884,-2.3936076882191273,5.805382015723477,-0.3706475090384605,2.39516019270588,3.589101846682728,-1.1600000000000006,5753.174782879523,3.689705749207786,1.6204198219259294,5.106527394840706,0.0,0.0,0.0,17.26004880558593,18.0681329734899,0.0,22.3561973747711,21.9520752383741,0.0,0.0,0.0,12.841643245852019,0.0,5.969305287951849,0.0,0.0,42.200519736976005,0.0,0.0,0.0,0.0,0.0,0.0,4.794537184071822,0.0,12.841643245852019,0.0,0.0,0.0,37.3,0.0,0.0,0.0,0.0,0.0,0.0,0.0,0.0,5.106527394840706,10.351344954648527,8.220398242630386,-11.25733796296296,-15.497361111111108,0.0,-10.960532407407406,0.0,0.0,0.875,1.0,1.0,0.0,1.0,0.0,0.0,0.0,2.0,1.0,2.0,2.0,1.0,3.114300000000001,1.0,0.0,0.0,0.0,0.0,0.0,0.0,1.0,1.0,0.0,0.0,0.0,0.0,0.0,0.0,0.0,0.0,0.0,0.0,0.0,0.0,0.0,0.0,0.0,0.0,0.0,0.0,0.0,0.0,0.0,0.0,0,0,0,0,0,0,0,0,0,0,0,0,0,0,0,0,1,0,0,1,1,0,0,0,0,0,1,0,0,0,0,1,0,0,0,0,0,0,0,0,0,0,0,0,0,0,1,0,0,0,0,0,0,0,0,0,0,0,0,0,0,0,0,1,0,0,0,0,0,0,0,1,0,0,0,0,0,0,0,0,0,0,0,0,0,0,0,0,0,0,1,0,0,0,0,0,0,0,0,0,0,0,0,0,0,0,0,0,0,0,0,0,0,0,0,0,0,0,1,0,0,0,0,1,0,0,1,0,1,0,0,0,0,0,0,0,0,1,0,0,0,0,0,0,0,0,0,1,0,1,0,0,0,0,0,0,0,0,1,0,0,1,0,0,0,0,0,0,0,0,0,0,0,0,0,0,0,0,1,0,0,0,0,0,0,0,0,0,0,1,0,1,1,0,1,0,0,0,0,1,1,0,0,1,0,0,1,0,0,1,0,0,0,0,0,0,0,0,0,0,1,0,0,0,0,0,0,0,1,0,0,0,1,0,1,0,1,0,0,0,1,1
13.957708333333333,2.2129360355253214,-7.435208333333334,0.7842738530925548,33.04545454545455,354.11499999999995,0.4595134813939125,-0.47878101098603715,0.47878101098603715,0.4595134813939125,0.8636363636363636,1.2727272727272727,19.432390378952114,9.786385807252266,2.9376845928822815,-2.4210153146966302,5.805911480282818,-0.4040840542611527,2.50239691177833,3.690822403642732,-1.3000000000000007,19846.50990731393,4.370875394171652,1.8223090059068892,5.106527394840706,0.0,0.0,0.0,17.26004880558593,23.990662141584476,0.0,22.3561973747711,30.732905333723743,0.0,0.0,0.0,12.841643245852019,0.0,5.969305287951849,0.0,0.0,48.12304890507058,0.0,0.0,0.0,0.0,0.0,0.0,4.794537184071822,0.0,12.841643245852019,0.0,0.0,0.0,37.3,0.0,0.0,0.0,0.0,0.0,0.0,0.0,0.0,5.106527394840706,10.442225056689344,8.264403344671202,-11.93796296296296,-23.940949546485257,0.0,-11.73724111866969,0.0,0.0,0.8888888888888888,1.0,1.0,0.0,1.0,0.0,0.0,0.0,2.0,1.0,3.0,2.0,1.0,3.749600000000001,1.0,0.0,0.0,0.0,0.0,0.0,0.0,1.0,1.0,0.0,0.0,0.0,0.0,0.0,0.0,0.0,0.0,0.0,0.0,0.0,0.0,0.0,0.0,0.0,0.0,0.0,0.0,0.0,0.0,0.0,0.0,0,0,0,0,0,0,0,0,0,0,0,0,0,0,0,0,1,0,0,1,1,0,0,0,0,0,1,0,0,0,0,1,0,0,0,0,0,0,0,0,0,0,0,0,0,0,1,0,0,0,0,0,0,0,0,0,0,0,0,0,0,0,0,1,0,0,0,0,0,0,0,0,0,0,0,0,0,0,0,0,0,0,0,1,0,0,0,0,0,0,1,0,0,0,0,0,0,1,0,0,1,0,0,0,0,0,0,0,0,0,0,0,0,0,0,0,0,0,1,0,0,0,0,1,0,0,1,0,0,0,0,0,0,0,0,0,0,1,0,0,0,0,0,0,0,0,0,1,0,1,0,0,0,0,0,0,1,0,1,0,0,1,0,0,0,0,0,0,0,0,0,0,0,0,0,0,0,0,1,0,0,0,0,0,0,0,0,0,0,1,0,1,1,0,1,0,0,0,0,1,1,0,0,1,0,0,1,0,0,1,0,0,0,0,0,0,0,0,0,0,1,0,0,0,0,0,0,0,1,0,0,0,1,0,1,0,1,0,0,0,1,1
7.569444444444445,0.25,0.25,0.4068079656553945,6.0,46.069,0.04022058174908642,-0.3966637147812598,0.3966637147812598,0.04022058174908642,2.0,2.0,16.248991329327914,10.908168035086371,1.3402935186707783,-1.52235869276019,3.835802335589486,0.3184056131739115,0.9182958340544894,1.6329931618554523,-0.04,2.7548875021634682,1.96,1.9600000000000033,5.106527394840706,0.0,0.0,0.0,0.0,0.0,0.0,0.0,0.0,0.0,0.0,6.923737199690624,6.606881964512918,0.0,0.0,0.0,0.0,6.923737199690624,6.606881964512918,0.0,0.0,0.0,0.0,0.0,0.0,0.0,6.923737199690624,0.0,0.0,0.0,20.23,0.0,6.606881964512918,0.0,0.0,0.0,6.923737199690624,0.0,0.0,5.106527394840706,0.0,7.569444444444445,0.0,0.0,0.0,0.0,1.9305555555555556,0.0,1.0,1.0,0.0,0.0,0.0,0.0,0.0,0.0,0.0,1.0,0.0,0.0,0.0,-0.0014000000000000123,0.0,1.0,1.0,0.0,0.0,0.0,0.0,0.0,0.0,0.0,0.0,0.0,0.0,0.0,0.0,0.0,0.0,0.0,0.0,0.0,0.0,0.0,0.0,0.0,0.0,0.0,0.0,0.0,0.0,0.0,0.0,0,0,0,0,0,0,0,0,0,0,0,0,0,0,0,1,0,0,0,0,0,0,0,1,0,0,0,0,0,0,0,0,0,0,0,0,0,0,0,0,0,0,0,0,0,0,0,0,0,0,0,0,0,0,0,1,0,0,0,0,0,0,0,0,0,0,0,0,0,1,0,0,0,0,0,0,0,0,0,0,0,0,0,0,0,0,0,0,1,0,0,0,0,0,0,0,0,0,0,0,0,0,0,0,0,0,0,0,0,0,0,0,0,0,0,0,0,0,0,0,0,0,0,0,0,0,0,0,0,0,0,0,0,0,0,0,0,0,0,0,0,0,0,0,0,0,0,1,0,0,0,0,0,0,0,0,0,0,0,0,0,0,0,0,0,0,0,0,0,0,0,0,0,0,0,0,0,0,0,0,0,0,0,0,0,1,0,0,0,0,0,0,0,0,0,0,0,0,0,0,0,1,0,0,0,0,0,0,0,0,0,0,0,0,0,0,0,0,0,0,1,0,0,0,0,0,0,0,0,0,0,1,0,0,1,0,0,0,0,0,1,0
9.0,0.8333333333333333,-0.8333333333333333,0.42988288320012163,6.25,60.05200000000001,0.2996845531582142,-0.481433475172105,0.481433475172105,0.2996845531582142,2.0,2.0,16.36392906806316,10.854985217204096,1.6509951854331453,-1.5897739953032324,5.624779759282926,-0.1339289924624054,0.8112781244591328,2.8030394876740514,-0.53,3.2451124978365313,0.8748582995951415,1.1560092559629747,5.106527394840706,0.0,0.0,0.0,5.969305287951849,0.0,4.794537184071822,0.0,0.0,0.0,0.0,0.0,6.923737199690624,0.0,5.969305287951849,0.0,0.0,6.923737199690624,0.0,0.0,0.0,0.0,0.0,0.0,4.794537184071822,0.0,6.923737199690624,0.0,0.0,0.0,37.3,0.0,0.0,0.0,6.923737199690624,0.0,0.0,0.0,0.0,9.901064578912528,9.0,7.416666666666666,0.0,-0.8333333333333333,0.0,0.0,1.0833333333333333,0.0,0.5,1.0,0.0,0.0,0.0,0.0,0.0,0.0,0.0,1.0,0.0,0.0,0.0,0.09089999999999993,1.0,0.0,0.0,0.0,0.0,0.0,0.0,1.0,1.0,0.0,0.0,0.0,0.0,0.0,0.0,0.0,0.0,0.0,0.0,0.0,0.0,0.0,0.0,0.0,0.0,0.0,0.0,0.0,0.0,0.0,0.0,0,0,0,0,0,0,0,0,0,0,0,0,0,0,0,1,0,0,0,0,0,0,0,0,0,0,0,0,0,0,0,0,0,0,0,0,0,0,0,0,0,0,0,0,0,0,0,0,0,0,0,0,0,0,0,0,0,0,0,0,0,0,0,0,0,0,0,0,0,0,0,0,0,0,0,0,0,0,0,0,0,0,0,0,0,0,0,0,0,0,1,0,0,0,0,0,0,0,0,0,0,0,0,0,0,1,0,0,0,0,0,0,0,0,0,0,0,0,0,0,0,0,0,1,0,0,0,0,0,0,0,0,0,0,0,0,0,0,0,0,0,0,0,0,0,0,0,1,0,0,0,0,0,0,0,0,0,0,1,0,0,0,0,0,0,0,0,0,0,0,0,1,0,0,0,0,0,0,0,0,0,0,0,0,0,0,0,0,0,0,0,0,0,0,0,0,0,0,0,0,0,0,0,0,0,0,0,0,0,1,0,0,0,0,0,0,0,0,0,0,1,0,0,0,0,0,0,0,0,0,0,0,1,0,1,0,1,0,0,0,1,0
2.0,2.0,2.0,0.4426283718993647,8.0,78.11399999999999,-0.062268570782092456,-0.062268570782092456,0.062268570782092456,0.062268570782092456,0.3333333333333333,0.5,13.646993161855445,10.379006838144555,1.5737245910733604,-1.6942617326375449,4.985993161855456,1.718006838144549,1.719973094021975,3.000000000000001,-0.78,34.3994618804395,1.6057694396735218,0.5823992601400448,0.0,0.0,0.0,0.0,0.0,0.0,0.0,0.0,0.0,0.0,36.39820241076966,0.0,0.0,0.0,0.0,0.0,0.0,0.0,0.0,36.39820241076966,0.0,0.0,0.0,0.0,0.0,0.0,0.0,36.39820241076966,0.0,0.0,0.0,0.0,0.0,0.0,0.0,0.0,0.0,36.39820241076966,0.0,0.0,0.0,0.0,0.0,0.0,12.0,0.0,0.0,0.0,0.0,0.0,0.0,0.0,0.0,0.0,1.0,0.0,0.0,0.0,0.0,0.0,1.0,1.6866,0.0,0.0,0.0,0.0,0.0,0.0,0.0,0.0,0.0,0.0,0.0,0.0,0.0,0.0,0.0,0.0,0.0,0.0,0.0,0.0,0.0,0.0,0.0,0.0,0.0,0.0,0.0,0.0,0.0,0.0,0.0,0,0,0,0,0,0,0,0,0,0,0,0,0,0,0,0,0,0,0,0,0,0,1,0,0,0,0,0,0,0,0,0,0,0,0,0,0,0,0,0,0,0,0,0,0,0,0,0,0,0,0,0,0,0,0,0,0,0,0,0,0,0,0,0,0,0,0,0,0,0,0,0,0,0,0,0,0,0,0,0,0,0,0,0,0,0,0,0,0,0,1,0,0,0,0,0,0,0,0,0,0,0,0,0,0,0,0,0,0,0,0,0,0,0,0,0,0,0,0,0,0,0,0,0,0,0,0,0,0,0,0,0,0,0,0,0,0,0,0,0,0,0,0,0,0,0,0,0,0,0,0,0,0,1,0,0,0,0,0,0,0,0,0,0,0,0,0,0,0,0,0,0,0,0,0,0,0,0,0,0,0,0,0,0,0,0,0,0,0,0,0,0,0,0,0,0,0,0,0,0,0,0,0,0,0,0,0,0,0,0,0,0,0,0,0,0,0,0,0,0,0,0,0,0,0,0,0,0,0,0,0,0,0,0,0,0,0,0,1,1,0,1
8.055555555555555,0.16666666666666674,-0.16666666666666674,0.42840479403162834,9.0,60.096000000000004,0.04834761180869219,-0.3937069016405105,0.3937069016405105,0.04834761180869219,1.5,1.5,16.26364309024246,10.503601865317728,1.6882269952162394,-1.7983014802258805,4.204004313602449,0.21562482738807573,0.8112781244591328,2.3237900077244498,-0.04,3.2451124978365313,1.297837837837838,1128.9599999999998,5.106527394840706,0.0,0.0,0.0,0.0,0.0,0.0,0.0,0.0,0.0,0.0,13.847474399381248,6.103966387748303,0.0,0.0,0.0,0.0,19.95144078712955,0.0,0.0,0.0,0.0,0.0,0.0,0.0,0.0,13.847474399381248,0.0,0.0,0.0,20.23,0.0,6.103966387748303,0.0,0.0,0.0,13.847474399381248,0.0,0.0,5.106527394840706,0.0,8.055555555555555,0.0,0.0,0.0,-0.16666666666666674,3.4444444444444446,0.0,1.0,1.0,0.0,0.0,0.0,0.0,0.0,0.0,0.0,1.0,0.0,0.0,0.0,0.38710000000000006,0.0,1.0,1.0,0.0,0.0,0.0,0.0,0.0,0.0,0.0,0.0,0.0,0.0,0.0,0.0,0.0,0.0,0.0,0.0,0.0,0.0,0.0,0.0,0.0,0.0,0.0,0.0,0.0,0.0,0.0,0.0,1,0,0,0,0,0,0,0,0,0,0,0,0,0,0,1,0,0,0,0,0,0,0,0,0,0,0,0,0,0,0,0,0,0,0,0,0,0,0,0,0,0,0,0,0,0,0,0,0,0,0,0,0,0,0,0,0,1,0,0,0,0,0,0,0,0,0,1,0,0,0,0,0,0,0,0,0,0,0,0,0,0,0,0,0,0,0,0,0,0,0,0,0,0,0,0,0,0,0,0,0,0,0,0,0,0,0,0,0,0,0,0,0,0,0,0,0,0,0,0,0,0,0,0,0,0,0,0,0,0,0,0,1,0,0,0,0,0,0,0,0,0,0,0,0,0,0,1,0,0,0,0,0,0,0,0,0,0,0,0,0,0,0,0,0,0,0,0,0,0,0,0,0,0,0,0,0,0,0,0,1,0,0,0,0,0,0,0,0,0,0,0,0,0,0,0,0,0,0,0,0,0,0,0,0,0,0,0,0,0,0,0,0,0,0,0,0,0,0,0,1,0,0,0,0,0,0,1,0,0,1,0,0,0,1,0,0,0,0,0,1,0
2.2558985260770976,1.364795918367347,1.364795918367347,0.4806106052751372,9.75,114.232,-0.053316204543896704,-0.0653823832228023,0.0653823832228023,0.053316204543896704,0.625,1.0,13.894659234682535,10.132494143669753,1.8291013349134206,-1.9330649257747907,4.386659234682541,0.6244941436697566,1.8088121254443208,2.53006045688352,0.0,61.499612265106904,7.0,6.0,0.0,0.0,0.0,0.0,0.0,0.0,0.0,0.0,0.0,0.0,52.372404136937305,0.0,0.0,0.0,0.0,0.0,0.0,52.372404136937305,0.0,0.0,0.0,0.0,0.0,0.0,0.0,0.0,52.372404136937305,0.0,0.0,0.0,0.0,0.0,0.0,0.0,0.0,38.524929737556064,0.0,0.0,13.847474399381248,0.0,0.0,0.0,0.0,0.0,0.0,8.488202947845807,4.511797052154195,0.0,1.0,0.0,0.0,0.0,0.0,0.0,0.0,0.0,0.0,0.0,5.0,0.0,0.0,3.3668000000000022,0.0,0.0,0.0,0.0,0.0,0.0,0.0,0.0,0.0,0.0,0.0,0.0,0.0,0.0,0.0,0.0,0.0,0.0,0.0,0.0,0.0,0.0,0.0,0.0,0.0,0.0,0.0,0.0,0.0,0.0,5.0,0,0,0,0,0,0,0,0,0,0,0,0,0,0,0,1,0,0,0,0,0,0,0,1,0,0,0,0,0,0,0,0,0,1,0,0,0,0,0,0,0,0,0,0,0,0,0,0,0,0,0,0,0,0,0,0,0,0,0,0,0,0,0,0,0,0,0,0,0,1,0,0,0,0,0,0,0,0,0,0,0,0,0,0,0,0,0,0,0,0,0,0,0,0,0,1,0,0,0,0,0,0,0,0,0,0,0,0,0,0,0,0,0,0,0,0,0,0,0,0,0,0,0,0,0,0,0,0,0,0,0,0,0,0,0,0,0,0,0,0,0,0,0,1,0,0,0,0,0,0,0,0,0,0,0,0,0,1,0,0,0,0,0,0,0,0,0,0,0,0,0,0,0,0,0,0,0,0,0,0,0,0,0,0,0,0,0,0,0,0,0,0,0,0,0,0,0,0,0,0,0,0,0,0,0,1,1,0,0,0,0,0,1,1,0,0,0,0,0,0,0,0,0,0,0,0,0,1,0,0,0,0,0,0,0,0,0,0,0,0,0,0
8.632222222222222,0.3217592592592595,0.3217592592592595,0.514729544768675,8.571428571428571,94.11299999999997,0.11507481947527982,-0.5079669948663066,0.5079669948663066,0.11507481947527982,1.0,1.5714285714285714,16.254620152063804,10.346234440824086,1.7432187000138577,-1.8193535764132152,5.179739806036581,0.47511668252088446,1.6856161633204378,3.0214653097240856,-0.98,47.19725257297226,1.6461962159398054,0.9290591797144502,5.106527394840706,5.749511833283905,0.0,0.0,0.0,0.0,0.0,0.0,0.0,0.0,18.19910120538483,12.13273413692322,0.0,0.0,0.0,0.0,0.0,0.0,0.0,30.33183534230805,5.749511833283905,0.0,5.749511833283905,0.0,0.0,0.0,0.0,30.33183534230805,0.0,0.0,20.23,0.0,0.0,5.749511833283905,0.0,0.0,24.26546827384644,6.06636706846161,0.0,5.106527394840706,0.0,8.632222222222222,0.0,0.3217592592592595,8.712685185185185,0.0,0.0,0.0,0.0,1.0,0.0,0.0,0.0,0.0,1.0,0.0,0.0,1.0,0.0,0.0,1.0,1.3921999999999997,0.0,0.0,0.0,0.0,0.0,0.0,1.0,0.0,0.0,0.0,0.0,0.0,0.0,0.0,0.0,0.0,0.0,0.0,0.0,0.0,0.0,0.0,0.0,1.0,1.0,0.0,0.0,0.0,0.0,0.0,0.0,0,0,0,0,0,0,0,0,0,0,0,0,0,0,0,0,0,0,0,0,0,0,1,0,0,0,0,0,0,0,0,0,0,0,0,0,0,0,0,0,0,0,0,0,1,0,0,0,0,0,0,0,0,0,0,0,0,0,0,0,0,0,0,0,0,0,0,0,0,0,0,0,0,0,0,0,0,1,0,0,0,0,0,0,0,0,0,0,0,0,1,0,0,0,0,0,0,0,0,0,0,0,0,0,0,0,0,0,0,0,0,0,0,0,0,0,0,0,0,0,0,0,0,0,0,0,0,0,0,0,0,0,0,0,0,0,1,0,0,1,0,0,0,0,0,0,0,1,0,0,0,0,0,1,0,0,0,0,0,0,0,0,0,0,0,0,0,0,0,0,0,0,0,0,0,0,0,0,0,0,0,0,0,0,0,0,0,0,0,0,0,0,0,0,0,0,0,0,0,0,0,0,0,0,1,0,0,0,0,0,0,1,0,0,0,0,0,0,0,0,1,0,0,0,0,0,0,0,0,0,1,0,0,0,1,0,0,0,1,1,1,1
9.821527777777778,0.2106481481481477,-0.2106481481481477,0.43785087777866244,7.666666666666667,88.10600000000001,0.3021127777269908,-0.4661718899744166,0.4661718899744166,0.3021127777269908,1.8333333333333333,2.3333333333333335,16.53089092352122,10.76990204858451,1.8115671919809468,-1.8897674900509003,5.652796097040717,-0.13988766123000806,1.3485878960124225,2.8312571099313644,-0.53,14.834466856136647,2.693713646532438,3.4699999999999998,4.736862953800049,0.0,0.0,0.0,0.0,5.969305287951849,4.794537184071822,0.0,0.0,0.0,0.0,6.923737199690624,6.923737199690624,6.606881964512918,5.969305287951849,0.0,0.0,13.847474399381248,6.606881964512918,0.0,0.0,0.0,0.0,0.0,9.53140013787187,0.0,13.847474399381248,0.0,0.0,0.0,26.3,0.0,5.969305287951849,6.606881964512918,0.0,6.923737199690624,6.923737199690624,0.0,4.736862953800049,0.0,9.821527777777778,0.0,0.0,-0.2106481481481477,0.0,0.0,3.6530092592592593,0.0,0.75,0.0,0.0,0.0,0.0,0.0,0.0,0.0,0.0,0.0,1.0,0.0,0.0,0.5694,0.0,0.0,0.0,0.0,0.0,0.0,0.0,0.0,1.0,1.0,0.0,0.0,0.0,0.0,0.0,0.0,0.0,1.0,0.0,0.0,0.0,0.0,0.0,0.0,0.0,0.0,0.0,0.0,0.0,0.0,0.0,0,0,0,0,0,1,0,0,0,0,0,0,0,0,0,1,0,0,0,0,0,0,0,1,0,0,0,0,0,0,0,0,0,0,0,0,0,0,0,1,0,0,0,0,0,0,0,0,0,0,0,0,0,1,0,0,0,1,0,0,0,0,0,0,0,0,0,0,0,1,0,0,0,0,0,0,0,0,0,0,0,0,0,0,0,0,0,0,0,0,0,0,0,0,0,0,0,0,0,0,0,0,0,0,0,0,0,0,0,0,0,0,0,0,0,0,0,0,0,0,0,0,0,1,0,0,0,0,0,1,1,0,0,0,0,0,0,0,0,0,0,0,0,0,0,0,0,1,0,0,0,0,0,0,0,0,0,0,1,0,0,0,0,0,0,0,0,0,0,0,0,1,0,0,0,0,0,0,0,0,0,0,0,0,0,0,0,0,0,0,0,0,0,0,0,0,0,0,0,0,0,1,0,0,0,1,0,0,0,1,0,0,0,0,0,0,0,0,0,0,0,0,0,0,0,0,0,1,0,0,0,1,1,0,1,0,1,0,0,0,1,0
4.847222222222222,0.75,0.75,0.4062370953898832,6.0,45.084999999999994,-0.010576265829206462,-0.3307484184390755,0.3307484184390755,0.010576265829206462,2.0,2.0,14.489350501685236,10.840990590774261,1.3223586846717188,-1.5255036511694584,3.9983956644101193,1.1354269715888405,0.9182958340544894,1.6329931618554523,-0.04,2.7548875021634682,1.96,1.9600000000000033,5.733667477162185,0.0,0.0,0.0,0.0,0.0,0.0,0.0,0.0,0.0,6.923737199690624,6.544756405912575,0.0,0.0,0.0,0.0,5.733667477162185,6.923737199690624,6.544756405912575,0.0,0.0,5.733667477162185,0.0,0.0,0.0,0.0,6.923737199690624,0.0,0.0,0.0,26.02,0.0,0.0,0.0,6.544756405912575,0.0,0.0,6.923737199690624,0.0,5.733667477162185,0.0,0.0,4.847222222222222,0.0,0.0,0.0,2.6527777777777777,0.0,1.0,2.0,0.0,0.0,0.0,0.0,0.0,0.0,0.0,1.0,0.0,0.0,0.0,-0.03499999999999981,0.0,0.0,0.0,0.0,0.0,0.0,0.0,0.0,0.0,0.0,0.0,1.0,0.0,0.0,0.0,0.0,0.0,0.0,0.0,0.0,0.0,0.0,0.0,0.0,0.0,0.0,0.0,0.0,0.0,0.0,0.0,0,0,0,0,0,0,0,0,0,0,0,0,0,0,0,1,0,0,0,0,0,0,0,1,0,0,0,0,0,0,0,0,0,0,0,0,0,0,0,1,0,0,0,0,0,0,0,0,0,0,0,0,0,0,0,0,0,0,0,0,0,0,0,0,0,0,0,0,0,1,0,0,0,0,0,0,0,0,0,0,0,0,0,0,0,0,0,0,0,0,0,0,0,0,0,0,0,0,0,0,0,0,0,0,0,0,0,0,0,0,0,0,0,0,0,0,0,0,0,0,0,0,0,0,0,0,0,0,0,0,0,0,0,0,0,0,0,0,0,0,0,0,1,0,0,0,0,0,0,0,0,0,0,0,0,0,0,0,0,0,0,0,0,0,0,0,0,0,1,0,0,0,0,0,0,0,0,0,0,0,0,0,0,0,0,1,0,0,0,0,0,0,0,0,0,0,0,1,0,0,0,0,0,0,0,0,0,0,0,0,0,0,0,0,0,0,0,0,0,0,0,0,0,0,0,0,0,0,0,1,0,1,0,0,0,1,0,1,0,0,0,0
9.444444444444445,0.16666666666666674,0.16666666666666674,0.3982369618339747,6.5,58.080000000000005,0.12626794356014373,-0.30034390268719197,0.30034390268719197,0.12626794356014373,1.5,1.5,16.136528004376025,10.550822254593735,1.6191254887288427,-1.5578363654489205,5.7170692462328105,-0.11449259533352324,0.8112781244591328,2.8030394876740514,-0.33,3.2451124978365313,1.0445318352059925,6.883957759412302,4.794537184071822,5.783244946364939,0.0,0.0,0.0,0.0,0.0,0.0,0.0,0.0,0.0,13.847474399381248,0.0,0.0,5.783244946364939,0.0,0.0,13.847474399381248,0.0,0.0,0.0,0.0,0.0,0.0,4.794537184071822,0.0,13.847474399381248,0.0,0.0,0.0,17.07,0.0,5.783244946364939,0.0,0.0,13.847474399381248,0.0,0.0,0.0,0.0,9.444444444444445,0.0,0.0,0.16666666666666674,0.0,0.0,3.0555555555555554,0.0,0.6666666666666666,0.0,0.0,0.0,0.0,0.0,0.0,0.0,0.0,0.0,0.0,0.0,0.0,0.5952999999999999,0.0,0.0,0.0,0.0,0.0,0.0,0.0,0.0,1.0,1.0,0.0,0.0,0.0,0.0,0.0,0.0,0.0,0.0,0.0,0.0,0.0,1.0,0.0,0.0,0.0,0.0,0.0,0.0,0.0,0.0,0.0,0,0,0,0,0,0,0,0,0,0,0,0,0,0,0,1,0,0,0,0,0,0,0,0,0,0,0,0,0,0,0,0,0,0,0,0,0,0,0,0,0,0,0,0,0,0,0,0,0,0,0,0,0,0,0,0,0,0,0,0,0,0,0,0,0,0,0,0,0,0,0,0,0,0,0,0,0,0,0,0,0,0,0,0,0,0,0,0,0,0,0,0,0,0,0,0,0,0,0,0,0,0,0,0,0,0,0,0,0,0,0,0,0,0,0,0,0,0,0,0,0,0,0,1,0,0,0,0,0,0,0,0,0,0,0,0,0,0,0,0,0,0,0,0,0,0,0,1,0,0,0,0,0,0,0,0,0,0,1,0,0,0,0,0,0,0,0,0,0,0,0,1,0,0,0,0,0,0,0,0,1,0,0,0,0,0,0,0,0,0,0,0,0,0,0,0,0,0,0,0,0,0,0,0,0,0,0,0,0,0,0,0,0,0,0,0,0,0,0,0,0,0,0,0,0,0,0,1,0,0,1,0,1,0,0,0,0,0,0,0,1,0
8.468954790249434,0.36882716049382713,0.36882716049382713,0.5446193762686498,10.2,144.258,0.04305240722888908,-0.39637656934228244,0.39637656934228244,0.04305240722888908,0.8,1.3,16.249925222858444,10.106046944196422,1.87502819430455,-1.9699260433180419,4.428013034612784,0.2820281809206044,1.9671544718900458,2.6476048489438337,-0.04,175.07674799821407,8.960000000000003,7.960000000000003,5.106527394840706,0.0,0.0,0.0,0.0,0.0,0.0,0.0,0.0,0.0,45.448666937246685,6.4208216229260096,6.606881964512918,0.0,0.0,0.0,0.0,51.8694885601727,6.606881964512918,0.0,0.0,0.0,0.0,0.0,0.0,0.0,51.8694885601727,0.0,0.0,0.0,20.23,0.0,0.0,6.606881964512918,6.4208216229260096,38.524929737556064,0.0,0.0,6.923737199690624,5.106527394840706,0.0,8.468954790249434,0.0,0.0,0.0,8.93233418367347,2.5987110260770976,0.0,1.0,1.0,0.0,0.0,0.0,0.0,0.0,0.0,0.0,1.0,7.0,0.0,0.0,2.7293000000000016,0.0,1.0,1.0,0.0,0.0,0.0,0.0,0.0,0.0,0.0,0.0,0.0,0.0,0.0,0.0,0.0,0.0,0.0,0.0,0.0,0.0,0.0,0.0,0.0,0.0,0.0,0.0,0.0,0.0,0.0,6.0,0,0,0,0,0,0,0,0,0,0,0,0,0,0,0,1,0,0,0,0,0,0,0,1,0,0,0,0,0,0,1,0,0,1,0,0,0,0,0,0,0,0,0,0,0,0,0,0,0,0,0,0,0,0,0,1,0,0,0,0,0,0,0,0,0,0,0,0,0,1,0,0,0,0,0,0,0,0,0,0,0,0,0,0,0,0,0,0,0,0,0,0,0,0,0,1,0,0,0,0,0,0,0,0,0,0,0,0,0,0,1,0,0,0,0,0,0,0,0,0,0,0,0,0,0,0,0,0,0,0,0,0,0,0,0,0,0,0,0,0,0,0,0,1,0,0,0,1,0,0,0,0,0,0,0,0,0,1,0,0,0,0,0,0,0,0,0,0,0,0,0,0,0,0,0,0,0,0,0,0,0,0,0,0,0,1,0,0,0,0,0,1,1,0,0,0,0,0,1,0,0,1,0,0,0,1,1,0,0,0,0,0,1,1,0,1,0,0,0,0,1,0,0,0,0,0,0,0,0,0,0,1,0,0,1,0,0,0,0,0,1,0
5.357777777777778,0.8217592592592595,0.8217592592592595,0.48007546344555996,8.571428571428571,93.12899999999999,0.03134759259121864,-0.39872882948659094,0.39872882948659094,0.03134759259121864,1.0,1.5714285714285714,14.531911005857097,10.325605444309442,1.7177485503746486,-1.8325344230548775,5.353844402376219,1.688654593629907,1.6856161633204378,3.0214653097240856,-0.98,47.19725257297226,1.6461962159398054,0.9290591797144502,5.733667477162185,0.0,0.0,0.0,0.0,0.0,0.0,0.0,0.0,0.0,18.19910120538483,12.13273413692322,5.687386274683562,0.0,5.687386274683562,0.0,0.0,0.0,5.733667477162185,30.33183534230805,0.0,5.733667477162185,0.0,0.0,0.0,0.0,0.0,30.33183534230805,0.0,0.0,26.02,0.0,0.0,0.0,5.687386274683562,0.0,0.0,30.33183534230805,0.0,5.733667477162185,0.0,0.0,6.179537037037037,0.0,9.487129629629628,0.0,0.0,0.0,0.0,2.0,0.0,0.0,0.0,0.0,1.0,0.0,0.0,1.0,0.0,0.0,1.0,1.2688,0.0,0.0,0.0,1.0,0.0,0.0,0.0,0.0,0.0,0.0,0.0,1.0,0.0,1.0,0.0,0.0,0.0,0.0,0.0,0.0,0.0,0.0,0.0,1.0,0.0,0.0,0.0,0.0,0.0,0.0,0.0,0,0,0,0,0,0,0,0,0,0,0,0,0,0,0,0,0,0,0,0,0,0,1,0,0,0,0,0,0,0,0,0,0,0,0,0,0,0,0,1,0,0,0,0,1,0,0,0,0,0,0,0,0,0,0,0,0,0,0,0,0,0,0,0,0,0,0,0,0,0,0,0,0,0,0,0,0,1,0,0,0,0,0,0,0,0,0,0,0,0,1,0,0,0,0,0,0,1,0,0,0,0,0,0,0,0,0,0,0,0,0,0,0,0,0,0,0,0,0,0,0,0,0,0,0,0,0,0,0,0,0,0,0,0,0,0,1,0,0,0,0,1,0,0,0,0,0,0,0,0,0,0,0,1,0,0,0,0,0,0,0,0,0,0,0,0,0,0,0,0,0,0,0,0,0,0,0,0,0,0,0,0,0,0,0,0,0,0,0,0,0,0,0,0,0,0,0,0,0,0,0,0,0,0,0,0,0,0,0,0,0,0,0,0,0,0,1,1,0,0,0,0,0,0,0,0,0,0,0,1,0,0,0,1,0,1,0,1,1,1,0,1
8.520833333333332,0.5,-0.5,0.44982765674847763,12.0,74.123,0.05632585341065862,-0.3907600879079809,0.3907600879079809,0.05632585341065862,1.2,1.2,16.27984148257892,10.191955772566992,1.9740113062890556,-2.0419828810144294,4.50415946178488,0.10158908055418212,0.7219280948873623,3.0237157840738176,-0.04,3.6096404744368114,0.9767560019818928,9507.96,5.106527394840706,0.0,0.0,0.0,0.0,0.0,0.0,0.0,0.0,0.0,0.0,20.771211599071872,0.0,5.601050810983688,0.0,0.0,0.0,26.37226241005556,0.0,0.0,0.0,0.0,0.0,0.0,0.0,0.0,20.771211599071872,0.0,0.0,0.0,20.23,0.0,0.0,0.0,0.0,0.0,20.771211599071872,0.0,0.0,5.106527394840706,0.0,8.520833333333332,-0.5,0.0,0.0,0.0,5.229166666666667,0.0,1.0,1.0,0.0,0.0,0.0,0.0,0.0,0.0,0.0,1.0,0.0,0.0,0.0,0.7771999999999999,0.0,1.0,0.0,0.0,0.0,0.0,0.0,0.0,0.0,0.0,0.0,0.0,0.0,0.0,0.0,0.0,0.0,0.0,0.0,0.0,0.0,0.0,0.0,0.0,0.0,0.0,0.0,0.0,0.0,0.0,0.0,0,0,0,0,0,0,0,0,0,0,0,0,0,0,0,1,0,0,0,0,0,0,0,0,0,0,0,0,0,0,0,1,0,0,0,0,0,0,0,0,0,0,0,0,0,0,0,0,0,0,0,0,0,0,0,0,0,0,0,0,0,0,0,0,0,0,0,0,0,0,0,0,0,0,0,0,0,0,0,0,0,0,0,0,0,0,0,0,0,0,0,1,0,0,0,0,0,0,0,0,0,0,0,0,0,0,0,0,0,0,0,0,0,0,0,0,0,0,0,0,0,0,0,0,0,0,0,0,0,0,0,0,0,0,0,0,0,0,0,0,0,0,0,0,0,0,0,1,0,0,0,0,0,0,0,0,0,0,0,0,0,0,0,0,0,0,0,0,0,0,0,0,0,0,0,0,0,0,1,0,1,0,0,0,0,0,0,0,0,0,0,0,0,0,0,0,0,0,0,0,0,0,0,1,0,0,0,0,0,0,0,0,0,0,0,0,0,0,0,0,1,0,1,0,0,0,0,1,0,0,1,0,0,0,1,0,0,0,0,0,1,0
2.2318055555555554,1.355,1.355,0.4629542813199688,9.0,86.178,-0.05357870225236844,-0.06538238459812357,0.06538238459812357,0.05357870225236844,0.8333333333333334,1.1666666666666667,13.815622205179755,10.209864201930968,1.748868474205106,-1.8568988201678052,4.307622205179771,0.7018642019309675,1.6143308351592656,2.3390923149762908,0.0,20.986300857070454,5.0,4.0,0.0,0.0,0.0,0.0,0.0,0.0,0.0,0.0,0.0,0.0,39.53076089108528,0.0,0.0,0.0,0.0,0.0,0.0,39.53076089108528,0.0,0.0,0.0,0.0,0.0,0.0,0.0,0.0,39.53076089108528,0.0,0.0,0.0,0.0,0.0,0.0,0.0,0.0,25.683286491704038,0.0,0.0,13.847474399381248,0.0,0.0,0.0,0.0,0.0,0.0,5.536388888888888,4.463611111111111,0.0,1.0,0.0,0.0,0.0,0.0,0.0,0.0,0.0,0.0,0.0,3.0,0.0,0.0,2.5866000000000007,0.0,0.0,0.0,0.0,0.0,0.0,0.0,0.0,0.0,0.0,0.0,0.0,0.0,0.0,0.0,0.0,0.0,0.0,0.0,0.0,0.0,0.0,0.0,0.0,0.0,0.0,0.0,0.0,0.0,0.0,3.0,0,0,0,0,0,0,0,0,0,0,0,0,0,0,0,1,0,0,0,0,0,0,0,1,0,0,0,0,0,0,0,0,0,0,0,0,0,0,0,0,0,0,0,0,0,0,0,0,0,0,0,0,0,0,0,0,0,0,0,0,0,0,0,0,0,0,0,0,0,1,0,0,0,0,0,0,0,0,0,0,0,0,0,0,0,0,0,0,0,0,0,0,0,0,0,1,0,0,0,0,0,0,0,0,0,0,0,0,0,0,0,0,0,0,0,0,0,0,0,0,0,0,0,0,0,0,0,0,0,0,0,0,0,0,0,0,0,0,0,0,0,0,0,1,0,0,0,0,0,0,0,0,0,0,0,0,0,1,0,0,0,0,0,0,0,0,0,0,0,0,0,0,0,0,0,0,0,0,0,0,0,0,0,0,0,0,0,0,0,0,0,0,0,0,0,0,0,0,0,0,0,0,0,0,0,1,1,0,0,0,0,0,0,1,0,0,0,0,0,0,0,0,0,0,0,0,0,1,0,0,0,0,0,0,0,0,0,0,0,0,0,0
2.279016096988229,1.3708677685950414,1.3708677685950414,0.43046430405249847,10.5,170.33999999999997,-0.05330597417108836,-0.06538238322279266,0.06538238322279266,0.05330597417108836,0.4166666666666667,0.6666666666666666,13.960404810851868,10.07005824878275,1.8956419942770424,-1.9946923570827892,4.452404810851859,0.5620582487827479,2.098390961316241,2.72724281291869,0.0,488.92509398668415,11.0,10.0,0.0,0.0,0.0,0.0,0.0,0.0,0.0,0.0,0.0,0.0,78.05569062864136,0.0,0.0,0.0,0.0,0.0,0.0,78.05569062864136,0.0,0.0,0.0,0.0,0.0,0.0,0.0,0.0,78.05569062864136,0.0,0.0,0.0,0.0,0.0,0.0,0.0,0.0,64.20821622926012,0.0,0.0,13.847474399381248,0.0,0.0,0.0,0.0,0.0,0.0,14.441967806023545,4.558032193976458,0.0,1.0,0.0,0.0,0.0,0.0,0.0,0.0,0.0,0.0,0.0,9.0,0.0,0.0,4.9272000000000045,0.0,0.0,0.0,0.0,0.0,0.0,0.0,0.0,0.0,0.0,0.0,0.0,0.0,0.0,0.0,0.0,0.0,0.0,0.0,0.0,0.0,0.0,0.0,0.0,0.0,0.0,0.0,0.0,0.0,0.0,9.0,0,0,0,0,0,0,0,0,0,0,0,0,0,0,0,1,0,0,0,0,0,0,0,1,0,0,0,0,0,0,0,0,0,1,0,0,0,0,0,0,0,0,0,0,0,0,0,0,0,0,0,0,0,0,0,0,0,0,0,0,0,0,0,0,0,0,0,0,0,1,0,0,0,0,0,0,0,0,0,0,0,0,0,0,0,0,0,0,0,0,0,0,0,0,0,1,0,0,0,0,0,0,0,0,0,0,0,0,0,0,0,0,0,0,0,0,0,0,0,0,0,0,0,0,0,0,0,0,0,0,0,0,0,0,0,0,0,0,0,0,0,0,0,1,0,0,0,0,0,0,0,0,0,0,0,0,0,1,0,0,0,0,0,0,0,0,0,0,0,0,0,0,0,0,0,0,0,0,0,0,0,0,0,0,0,0,0,0,0,0,0,0,0,0,0,0,0,0,0,0,0,0,0,0,0,1,1,0,0,0,0,0,1,1,0,0,0,0,0,0,0,0,0,0,0,0,0,1,0,0,0,0,0,0,0,0,0,0,0,0,0,0
2.1203703703703702,1.3101851851851853,1.3101851851851853,0.5114311994891171,10.0,128.17399999999995,-0.018404250672442266,-0.06162971144687501,0.06162971144687501,0.018404250672442266,0.5,0.8,13.897200748817012,10.132094340785901,1.8457978667862491,-1.919798598723747,5.8148423611800535,1.7511038765669886,2.0504144813943355,2.8880516016579914,-1.2999999999999998,348.57046183703704,2.143052886105772,0.7805335436910606,0.0,0.0,0.0,0.0,0.0,0.0,0.0,0.0,0.0,0.0,48.53093654769288,10.772448428929591,0.0,0.0,10.772448428929591,0.0,0.0,0.0,0.0,48.53093654769288,0.0,0.0,0.0,0.0,0.0,0.0,0.0,48.53093654769288,0.0,10.772448428929591,0.0,0.0,0.0,0.0,0.0,10.772448428929591,0.0,0.0,48.53093654769288,0.0,0.0,2.6203703703703707,0.0,0.0,16.712962962962962,0.0,0.0,0.0,0.0,0.0,0.0,0.0,0.0,0.0,2.0,0.0,0.0,0.0,0.0,0.0,2.0,2.839800000000001,0.0,0.0,0.0,0.0,0.0,0.0,0.0,0.0,0.0,0.0,0.0,0.0,0.0,0.0,0.0,0.0,1.0,0.0,0.0,0.0,0.0,0.0,0.0,0.0,0.0,0.0,0.0,0.0,0.0,0.0,0.0,0,0,0,0,0,0,0,0,0,0,0,0,0,0,0,0,0,0,0,0,0,1,1,0,0,0,0,0,0,0,0,0,0,0,0,0,0,0,0,0,0,0,0,0,1,0,0,0,0,0,0,0,0,0,0,0,0,0,0,0,0,0,0,0,0,0,0,0,0,0,0,0,0,0,0,0,0,1,0,0,0,0,0,0,0,0,0,0,0,0,0,0,0,0,0,0,0,0,0,0,0,0,0,0,0,0,0,0,0,0,0,0,0,0,0,0,0,0,0,0,1,0,0,0,0,0,0,0,0,0,0,0,0,0,0,0,1,0,0,0,0,0,0,0,0,0,0,0,0,0,0,1,0,1,0,0,0,0,0,0,0,0,0,0,0,0,0,0,0,0,0,0,0,0,0,0,0,0,0,0,0,0,0,0,0,0,0,0,0,0,0,0,0,0,0,0,0,0,0,0,0,0,0,0,0,0,0,0,0,0,1,0,0,0,0,0,0,0,0,0,0,0,0,0,1,0,0,0,0,0,0,0,0,0,0,0,0,0,1,1,0,1
8.055555555555555,0.16666666666666696,-0.16666666666666696,0.42840479403162834,9.0,60.096000000000004,0.04834761180869219,-0.3937069016405105,0.3937069016405105,0.04834761180869219,1.5,1.5,16.263643090242454,10.503601865317728,1.6882269952162388,-1.7983014802258799,4.204004313602451,0.2156248273880759,0.8112781244591328,2.3237900077244498,-0.04,3.2451124978365313,1.297837837837838,1128.9599999999998,5.106527394840706,0.0,0.0,0.0,0.0,0.0,0.0,0.0,0.0,0.0,0.0,13.847474399381248,6.103966387748303,0.0,0.0,0.0,0.0,19.95144078712955,0.0,0.0,0.0,0.0,0.0,0.0,0.0,0.0,13.847474399381248,0.0,0.0,0.0,20.23,0.0,6.103966387748303,0.0,0.0,0.0,13.847474399381248,0.0,0.0,5.106527394840706,0.0,8.055555555555555,0.0,0.0,0.0,-0.16666666666666696,3.4444444444444446,0.0,1.0,1.0,0.0,0.0,0.0,0.0,0.0,0.0,0.0,1.0,0.0,0.0,0.0,0.3871,0.0,1.0,1.0,0.0,0.0,0.0,0.0,0.0,0.0,0.0,0.0,0.0,0.0,0.0,0.0,0.0,0.0,0.0,0.0,0.0,0.0,0.0,0.0,0.0,0.0,0.0,0.0,0.0,0.0,0.0,0.0,1,0,0,0,0,0,0,0,0,0,0,0,0,0,0,1,0,0,0,0,0,0,0,0,0,0,0,0,0,0,0,0,0,0,0,0,0,0,0,0,0,0,0,0,0,0,0,0,0,0,0,0,0,0,0,0,0,1,0,0,0,0,0,0,0,0,0,1,0,0,0,0,0,0,0,0,0,0,0,0,0,0,0,0,0,0,0,0,0,0,0,0,0,0,0,0,0,0,0,0,0,0,0,0,0,0,0,0,0,0,0,0,0,0,0,0,0,0,0,0,0,0,0,0,0,0,0,0,0,0,0,0,1,0,0,0,0,0,0,0,0,0,0,0,0,0,0,1,0,0,0,0,0,0,0,0,0,0,0,0,0,0,0,0,0,0,0,0,0,0,0,0,0,0,0,0,0,0,0,0,1,0,0,0,0,0,0,0,0,0,0,0,0,0,0,0,0,0,0,0,0,0,0,0,0,0,0,0,0,0,0,0,0,0,0,0,0,0,0,0,1,0,0,0,0,0,0,1,0,0,1,0,0,0,1,0,0,0,0,0,1,0
5.027777777777778,0.8194444444444444,0.8194444444444444,0.4632709184547627,7.5,59.11199999999999,-0.007990568627305066,-0.3304839223850739,0.3304839223850739,0.007990568627305066,1.75,2.0,14.504037662133452,10.515967250622754,1.5511912324770691,-1.6976601935466706,4.189231717530194,0.9322941226869432,1.370950594454669,1.9747448713915894,-0.04,6.854752972273345,2.9600000000000004,1.96,5.733667477162185,0.0,0.0,0.0,0.0,0.0,0.0,0.0,0.0,0.0,6.923737199690624,12.965578028838586,0.0,0.0,0.0,0.0,5.733667477162185,13.344558822616634,6.544756405912575,0.0,0.0,5.733667477162185,0.0,0.0,0.0,0.0,13.344558822616634,0.0,0.0,0.0,26.02,0.0,0.0,0.0,12.965578028838586,0.0,0.0,0.0,6.923737199690624,5.733667477162185,0.0,0.0,5.027777777777778,0.0,0.0,1.0972222222222223,2.875,0.0,1.0,2.0,0.0,0.0,0.0,0.0,0.0,0.0,0.0,1.0,1.0,0.0,0.0,0.3551000000000001,0.0,0.0,0.0,0.0,0.0,0.0,0.0,0.0,0.0,0.0,0.0,1.0,0.0,0.0,0.0,0.0,0.0,0.0,0.0,0.0,0.0,0.0,0.0,0.0,0.0,0.0,0.0,0.0,0.0,0.0,0.0,0,0,0,0,0,0,0,0,0,0,1,0,0,0,0,1,0,0,0,0,0,0,0,1,0,0,0,0,0,0,0,0,0,0,0,0,0,0,0,1,0,0,0,0,0,0,0,0,0,0,0,0,0,0,0,0,0,0,0,0,0,0,0,0,0,0,0,0,0,1,0,0,0,0,0,0,0,0,0,0,0,0,0,0,0,0,0,0,0,0,0,0,0,0,0,0,0,0,0,0,0,0,0,0,0,0,0,0,0,0,0,0,0,0,0,0,0,0,0,0,0,0,0,0,0,0,0,0,0,0,0,0,0,0,0,0,0,0,0,0,0,0,0,1,0,0,0,0,0,1,0,0,0,0,0,0,0,0,0,0,0,0,0,0,0,0,0,0,1,0,0,0,0,0,0,0,0,0,0,0,0,0,0,0,0,1,0,0,0,0,0,0,0,0,0,0,0,1,1,0,0,0,1,0,0,0,1,0,0,0,0,0,0,0,0,0,0,0,0,0,0,0,0,0,0,0,0,0,0,1,0,1,0,0,0,1,0,1,0,0,0,0
5.1859567901234565,0.7916666666666667,0.7916666666666667,0.41843603646014177,7.5,78.542,0.022033046330598795,-0.12672788713835664,0.12672788713835664,0.022033046330598795,1.75,2.0,35.49566236286518,10.587063760447938,1.586344415119048,-1.6521809082806582,6.173169760909867,1.0990652478351848,1.370950594454669,1.9747448713915894,0.29,6.854752972273345,3.2900000000000005,2.29,0.0,0.0,0.0,0.0,0.0,0.0,0.0,0.0,0.0,11.600939890232516,6.923737199690624,6.4208216229260096,5.880003444970339,0.0,11.600939890232516,0.0,0.0,13.344558822616634,5.880003444970339,0.0,0.0,0.0,0.0,11.600939890232516,0.0,0.0,13.344558822616634,0.0,0.0,0.0,0.0,0.0,0.0,0.0,12.300825067896348,0.0,0.0,6.923737199690624,0.0,11.600939890232516,0.0,0.0,0.0,0.7916666666666667,0.0,1.0848765432098766,2.048611111111111,0.0,1.0,0.0,0.0,0.0,0.0,0.0,0.0,0.0,0.0,0.0,1.0,0.0,0.0,1.6352,0.0,0.0,0.0,0.0,0.0,0.0,0.0,0.0,0.0,0.0,0.0,0.0,0.0,0.0,0.0,0.0,0.0,0.0,0.0,0.0,0.0,0.0,0.0,0.0,0.0,0.0,0.0,0.0,0.0,0.0,0.0,0,0,0,0,0,0,0,0,0,0,0,0,0,0,0,1,0,0,0,0,0,0,0,1,1,0,0,0,0,0,0,0,0,0,0,0,0,0,0,0,0,0,0,0,0,0,0,0,0,0,0,0,0,0,0,0,0,0,0,0,0,0,0,0,0,0,0,0,0,1,0,0,0,0,0,0,0,0,0,0,0,0,0,0,0,0,0,0,0,0,0,0,0,0,0,0,0,0,0,0,0,0,0,0,0,0,0,0,0,0,0,0,0,0,0,0,0,0,0,0,0,0,0,0,0,1,0,0,0,0,0,0,0,0,0,0,0,0,0,0,0,0,0,1,0,0,0,0,0,0,0,0,0,0,0,0,0,0,0,0,0,0,0,0,0,0,0,0,0,0,0,0,0,0,0,0,0,0,0,0,0,0,0,0,0,0,0,0,0,0,0,0,0,0,0,0,0,0,0,0,0,0,0,0,0,0,1,0,0,0,0,0,0,0,0,0,0,0,0,0,0,0,0,0,0,0,0,0,0,0,0,1,0,0,0,0,0,0,0,0,0,0
3.1458333333333335,1.0625,1.0625,0.4121785720964007,6.0,108.966,0.0002805112836771427,-0.09310768028380192,0.09310768028380192,0.0002805112836771427,2.0,2.0,79.91872950669546,11.003731309691895,1.3782856930447909,-1.4513487321343121,9.08875908581656,1.558646371918847,0.9182958340544894,1.6329931618554523,0.48,2.7548875021634682,2.48,2.4799999999999995,0.0,0.0,0.0,0.0,0.0,0.0,0.0,0.0,0.0,0.0,22.85368109763997,0.0,5.330089647061427,0.0,15.929943897949348,0.0,0.0,6.923737199690624,5.330089647061427,0.0,0.0,0.0,0.0,15.929943897949348,0.0,0.0,6.923737199690624,0.0,0.0,0.0,0.0,0.0,0.0,0.0,5.330089647061427,0.0,0.0,6.923737199690624,15.929943897949348,0.0,0.0,1.0625,0.0,0.0,0.0,0.0,2.0416666666666665,0.0,1.0,0.0,0.0,0.0,0.0,0.0,0.0,0.0,0.0,0.0,0.0,0.0,0.0,1.4012,0.0,0.0,0.0,0.0,0.0,0.0,0.0,0.0,0.0,0.0,0.0,0.0,0.0,0.0,0.0,0.0,0.0,0.0,0.0,0.0,0.0,0.0,0.0,0.0,0.0,0.0,0.0,0.0,0.0,0.0,0.0,0,0,0,0,0,0,0,0,0,1,0,0,0,0,0,1,0,0,0,0,0,0,0,1,0,0,0,0,0,0,0,0,0,0,0,0,0,0,0,0,0,0,0,0,0,0,0,0,0,0,0,0,0,0,0,0,0,0,0,0,0,0,0,1,0,0,0,0,0,1,0,0,0,0,0,0,0,0,0,0,0,0,0,0,0,0,0,0,0,0,0,0,0,0,0,0,0,0,0,0,0,0,0,0,0,0,0,0,0,0,0,0,0,0,0,0,0,0,0,0,0,0,0,0,0,0,0,0,0,0,0,0,0,0,0,0,0,0,0,0,0,0,0,0,0,0,0,0,0,0,0,0,0,0,0,0,0,0,0,0,0,0,0,0,0,0,0,0,0,0,0,0,0,0,0,0,0,0,0,0,0,0,0,0,0,0,0,0,0,0,0,0,0,0,0,0,0,0,0,0,0,0,0,0,0,0,0,0,0,0,0,0,0,0,0,0,0,0,0,0,0,0,0,0,0,0,0,0,0,0,0,1,0,0,0,0,0,0,0,0,0,0
9.40486111111111,0.7083333333333333,0.7083333333333333,0.4443450475833798,7.4,72.107,0.11947978113414225,-0.30340309725779463,0.30340309725779463,0.11947978113414225,1.8,2.4,16.12871271764662,10.380675929382486,1.6636987729341335,-1.6800477671236316,5.483092870586735,-0.10737864157580468,1.4056390622295665,2.4017152226171965,-0.33,11.245112497836532,3.67,3.67,4.794537184071822,6.286160523129555,0.0,0.0,0.0,0.0,0.0,0.0,0.0,0.0,6.923737199690624,6.4208216229260096,6.4208216229260096,0.0,6.286160523129555,0.0,0.0,19.765380445542643,0.0,0.0,0.0,0.0,0.0,0.0,4.794537184071822,0.0,19.765380445542643,0.0,0.0,0.0,17.07,0.0,0.0,6.4208216229260096,12.706982146055566,0.0,0.0,6.923737199690624,0.0,0.0,9.40486111111111,0.0,0.0,0.0,0.0,2.614583333333333,1.9805555555555556,0.0,0.75,0.0,0.0,0.0,0.0,0.0,0.0,0.0,0.0,0.0,2.0,0.0,0.0,0.9854,0.0,0.0,0.0,0.0,0.0,0.0,0.0,0.0,1.0,1.0,0.0,0.0,1.0,0.0,0.0,0.0,0.0,0.0,0.0,0.0,0.0,0.0,0.0,0.0,0.0,0.0,0.0,0.0,0.0,0.0,1.0,0,0,0,0,0,0,0,0,0,0,0,0,0,0,0,1,0,0,0,0,0,0,0,1,0,0,0,0,0,0,0,0,1,0,0,0,0,0,0,0,0,0,0,0,0,0,0,0,0,0,0,0,0,0,0,0,0,0,0,0,0,0,0,0,0,0,0,0,0,1,0,0,0,0,0,0,0,0,0,0,0,0,0,0,0,0,0,0,0,0,0,0,0,1,0,0,0,0,0,0,0,0,0,0,0,0,0,0,0,0,0,0,0,0,0,0,0,0,0,0,0,0,0,1,0,0,0,0,0,0,0,0,0,0,0,0,0,0,0,0,0,0,0,1,0,0,0,0,0,0,0,0,0,0,0,0,0,0,0,0,0,0,0,0,0,0,0,0,0,0,0,0,0,0,0,0,0,0,0,0,0,0,0,0,0,0,0,0,0,0,0,0,0,0,0,0,0,0,0,0,0,0,0,0,0,0,1,0,0,0,0,0,0,0,0,1,0,0,0,0,0,0,0,0,0,0,0,0,0,0,0,0,1,0,0,0,0,0,0,0,1,0
3.7847222222222223,1.75,1.75,0.4531479654842905,8.0,79.10199999999998,0.02672876829526118,-0.264736970888988,0.264736970888988,0.02672876829526118,0.8333333333333334,1.5,14.597243061746529,10.51881465602454,1.5802944386426925,-1.6965670219787745,4.877321733390166,1.3309892913747265,1.719973094021975,3.000000000000001,-0.8500000000000001,34.3994618804395,1.5525827127910268,0.5490008483363183,0.0,0.0,0.0,0.0,0.0,0.0,4.9839785209472085,0.0,0.0,0.0,6.06636706846161,12.13273413692322,12.393687143226153,0.0,0.0,4.9839785209472085,0.0,0.0,0.0,30.592788348610984,0.0,0.0,0.0,0.0,0.0,0.0,0.0,30.592788348610984,0.0,0.0,12.89,0.0,0.0,0.0,0.0,0.0,12.393687143226153,18.19910120538483,4.9839785209472085,0.0,3.7847222222222223,0.0,0.0,0.0,5.715277777777778,3.5,0.0,0.0,0.0,0.0,0.0,0.0,0.0,0.0,0.0,1.0,0.0,0.0,0.0,0.0,1.0,1.0816,0.0,0.0,0.0,0.0,0.0,0.0,0.0,0.0,0.0,0.0,0.0,0.0,0.0,0.0,0.0,0.0,0.0,0.0,0.0,0.0,0.0,0.0,0.0,0.0,0.0,0.0,0.0,0.0,1.0,0.0,0.0,0,0,0,0,0,0,0,0,0,0,0,0,0,0,0,0,0,0,0,0,0,0,1,0,0,0,0,0,0,0,0,0,0,0,0,0,1,0,0,0,0,0,0,0,0,0,0,0,0,0,0,0,0,0,0,0,0,0,0,0,0,0,0,0,0,0,0,0,0,0,0,0,0,0,0,0,0,0,0,0,0,0,0,0,0,1,0,1,0,0,1,0,0,0,0,0,0,0,0,0,0,0,0,0,0,0,0,0,0,0,0,0,0,0,0,0,1,0,0,0,0,0,0,0,0,0,0,0,0,0,0,0,0,0,0,0,0,0,0,0,0,0,0,0,0,0,0,0,0,0,0,0,1,1,0,0,0,0,0,0,0,0,0,0,0,0,0,0,0,0,0,0,0,0,0,0,0,1,0,0,0,0,0,0,0,0,0,0,0,0,0,0,0,0,0,0,1,0,0,0,0,0,0,0,0,0,0,0,1,0,0,0,0,0,0,0,0,0,0,1,0,0,0,0,0,0,0,0,0,0,0,0,0,0,0,0,0,1,1,1,0,1
4.583333333333333,1.625,1.625,0.4460314875501462,8.0,68.07499999999999,0.09020235450853635,-0.4726377692765222,0.4726377692765222,0.09020235450853635,1.0,1.6,16.322838790183518,10.690498814349613,1.5846923785346962,-1.4987389221240004,4.787660640186299,0.5671124179950148,1.760495029766198,3.1250000000000004,-0.7200000000000001,22.886435386960574,0.9307991964363703,0.29336361254258025,4.417150937053347,0.0,0.0,0.0,0.0,0.0,0.0,0.0,0.0,0.0,0.0,12.13273413692322,0.0,12.526325991278114,0.0,0.0,0.0,0.0,0.0,24.659060128201332,0.0,0.0,0.0,0.0,0.0,0.0,0.0,29.07621106525468,0.0,0.0,13.14,0.0,0.0,0.0,0.0,0.0,12.526325991278114,12.13273413692322,4.417150937053347,0.0,0.0,0.0,0.0,0.0,3.6666666666666665,3.25,0.0,0.0,0.0,0.0,0.0,0.0,0.0,0.0,0.0,1.0,0.0,0.0,0.0,0.0,1.0,1.2795999999999998,0.0,0.0,0.0,0.0,0.0,0.0,0.0,0.0,0.0,0.0,0.0,0.0,0.0,0.0,0.0,0.0,0.0,0.0,1.0,0.0,0.0,0.0,0.0,0.0,0.0,0.0,0.0,0.0,0.0,0.0,0.0,0,0,0,0,0,0,0,0,0,0,0,0,0,0,0,0,0,0,0,0,0,0,1,0,0,0,0,0,0,0,0,0,0,0,0,0,0,0,0,0,0,0,0,0,0,0,0,0,0,0,0,0,0,0,0,0,0,0,0,0,0,0,0,0,0,0,0,0,0,0,0,0,0,0,0,0,0,0,0,0,0,0,0,0,0,0,0,0,0,0,0,0,0,0,0,0,0,0,0,0,0,0,0,0,0,0,0,0,0,0,0,0,0,0,0,0,0,0,0,0,0,0,0,0,1,0,0,0,0,0,0,0,0,0,0,0,0,0,0,0,0,0,0,0,0,0,0,0,0,0,0,0,0,1,0,0,0,0,0,0,0,0,0,1,0,0,0,0,0,0,0,0,0,0,0,0,0,0,0,0,0,0,0,0,0,0,1,0,0,0,0,0,0,0,1,0,0,0,0,0,0,0,0,0,0,0,0,0,0,0,0,0,0,0,0,0,0,0,0,1,0,0,0,0,0,0,0,0,0,0,0,0,0,0,0,0,0,0,1,0,1,1
3.6666666666666665,1.625,1.625,0.46834330192176515,8.0,68.079,0.09190960426066128,-0.35117678564585386,0.35117678564585386,0.09190960426066128,1.6,2.6,14.8189159178812,10.975086201150337,1.558477975674523,-1.4621962076738773,4.642588884346576,1.314209731223784,1.760495029766198,3.1250000000000004,-0.79,22.886435386960574,0.8845561128632765,0.26516218030816796,4.9839785209472085,0.0,0.0,0.0,0.0,0.0,0.0,4.9839785209472085,0.0,0.0,0.0,0.0,12.393687143226153,6.3273200747645415,0.0,9.967957041894417,0.0,0.0,0.0,18.721007217990696,0.0,0.0,0.0,0.0,0.0,0.0,0.0,18.721007217990696,0.0,0.0,28.68,0.0,0.0,0.0,0.0,0.0,18.721007217990696,0.0,9.967957041894417,0.0,6.416666666666666,0.0,0.0,0.0,0.0,5.083333333333333,0.0,0.0,0.0,1.0,0.0,0.0,0.0,0.0,0.0,1.0,0.0,1.0,0.0,0.0,1.0,0.40969999999999995,0.0,0.0,0.0,0.0,0.0,1.0,0.0,0.0,0.0,0.0,1.0,0.0,0.0,0.0,0.0,0.0,0.0,0.0,0.0,1.0,0.0,0.0,0.0,0.0,0.0,0.0,0.0,0.0,0.0,0.0,0.0,0,0,0,0,0,0,0,0,0,0,0,0,0,0,0,0,0,0,0,0,0,0,0,0,0,0,0,1,0,0,0,0,0,0,1,0,0,0,0,0,0,0,0,0,0,0,0,0,0,0,0,0,0,0,0,0,0,0,0,0,0,0,0,0,0,0,0,0,0,0,0,0,0,0,0,0,0,0,0,0,0,0,0,0,0,1,0,0,0,0,0,0,0,0,0,0,0,0,0,0,0,0,1,0,0,0,0,0,0,0,0,0,0,0,0,0,1,0,0,0,0,0,0,0,0,0,0,0,0,0,0,0,0,1,0,0,0,0,0,0,0,0,0,0,0,0,0,0,0,0,0,0,1,1,0,0,0,0,0,0,0,0,0,0,0,0,0,0,0,0,0,0,0,0,0,0,0,1,0,0,0,1,1,0,0,0,1,0,0,0,0,0,0,0,1,0,0,0,0,0,0,0,0,0,0,0,0,1,1,0,0,0,0,0,0,0,0,0,0,1,0,0,0,0,0,0,0,0,0,1,0,0,0,0,0,0,0,1,1,0,0,1
3.7407407407407405,1.6018518518518516,1.6018518518518516,0.4600956630432944,8.0,85.131,0.07907482891218305,-0.25317764469636134,0.25317764469636134,0.07907482891218305,1.6,2.6,32.13339261981408,11.031089212041662,1.5892511448306397,-1.407190145880027,7.069714470107294,1.4269261427632751,1.760495029766198,3.1250000000000004,-0.37,22.886435386960574,1.1712676273155165,0.44990399731304426,0.0,0.0,0.0,0.0,0.0,0.0,4.9839785209472085,0.0,0.0,11.336785877934737,0.0,0.0,11.576906342078992,5.51053927361738,11.336785877934737,4.9839785209472085,0.0,0.0,0.0,17.08744561569637,0.0,0.0,0.0,11.336785877934737,0.0,0.0,0.0,17.08744561569637,0.0,0.0,12.89,0.0,0.0,0.0,0.0,0.0,23.044168723165193,5.380062770465915,4.9839785209472085,0.0,3.7407407407407405,1.9305555555555556,1.7916666666666667,0.0,0.0,1.7685185185185186,0.0,0.0,0.0,0.0,0.0,0.0,0.0,0.0,0.0,1.0,0.0,0.0,0.0,0.0,1.0,1.1430999999999998,0.0,0.0,0.0,0.0,0.0,0.0,0.0,0.0,0.0,0.0,0.0,0.0,0.0,0.0,0.0,0.0,0.0,0.0,0.0,0.0,0.0,0.0,0.0,0.0,0.0,0.0,0.0,0.0,0.0,1.0,0.0,0,0,0,0,0,0,0,1,0,0,0,0,0,0,0,0,0,0,0,0,0,0,0,0,0,0,0,0,0,0,0,0,0,0,0,0,0,0,0,0,0,0,0,0,0,0,0,0,0,0,0,0,0,0,0,0,0,0,0,0,0,0,0,0,0,0,0,0,0,0,0,0,0,0,0,0,0,0,0,0,0,0,0,0,0,1,0,0,0,0,0,0,0,0,0,0,0,0,0,0,0,0,0,0,0,0,0,0,0,0,0,0,0,0,0,0,1,0,0,0,0,0,0,0,0,0,0,1,0,0,0,0,0,0,0,0,0,0,0,1,0,0,0,0,0,0,1,0,0,0,0,0,1,1,0,0,0,0,0,0,0,0,0,0,0,0,0,0,0,0,0,0,0,0,0,0,0,1,0,0,0,0,0,0,0,0,1,0,0,0,0,0,0,0,1,0,0,0,0,0,0,0,0,0,0,0,0,1,1,0,0,0,0,0,0,0,0,0,0,1,0,0,0,0,0,0,0,0,0,0,0,0,0,0,0,0,0,1,1,0,0,1
3.1195370370370368,1.2060185185185186,1.2060185185185186,0.5439155908694729,10.222222222222221,117.15099999999997,0.04533934729771151,-0.3611762912891017,0.3611762912891017,0.04533934729771151,1.0,1.8888888888888888,14.649928150899145,10.253540731635157,1.8616440572121387,-1.827280603528226,5.782479110967439,1.4776825391303166,2.3327430273186147,2.9546597902851044,-1.2399999999999998,254.268989977729,1.6217242815493544,0.6166634028189337,4.9839785209472085,0.0,0.0,0.0,0.0,0.0,0.0,0.0,0.0,0.0,18.19910120538483,17.518958351388015,11.713544289229338,0.0,10.902924932081056,4.9839785209472085,0.0,0.0,0.0,36.52867891392113,0.0,0.0,0.0,0.0,0.0,0.0,0.0,36.52867891392113,0.0,10.902924932081056,15.79,0.0,0.0,0.0,0.0,10.902924932081056,0.0,18.3295777085363,23.18307972633204,0.0,3.1195370370370368,1.275462962962963,1.2060185185185186,0.0,10.283240740740741,1.949074074074074,0.0,0.0,0.0,1.0,0.0,0.0,0.0,0.0,1.0,1.0,0.0,1.0,0.0,0.0,2.0,2.1678999999999995,0.0,0.0,0.0,0.0,0.0,1.0,0.0,0.0,0.0,0.0,1.0,0.0,0.0,0.0,0.0,0.0,1.0,0.0,0.0,0.0,0.0,0.0,0.0,1.0,0.0,0.0,0.0,0.0,0.0,0.0,0.0,0,0,0,0,0,0,0,0,0,0,0,0,0,0,0,0,0,0,0,0,0,1,1,0,0,0,0,1,0,0,0,0,0,1,0,0,0,0,0,0,0,0,0,0,1,0,0,0,0,0,0,0,0,0,0,0,0,0,0,0,0,0,0,0,0,0,0,0,0,0,0,0,0,0,0,0,0,1,0,0,0,0,0,0,0,0,0,0,0,0,0,0,0,0,0,0,0,0,0,0,0,0,1,0,0,0,1,0,0,0,0,0,0,0,0,0,0,0,0,0,0,0,0,0,0,0,0,0,0,0,0,0,0,0,0,0,1,0,0,0,1,0,0,0,0,0,1,0,0,0,0,1,0,1,0,0,0,0,0,0,0,1,0,0,0,0,0,0,0,0,0,0,0,0,0,0,0,1,0,0,0,0,0,0,0,0,1,0,0,0,0,0,0,0,1,0,0,0,0,0,0,0,0,0,0,0,0,0,1,0,1,0,0,0,0,0,0,0,0,1,0,0,0,0,0,0,0,0,0,1,0,0,0,1,0,0,0,1,1,1,0,1
1.5,1.5,1.5,0.42231618686094674,24.0,84.162,-0.0533059727891157,-0.0533059727891157,0.0533059727891157,0.0533059727891157,0.3333333333333333,0.5,14.014,10.012,1.9496940272108838,-2.052305972789116,4.506,0.5039999999999998,1.719973094021975,2.0,0.0,34.3994618804395,2.2222222222222223,1.0,0.0,0.0,0.0,0.0,0.0,0.0,0.0,0.0,0.0,0.0,38.524929737556064,0.0,0.0,0.0,0.0,0.0,0.0,38.524929737556064,0.0,0.0,0.0,0.0,0.0,0.0,0.0,0.0,38.524929737556064,0.0,0.0,0.0,0.0,0.0,0.0,0.0,0.0,38.524929737556064,0.0,0.0,0.0,0.0,0.0,0.0,0.0,0.0,0.0,9.0,0.0,0.0,1.0,0.0,1.0,0.0,1.0,0.0,0.0,0.0,0.0,0.0,0.0,0.0,1.0,2.3406000000000002,0.0,0.0,0.0,0.0,0.0,0.0,0.0,0.0,0.0,0.0,0.0,0.0,0.0,0.0,0.0,0.0,0.0,0.0,0.0,0.0,0.0,0.0,0.0,0.0,0.0,0.0,0.0,0.0,0.0,0.0,0.0,0,1,0,1,0,0,0,0,0,0,0,0,0,0,0,0,0,0,0,0,0,0,0,0,0,0,0,0,0,0,0,0,0,0,0,0,0,0,0,0,0,0,0,0,0,0,0,0,0,0,0,0,0,0,0,0,0,0,0,0,0,0,0,0,0,0,0,0,0,0,0,0,0,0,0,0,0,0,0,0,0,0,0,0,0,0,0,0,0,0,0,0,0,0,0,0,0,0,0,0,0,0,0,0,0,0,0,0,0,0,0,0,0,0,0,0,0,0,0,0,0,0,0,0,0,0,0,0,0,0,0,0,0,0,0,0,0,0,0,0,0,0,0,0,0,0,0,0,0,0,0,0,0,0,0,0,0,0,0,0,0,1,0,0,0,0,0,0,0,0,0,0,0,0,0,0,0,0,0,0,0,0,0,0,0,0,0,0,0,0,0,0,0,0,0,0,0,0,0,0,0,0,0,0,0,0,1,0,0,0,0,0,1,1,0,0,0,0,0,0,0,0,0,0,0,0,0,0,0,0,0,0,0,0,0,0,0,0,0,1,0,1
3.2222222222222223,1.25,1.25,0.4347944578283113,24.0,71.123,-0.004844703952428027,-0.3167309205412665,0.3167309205412665,0.004844703952428027,1.0,1.6,14.870250438044971,10.393584045238857,1.9266555332510638,-1.7585104961208282,4.551775690151721,0.8568723090963425,1.760495029766198,2.083333333333333,-0.04,22.886435386960574,1.4103121748178982,0.6183636836628511,5.316788604006331,0.0,0.0,0.0,0.0,0.0,0.0,0.0,0.0,0.0,0.0,25.93115605767717,0.0,0.0,0.0,5.316788604006331,0.0,12.841643245852019,13.08951281182515,0.0,0.0,5.316788604006331,0.0,0.0,0.0,0.0,12.841643245852019,0.0,0.0,0.0,12.03,0.0,0.0,0.0,0.0,25.93115605767717,0.0,0.0,5.316788604006331,0.0,0.0,3.2222222222222223,0.0,0.0,0.0,2.7777777777777777,2.5,0.0,1.0,1.0,0.0,1.0,1.0,0.0,0.0,0.0,0.0,1.0,0.0,0.0,1.0,0.36979999999999996,0.0,0.0,0.0,0.0,0.0,0.0,0.0,0.0,0.0,0.0,1.0,0.0,0.0,0.0,0.0,0.0,0.0,0.0,0.0,0.0,0.0,0.0,0.0,0.0,0.0,0.0,0.0,0.0,0.0,0.0,0.0,0,0,0,1,0,0,0,0,0,0,0,0,0,0,0,0,0,0,0,1,0,0,0,0,0,0,0,1,0,0,0,0,0,0,0,0,0,0,0,0,0,0,0,0,0,0,0,0,0,0,0,0,0,0,0,0,0,0,0,0,0,0,0,0,0,0,0,0,1,0,0,0,0,0,0,0,0,0,0,0,0,0,0,0,0,0,0,0,0,0,0,0,0,0,0,0,0,0,0,0,0,0,0,0,1,0,0,0,0,0,0,0,0,0,0,0,0,0,0,0,0,0,0,0,0,0,0,0,0,0,0,0,0,0,0,0,0,0,0,0,0,0,0,0,0,0,0,0,0,0,0,0,0,0,0,0,0,0,0,0,0,1,0,0,0,0,0,0,0,0,0,0,0,0,0,0,0,0,0,0,0,0,0,0,0,1,1,0,1,0,0,1,1,0,1,0,0,1,1,0,0,0,1,0,0,0,1,0,1,0,0,0,0,1,0,0,0,0,0,1,0,0,0,0,0,0,0,0,0,1,0,1,0,0,0,1,0,1,0,0,0,1
3.2847222222222223,1.25,1.25,0.45763622792078085,24.0,85.15,-0.004891140011689818,-0.3167325809905548,0.3167325809905548,0.004891140011689818,0.8333333333333334,1.5,14.851909594658595,10.169546612022948,1.9316356631638198,-2.0817502183801646,4.545105364446136,0.5200401965119733,1.719973094021975,2.0,-0.04,34.3994618804395,2.189674338993739,0.9767560019818928,5.316788604006331,0.0,0.0,0.0,0.0,0.0,0.0,0.0,0.0,0.0,6.4208216229260096,25.93115605767717,0.0,0.0,0.0,5.316788604006331,0.0,19.26246486877803,13.08951281182515,0.0,0.0,5.316788604006331,0.0,0.0,0.0,0.0,19.26246486877803,0.0,0.0,0.0,12.03,0.0,0.0,0.0,0.0,32.351977680603184,0.0,0.0,5.316788604006331,0.0,0.0,3.2847222222222223,0.0,0.0,0.0,4.215277777777778,2.5,0.0,1.0,1.0,0.0,1.0,1.0,0.0,0.0,0.0,0.0,1.0,0.0,0.0,1.0,0.7599,0.0,0.0,0.0,0.0,0.0,0.0,0.0,0.0,0.0,0.0,1.0,0.0,0.0,0.0,0.0,0.0,0.0,0.0,0.0,0.0,0.0,0.0,0.0,0.0,0.0,0.0,1.0,0.0,0.0,0.0,0.0,0,1,0,1,0,0,0,0,0,0,0,0,0,0,0,0,0,0,0,1,0,0,0,0,0,0,0,1,0,0,0,0,0,0,0,0,0,0,0,0,0,0,0,0,0,0,0,0,0,0,0,0,0,0,0,0,0,0,0,0,0,0,0,0,0,0,0,0,1,0,0,0,0,0,0,0,0,0,0,0,0,0,0,0,0,0,0,0,0,0,0,0,0,0,0,0,0,0,0,0,0,0,0,0,1,0,0,0,0,0,0,0,0,0,0,0,0,0,0,0,0,0,0,0,0,0,0,0,0,0,0,0,0,0,0,0,0,0,0,0,0,0,0,0,0,0,0,0,0,0,0,0,0,0,0,0,0,0,0,0,0,1,0,0,0,0,0,0,0,0,0,0,0,0,0,0,0,0,0,0,0,0,0,0,0,1,0,0,1,0,0,1,1,0,0,0,1,1,1,0,0,0,1,0,0,0,1,0,1,0,0,0,1,1,0,0,0,0,0,1,0,0,0,0,0,0,0,0,0,1,0,1,0,0,0,1,0,1,0,1,0,1
4.944444444444445,1.0,1.0,0.41093760104934907,24.0,72.107,0.046638169849841704,-0.3814493819627182,0.3814493819627182,0.046638169849841704,1.0,1.6,16.478080853478225,10.393584045238857,1.9427470876857722,-1.7640257818569944,4.4317519010712045,0.197833492613591,1.760495029766198,2.083333333333333,-0.04,22.886435386960574,1.4103121748178982,0.6183636836628511,4.736862953800049,0.0,0.0,0.0,0.0,0.0,0.0,0.0,0.0,0.0,0.0,12.841643245852019,13.213763929025836,0.0,0.0,0.0,0.0,12.841643245852019,13.213763929025836,0.0,0.0,0.0,0.0,0.0,4.736862953800049,0.0,12.841643245852019,0.0,0.0,0.0,9.23,0.0,0.0,0.0,13.213763929025836,12.841643245852019,0.0,0.0,0.0,4.736862953800049,0.0,0.0,0.0,0.0,0.0,2.5555555555555554,2.0,0.0,1.0,0.0,0.0,1.0,1.0,0.0,0.0,0.0,0.0,0.0,0.0,0.0,1.0,0.7968000000000001,0.0,0.0,0.0,0.0,0.0,0.0,0.0,0.0,0.0,0.0,0.0,0.0,0.0,0.0,0.0,0.0,0.0,1.0,0.0,0.0,0.0,0.0,0.0,0.0,0.0,0.0,0.0,0.0,0.0,0.0,0.0,0,0,0,1,0,0,0,0,0,0,0,0,0,0,0,0,0,0,0,0,0,0,0,0,0,0,0,0,0,0,0,0,0,0,0,0,0,0,0,0,0,0,0,0,0,0,0,0,0,0,0,0,0,0,0,0,1,0,0,0,0,0,0,0,0,0,0,0,0,0,0,0,0,0,0,0,0,0,0,0,0,0,0,0,0,0,1,0,0,0,0,0,0,0,0,0,0,0,0,0,0,0,0,0,0,0,0,1,0,1,0,0,0,0,0,0,0,0,0,0,0,0,0,0,1,0,0,0,0,0,0,0,0,0,0,0,0,0,0,0,0,0,0,0,0,0,0,0,0,0,0,0,0,0,0,0,0,0,0,0,0,1,0,0,1,0,0,0,0,0,0,0,0,0,0,0,0,0,0,0,0,0,0,0,0,0,1,0,1,0,0,0,0,0,1,0,0,0,0,0,0,1,0,0,0,0,1,0,0,0,0,0,0,1,0,1,0,0,0,1,0,0,0,0,0,0,0,0,0,0,0,1,0,0,1,0,0,0,0,0,1,1
5.069444444444445,1.0,1.0,0.4299400218016568,24.0,86.134,0.04655485505248134,-0.3814524244186342,0.3814524244186342,0.04655485505248134,0.8333333333333334,1.5,16.474097370040248,10.212503090659883,1.9448198809346338,-2.0754199407182474,4.447718102014308,0.09682559917152198,1.719973094021975,2.0,-0.04,34.3994618804395,2.189674338993739,0.9767560019818928,4.736862953800049,0.0,0.0,0.0,0.0,0.0,0.0,0.0,0.0,0.0,0.0,19.26246486877803,13.213763929025836,0.0,0.0,0.0,0.0,19.26246486877803,13.213763929025836,0.0,0.0,0.0,0.0,0.0,4.736862953800049,0.0,19.26246486877803,0.0,0.0,0.0,9.23,0.0,0.0,0.0,13.213763929025836,19.26246486877803,0.0,0.0,0.0,4.736862953800049,0.0,0.0,0.0,0.0,0.0,3.9305555555555554,2.0,0.0,1.0,0.0,0.0,1.0,1.0,0.0,0.0,0.0,0.0,0.0,0.0,0.0,1.0,1.1869,0.0,0.0,0.0,0.0,0.0,0.0,0.0,0.0,0.0,0.0,0.0,0.0,0.0,0.0,0.0,0.0,0.0,1.0,0.0,0.0,0.0,0.0,0.0,0.0,0.0,0.0,0.0,0.0,0.0,0.0,0.0,0,1,0,1,0,0,0,0,0,0,0,0,0,0,0,0,0,0,0,0,0,0,0,0,0,0,0,0,0,0,0,0,0,0,0,0,0,0,0,0,0,0,0,0,0,0,0,0,0,0,0,0,0,0,0,0,1,0,0,0,0,0,0,0,0,0,0,0,0,0,0,0,0,0,0,0,0,0,0,0,0,0,0,0,0,0,1,0,0,0,0,0,0,0,0,0,0,0,0,0,0,0,0,0,0,0,0,1,0,1,0,0,0,0,0,0,0,0,0,0,0,0,0,0,1,0,0,0,0,0,0,0,0,0,0,0,0,0,0,0,0,0,0,0,0,0,0,0,0,0,0,0,0,0,0,0,0,0,0,0,0,1,0,0,1,0,0,0,0,0,0,0,0,0,0,0,0,0,0,0,0,0,0,0,0,0,0,0,1,0,0,0,0,0,0,0,1,0,0,0,0,1,0,0,0,0,1,0,0,0,0,0,1,1,0,1,0,0,0,1,0,0,0,0,0,0,0,0,0,0,0,1,0,0,1,0,0,0,0,1,1,1
5.9376562106324,0.05212962962963008,-2.918478835978836,0.5483413192652408,11.61111111111111,350.591,0.38135594339529894,-0.4039620319976707,0.4039620319976707,0.38135594339529894,1.1666666666666667,1.7222222222222223,35.499020362158454,10.470710593746583,2.2375191427954975,-2.2046412124013024,8.072978733272395,0.21580460328220538,2.261184336373166,3.006125183376143,0.38999999999999985,6946.3582813383655,7.246563253264823,4.494247868158743,4.5237471617118175,5.022633313741326,5.153109816892792,5.879988336435371,0.0,6.718607232363179,9.047494323423635,0.0,4.9839785209472085,0.0,34.802819670697545,19.913841467842857,11.806856088638648,18.23639724276716,53.328282991699375,4.9839785209472085,0.0,13.847474399381248,13.213763929025836,21.264743512837054,5.879988336435371,4.5237471617118175,5.879988336435371,41.52142690306073,20.85435041206228,0.0,13.847474399381248,6.06636706846161,15.198376444375445,0.0,40.58,0.0,21.078364780810816,13.213763929025836,0.0,6.06636706846161,13.847474399381248,0.0,4.9839785209472085,60.18091724447165,3.9021974993701183,0.49887303686907036,0.0,0.05212962962963008,1.421966805240615,0.0,1.3662916071778506,0.0,0.4444444444444444,0.0,0.0,0.0,0.0,0.0,0.0,1.0,0.0,0.0,6.0,0.0,1.0,4.718100000000002,0.0,0.0,0.0,0.0,0.0,0.0,0.0,0.0,0.0,0.0,0.0,0.0,0.0,0.0,0.0,0.0,0.0,0.0,0.0,0.0,0.0,0.0,0.0,0.0,0.0,0.0,0.0,0.0,1.0,0.0,0.0,0,0,1,0,0,0,0,0,0,0,0,0,1,0,0,1,0,0,0,0,0,0,0,1,0,0,0,0,0,1,0,0,0,0,0,0,0,0,0,0,0,0,0,0,0,0,0,0,0,1,0,0,0,1,0,0,0,0,0,0,0,0,0,0,0,0,0,0,0,1,0,0,0,1,0,0,0,1,0,0,0,1,0,0,0,1,0,0,0,0,0,0,0,1,0,0,0,0,0,0,0,0,0,0,0,0,0,0,0,0,0,0,0,1,0,0,0,0,0,1,0,0,0,0,0,1,0,0,0,1,0,0,0,0,0,0,0,0,0,0,0,0,0,0,0,0,0,0,0,0,0,1,0,1,0,1,0,0,0,0,0,1,0,0,0,0,0,0,0,0,0,0,0,0,0,1,0,1,0,0,0,0,0,0,1,0,0,0,0,1,0,0,0,1,0,1,1,0,0,1,1,1,0,1,1,0,0,0,1,0,0,1,1,0,0,0,0,0,0,1,0,0,0,1,0,1,1,1,1,0,0,1,0,1,1,0,1,1,1,1,1,1
6.143299949609473,0.2933515998992191,0.2933515998992191,0.5165015321569533,10.647058823529411,326.437,0.07843299356710112,-0.0836068525897109,0.0836068525897109,0.07843299356710112,0.5882352941176471,1.1764705882352942,35.50147521296282,10.056714138838315,2.1476372996411968,-2.103909695184684,6.495244004964507,1.6117976474872098,2.2853401902295016,2.7382228051449,-0.11000000000000015,6739.468220986801,5.255925392825009,2.5184100848089823,0.0,0.0,0.0,0.0,0.0,0.0,0.0,0.0,0.0,0.0,70.1374335880858,18.19910120538483,21.172169610876644,15.067899941223978,58.00469945116258,0.0,0.0,0.0,0.0,55.44500191101468,11.126902983393991,0.0,0.0,58.00469945116258,0.0,0.0,0.0,30.33183534230805,25.11316656870663,11.126902983393991,0.0,0.0,0.0,36.24006955210062,0.0,0.0,30.33183534230805,0.0,0.0,58.00469945116258,0.0,2.051071586041826,1.315802469135803,0.0,8.636127313065144,0.0,0.0,0.0,0.0,0.0,0.0,0.0,0.0,0.0,2.0,0.0,0.0,0.0,1.0,0.0,2.0,6.620600000000001,0.0,0.0,0.0,0.0,0.0,0.0,0.0,0.0,0.0,0.0,0.0,0.0,0.0,0.0,0.0,0.0,0.0,0.0,0.0,0.0,0.0,0.0,0.0,0.0,0.0,0.0,0.0,0.0,0.0,0.0,0.0,0,0,0,0,0,0,0,0,1,0,0,0,0,0,0,0,0,0,0,0,0,0,1,0,0,0,0,0,0,0,0,0,0,0,0,0,0,0,0,0,0,0,0,0,0,1,0,0,0,0,0,0,0,0,0,0,0,0,1,0,0,0,0,0,0,0,0,0,0,0,0,0,0,0,0,0,1,1,0,0,0,1,0,0,0,0,0,0,0,0,0,0,0,0,0,0,0,0,0,0,0,0,0,0,0,0,0,0,0,0,0,0,0,1,0,0,0,0,0,1,0,0,0,0,0,1,1,0,0,0,0,0,0,0,0,0,1,0,0,0,0,0,0,0,0,0,0,0,0,0,0,0,0,1,0,0,0,0,0,0,0,0,0,0,0,0,0,1,0,0,1,0,0,0,0,0,1,0,0,0,0,0,0,0,0,0,0,0,0,1,0,0,0,0,0,0,0,0,0,0,1,0,0,0,0,0,0,0,0,0,1,0,0,0,0,0,0,0,0,0,0,0,0,1,1,0,0,0,1,0,0,0,0,0,0,0,0,0,1,1,0,1
5.881172839506172,0.43672839506172845,-0.43672839506172867,0.5976039421761683,55.5,290.832,0.06926690850591896,-0.11966378726349973,0.11966378726349973,0.06926690850591896,0.3333333333333333,0.4166666666666667,35.50499758566228,9.97283070885882,2.4639586119207117,-2.372857126464408,6.4474638509306335,0.5439823508572575,2.0815718239857546,2.7602520756252087,1.74,416.3143647971509,4.506208943212113,2.0438996745290456,0.0,0.0,0.0,0.0,0.0,0.0,0.0,0.0,0.0,69.60563934139509,0.0,0.0,0.0,32.26252720923436,69.60563934139509,0.0,0.0,32.26252720923436,0.0,0.0,0.0,0.0,0.0,69.60563934139509,0.0,0.0,0.0,0.0,0.0,0.0,0.0,0.0,0.0,0.0,0.0,0.0,0.0,0.0,0.0,69.60563934139509,0.0,-2.620370370370371,0.0,0.0,0.0,0.0,0.0,0.0,1.0,0.0,1.0,0.0,1.0,0.0,0.0,0.0,0.0,0.0,0.0,0.0,1.0,3.644400000000001,0.0,0.0,0.0,0.0,0.0,0.0,0.0,0.0,0.0,0.0,0.0,0.0,0.0,0.0,0.0,0.0,0.0,0.0,0.0,0.0,0.0,0.0,0.0,0.0,0.0,0.0,0.0,0.0,0.0,0.0,0.0,0,0,0,0,0,0,0,0,0,0,0,0,0,0,0,0,0,0,1,0,0,0,0,0,0,0,0,0,0,0,0,0,0,0,0,0,0,0,0,0,0,0,0,0,0,0,0,0,0,0,0,0,0,0,0,0,0,0,0,0,0,0,0,0,0,0,0,0,0,0,0,0,0,0,0,0,0,0,0,0,0,0,0,0,0,0,0,0,0,0,0,0,0,0,0,0,0,0,0,0,0,0,0,0,0,0,0,0,0,0,0,0,0,0,0,0,0,0,0,0,0,0,0,0,0,1,0,0,0,0,0,0,0,0,0,0,0,0,0,0,0,0,0,0,0,0,0,0,1,0,0,0,0,0,0,0,0,0,0,0,0,0,0,0,0,0,0,0,0,0,0,0,1,0,0,0,0,0,0,0,0,0,0,0,0,0,0,0,0,1,0,0,0,0,0,0,0,0,0,0,1,0,0,0,0,0,0,0,0,0,0,0,0,0,0,0,0,0,0,0,0,0,0,0,0,0,0,0,1,0,0,0,0,0,0,0,0,0,0,1,0,1
5.655432098765431,0.18595679012345734,0.18595679012345734,0.4510272795995529,10.272727272727273,250.339,0.08084510227674689,-0.08259779741439219,0.08259779741439219,0.08084510227674689,0.6363636363636364,1.0,35.502567423396854,10.345726789289463,2.104087744487652,-2.018351532831146,6.5417542771402015,1.6961616105597135,1.9718983443825908,3.4555464838177836,0.6699999999999999,256.3467847697368,3.5904275521620326,1.8772480467474577,0.0,0.0,0.0,0.0,0.0,0.0,0.0,0.0,0.0,0.0,58.00469945116258,6.06636706846161,0.0,25.11316656870663,58.00469945116258,0.0,0.0,0.0,0.0,31.179533637168245,0.0,0.0,0.0,58.00469945116258,0.0,0.0,0.0,6.06636706846161,25.11316656870663,0.0,0.0,0.0,15.067899941223978,10.045266627482652,0.0,6.06636706846161,0.0,0.0,0.0,58.00469945116258,0.0,1.2300308641975335,0.0,0.0,1.4441049382716051,0.0,0.0,0.0,0.0,0.0,0.0,0.0,0.0,0.0,1.0,0.0,0.0,0.0,0.0,0.0,1.0,4.9536,0.0,0.0,0.0,0.0,0.0,0.0,0.0,0.0,0.0,0.0,0.0,0.0,0.0,0.0,0.0,0.0,0.0,0.0,0.0,0.0,0.0,0.0,0.0,0.0,0.0,0.0,0.0,0.0,0.0,0.0,0.0,0,0,0,0,0,0,0,0,0,0,0,0,0,0,0,0,0,0,0,0,0,0,0,0,0,0,0,0,0,0,0,0,0,0,0,0,0,0,0,0,1,0,0,0,0,0,0,0,0,0,0,0,0,0,0,0,0,0,1,0,0,0,0,0,0,0,0,0,0,0,0,0,0,1,0,0,0,1,0,0,0,1,0,0,0,0,0,0,0,0,0,0,0,0,0,0,0,0,0,0,0,0,0,0,0,0,0,0,0,0,0,0,0,1,0,1,0,0,0,0,0,0,0,0,0,1,0,0,0,0,0,0,0,0,0,0,0,0,0,0,0,0,0,0,0,0,0,0,0,0,0,0,0,1,0,1,0,0,0,0,0,0,0,0,0,0,0,0,0,0,1,0,0,0,0,0,0,0,0,0,0,0,0,0,0,0,0,0,0,1,0,0,0,0,0,0,0,0,0,0,1,0,0,0,0,0,0,0,0,0,0,0,0,0,0,0,0,0,0,0,0,0,0,1,0,0,0,0,1,0,0,0,0,0,0,0,0,0,1,1,0,1
10.568703703703704,0.14313271604938227,-0.6847993827160492,0.5674255667463973,9.8,180.978,0.3263929230736818,-0.29646870238762735,0.3263929230736818,0.29646870238762735,1.1,1.7,35.498263633260706,10.648243657626422,2.01116957350997,-1.8883565546846874,6.404430661528505,1.0369356721641783,1.8235900040480661,3.6183016631206733,-0.7400000000000002,153.18156034003755,2.476088941667861,1.221732761448995,0.0,10.175743130634118,0.0,0.0,5.559266895052008,5.689743398203474,14.76249422596624,4.794537184071822,0.0,0.0,23.20187978046503,0.0,0.0,0.0,23.20187978046503,9.967957041894417,0.0,0.0,0.0,31.013827792033247,0.0,11.24901029325548,0.0,23.20187978046503,0.0,0.0,0.0,9.589074368143644,10.175743130634118,0.0,65.72,0.0,10.175743130634118,0.0,0.0,0.0,0.0,4.9839785209472085,4.9839785209472085,23.20187978046503,24.97567901234568,-0.35029320987654233,-1.3520216049382712,0.0,0.0,0.0,0.0,0.0,0.0,2.0,0.0,0.0,0.0,0.0,0.0,1.0,0.0,2.0,0.0,0.0,1.0,0.37000000000000016,0.0,0.0,0.0,0.0,0.0,2.0,0.0,0.0,0.0,0.0,2.0,0.0,0.0,0.0,0.0,0.0,0.0,0.0,0.0,0.0,0.0,0.0,0.0,0.0,0.0,0.0,0.0,0.0,0.0,0.0,0.0,0,0,0,0,0,0,0,0,0,0,0,1,0,0,0,0,0,0,0,0,0,0,0,0,0,0,0,1,0,0,0,0,0,0,0,0,0,0,0,0,0,0,0,0,0,0,0,0,0,0,0,0,0,0,0,0,0,0,0,0,0,0,0,0,0,1,1,0,0,0,0,0,1,0,0,0,0,1,0,0,0,0,0,0,0,0,0,0,0,0,0,0,0,0,0,0,0,0,0,0,0,0,0,0,0,0,0,0,0,0,0,0,0,1,0,0,0,0,0,0,0,0,0,1,0,1,0,0,0,0,0,0,0,0,0,1,0,0,0,0,0,0,0,0,0,0,0,0,0,0,0,0,0,0,0,0,0,0,0,0,0,0,0,0,0,0,0,0,0,0,1,0,0,1,1,0,0,1,0,0,0,1,0,1,0,0,0,0,0,1,1,0,0,1,0,1,1,0,0,1,1,0,0,0,1,0,0,1,1,0,0,1,0,0,1,0,0,0,1,1,0,0,0,1,0,0,0,0,1,1,0,0,1,1,0,0,1,1,1,1,1,1
11.977777777777778,0.18209876543209913,-3.387731481481482,0.6486694510896298,13.214285714285714,224.237,0.47503145708443,-0.28410219813651316,0.47503145708443,0.28410219813651316,0.7142857142857143,0.9285714285714286,31.20492794752524,10.501253801349907,2.3012738891032547,-2.2281156936558064,7.480883359894729,0.056143370366928215,1.7643758026574785,4.414557763725903,0.10999999999999999,479.91021832283417,5.862111536316656,6.5470149457694085,0.0,0.0,0.0,0.0,0.0,7.822697123132171,13.571241485135452,4.565048284931329,0.0,0.0,0.0,41.54242319814374,0.0,18.31189916324491,7.822697123132171,0.0,0.0,59.85432236138864,0.0,0.0,0.0,0.0,0.0,7.822697123132171,18.13628977006678,0.0,41.54242319814374,0.0,0.0,0.0,44.760000000000005,0.0,18.31189916324491,0.0,0.0,0.0,41.54242319814374,0.0,0.0,13.571241485135452,0.0,0.0,0.0,0.0,0.0,-0.5462962962962978,10.75013888888889,-3.387731481481482,1.0,0.0,0.0,0.0,0.0,0.0,0.0,0.0,0.0,0.0,6.0,0.0,0.0,3.369500000000002,0.0,0.0,0.0,0.0,0.0,0.0,0.0,0.0,0.0,0.0,0.0,0.0,0.0,0.0,0.0,0.0,0.0,0.0,0.0,0.0,0.0,0.0,0.0,0.0,0.0,1.0,0.0,0.0,0.0,0.0,0.0,1,0,0,0,0,0,0,0,0,0,0,0,0,0,0,1,0,0,0,0,0,0,0,0,0,0,0,0,0,0,0,0,0,0,0,0,0,0,0,0,0,0,0,0,0,0,0,1,0,1,0,0,0,0,0,0,0,0,0,0,0,0,0,0,0,0,0,1,0,0,0,0,0,0,0,0,0,0,0,0,0,0,0,0,0,0,0,0,0,0,0,0,0,0,0,0,0,0,0,0,0,0,0,1,0,0,0,0,0,0,0,0,0,0,0,0,0,0,0,0,0,0,0,1,0,0,0,0,0,1,0,0,0,0,0,0,0,0,0,0,0,0,0,0,0,0,0,0,0,0,0,0,0,0,0,0,0,0,0,0,0,0,1,0,0,0,0,0,0,0,0,0,0,0,0,1,0,0,0,0,1,0,0,0,0,0,0,0,0,0,0,0,0,0,0,0,0,0,0,1,0,0,0,1,0,0,0,0,0,0,0,0,0,0,0,0,0,0,0,0,0,1,1,0,0,1,1,1,0,0,1,0,0,0,1,0,1,0,0,0,1,0
10.154818083120823,0.03101379440665153,-4.488655269509575,0.27380490072089314,11.894736842105264,293.449,0.21713390957579481,-0.7255192724478405,0.7255192724478405,0.21713390957579481,0.7368421052631579,1.105263157894737,32.25181285323773,10.05451541981768,1.9559382498281948,-2.065572199242525,7.803504241479516,0.25469867857673245,2.3351924874930714,3.0297743373249992,-0.13000000000000003,10643.807357993419,12.881278899155532,17.870000000000008,4.552749873690364,0.0,0.0,10.399000581649606,0.0,0.0,4.183085432649707,8.417796984328938,0.0,0.0,77.55277505187675,6.4208216229260096,0.0,6.606881964512918,10.399000581649606,0.0,0.0,83.97359667480276,6.606881964512918,0.0,0.0,0.0,0.0,0.0,14.582086014299314,0.0,83.97359667480276,0.0,0.0,0.0,66.43,0.0,6.606881964512918,6.4208216229260096,12.841643245852019,57.787394606334104,0.0,0.0,11.106822632340332,0.0,0.0,0.0,0.0,0.0,0.0,14.538368971592615,2.2646737038867384,-4.488655269509575,1.0,0.0,0.0,0.0,0.0,0.0,0.0,0.0,0.0,0.0,14.0,0.0,0.0,4.164300000000003,0.0,0.0,0.0,0.0,0.0,0.0,0.0,0.0,0.0,0.0,0.0,0.0,0.0,0.0,0.0,0.0,0.0,0.0,0.0,0.0,0.0,0.0,0.0,0.0,0.0,0.0,0.0,0.0,0.0,0.0,11.0,0,0,0,0,0,0,1,0,0,0,0,0,0,0,0,1,0,0,0,0,0,0,0,1,0,0,0,0,1,0,0,0,0,1,0,0,0,0,0,0,0,0,0,0,0,0,0,0,0,0,0,0,0,0,0,0,1,0,0,0,0,0,0,0,0,0,0,0,0,1,0,0,0,0,0,1,0,0,0,0,0,0,0,0,0,0,0,0,0,0,0,0,0,0,0,1,0,0,0,0,0,0,0,0,0,0,0,0,0,0,0,0,0,0,0,0,0,0,0,0,0,0,0,1,0,0,0,0,0,1,0,1,0,0,1,0,0,0,0,0,0,0,0,1,0,0,0,0,0,0,0,0,0,0,0,0,0,1,0,0,0,0,0,0,0,0,0,0,0,0,0,0,1,0,0,1,0,0,0,0,0,0,0,0,0,0,0,0,0,0,0,0,0,0,0,0,0,0,0,1,0,1,0,1,0,1,1,0,0,0,0,0,1,1,0,1,0,0,1,0,0,1,0,0,0,1,1,0,0,0,0,1,0,0,1,0,1,0,0,0,1,0
10.300651416454157,0.345,-0.654562036092502,0.41348978311120854,10.722222222222221,256.4299999999999,0.3028395565321837,-0.481230389785217,0.481230389785217,0.3028395565321837,0.6666666666666666,1.0,16.365129984459486,10.044731922667609,1.9633127069124316,-2.019979519855417,5.660158457608771,-0.136652746850682,2.3446101899431584,2.9229656090325555,-0.53,8372.602988287019,14.530716454159078,15.469999999999994,5.106527394840706,0.0,0.0,0.0,0.0,5.969305287951849,4.794537184071822,0.0,0.0,0.0,83.97359667480276,6.4208216229260096,6.4208216229260096,0.0,5.969305287951849,0.0,0.0,96.81523992065479,0.0,0.0,0.0,0.0,0.0,0.0,4.794537184071822,0.0,96.81523992065479,0.0,0.0,0.0,37.3,0.0,0.0,6.4208216229260096,12.841643245852019,70.62903785218613,0.0,0.0,6.923737199690624,5.106527394840706,10.300651416454157,8.490622453174492,0.0,-0.654562036092502,0.0,17.2695744765868,2.260380356543716,0.0,0.9375,1.0,0.0,0.0,0.0,0.0,0.0,0.0,0.0,1.0,14.0,0.0,0.0,5.552300000000005,1.0,0.0,0.0,0.0,0.0,0.0,0.0,1.0,1.0,0.0,0.0,0.0,0.0,0.0,0.0,0.0,0.0,0.0,0.0,0.0,0.0,0.0,0.0,0.0,0.0,0.0,0.0,0.0,0.0,0.0,12.0,0,0,0,0,0,0,0,0,0,0,0,0,0,0,0,1,0,0,0,0,0,0,0,1,0,1,0,0,0,0,0,0,0,1,0,0,0,0,0,0,0,0,0,0,0,0,0,0,0,0,0,0,0,0,0,0,0,0,0,0,0,0,1,0,0,0,0,0,0,1,0,0,0,0,0,0,0,0,0,0,0,0,0,0,0,0,0,0,0,0,1,0,0,0,0,1,0,0,0,0,0,0,0,0,0,0,0,0,0,1,0,0,0,0,0,0,0,0,0,0,0,0,0,1,0,0,0,0,0,0,0,0,0,1,0,0,0,0,0,0,0,0,0,1,0,0,0,1,0,0,0,0,0,0,0,0,0,1,1,0,0,0,0,0,0,0,0,0,0,0,0,0,0,0,0,0,0,0,0,0,0,0,0,0,0,0,0,0,0,0,0,1,1,0,0,0,0,0,1,0,0,0,0,0,0,1,1,0,0,1,0,0,1,1,0,1,0,0,0,0,1,0,0,0,0,0,0,0,0,0,0,0,1,0,1,0,1,0,0,0,1,0
10.333207244414826,0.3454921184159938,-0.6530610164081214,0.3360419785922725,10.85,284.4839999999999,0.3028395565321837,-0.481230389785217,0.481230389785217,0.3028395565321837,0.6,0.9,16.365132494713635,10.038322990094663,1.9655332621108441,-2.0262306299153843,5.660163678235024,-0.1366531961658982,2.4255496579484808,2.938980066543728,-0.53,22676.463752160347,16.52414185165133,17.470000000000002,5.106527394840706,0.0,0.0,0.0,0.0,5.969305287951849,4.794537184071822,0.0,0.0,0.0,96.81523992065479,6.4208216229260096,6.4208216229260096,0.0,5.969305287951849,0.0,0.0,109.65688316650682,0.0,0.0,0.0,0.0,0.0,0.0,4.794537184071822,0.0,109.65688316650682,0.0,0.0,0.0,37.3,0.0,0.0,6.4208216229260096,12.841643245852019,83.47068109803816,0.0,0.0,6.923737199690624,5.106527394840706,10.333207244414826,8.51732177827958,0.0,-0.6530610164081214,0.0,20.199197231189736,2.2700014291906463,0.0,0.9444444444444444,1.0,0.0,0.0,0.0,0.0,0.0,0.0,0.0,1.0,16.0,0.0,0.0,6.332500000000007,1.0,0.0,0.0,0.0,0.0,0.0,0.0,1.0,1.0,0.0,0.0,0.0,0.0,0.0,0.0,0.0,0.0,0.0,0.0,0.0,0.0,0.0,0.0,0.0,0.0,0.0,0.0,0.0,0.0,0.0,14.0,0,0,0,0,0,0,0,0,0,0,0,0,0,0,0,1,0,0,0,0,0,0,0,1,0,1,0,0,0,0,0,0,0,1,0,0,0,0,0,0,0,0,0,0,0,0,0,0,0,0,0,0,0,0,0,0,0,0,0,0,0,0,1,0,0,0,0,0,0,1,0,0,0,0,0,0,0,0,0,0,0,0,0,0,0,0,0,0,0,0,1,0,0,0,0,1,0,0,0,0,0,0,0,0,0,0,0,0,0,1,0,0,0,0,0,0,0,0,0,0,0,0,0,1,0,0,0,0,0,0,0,0,0,1,0,0,0,0,0,0,0,0,0,1,0,0,0,1,0,0,0,0,0,0,0,0,0,1,1,0,0,0,0,0,0,0,0,0,0,0,0,0,0,0,0,0,0,0,0,0,0,0,0,0,0,0,0,0,0,0,0,1,1,0,0,0,0,0,1,0,0,0,0,0,0,1,1,0,0,1,0,0,1,1,0,1,0,0,0,0,1,0,0,0,0,0,0,0,0,0,0,0,1,0,1,0,1,0,0,0,1,0
10.26175925925926,0.0671296296296291,-1.1128703703703706,0.6102585058580264,9.2,138.12199999999999,0.33896908736073095,-0.507052890945198,0.507052890945198,0.33896908736073095,1.3,1.9,16.367670134320218,10.187505361182781,2.0511997923283363,-1.9456164985020483,5.90032891169751,0.06935242184876118,1.8787445285930133,3.1529414466808685,-1.51,182.2382192735223,2.389632707443791,1.0748936229840518,10.213054789681411,11.3129633249809,0.0,0.0,0.0,5.969305287951849,0.0,4.794537184071822,0.0,0.0,12.13273413692322,12.13273413692322,0.0,0.0,5.969305287951849,0.0,0.0,0.0,0.0,29.828919765543436,5.749511833283905,0.0,5.749511833283905,0.0,0.0,0.0,10.357988675768818,24.26546827384644,0.0,0.0,57.53,0.0,11.3129633249809,0.0,0.0,12.13273413692322,12.13273413692322,0.0,0.0,10.213054789681411,10.26175925925926,17.30574074074074,-0.0671296296296291,-1.3119444444444444,5.811574074074074,0.0,0.0,0.0,0.0,2.0,0.0,0.0,0.0,0.0,1.0,0.0,0.0,2.0,1.0,0.0,1.0,1.0903999999999998,0.0,0.0,0.0,0.0,1.0,0.0,1.0,1.0,1.0,0.0,0.0,0.0,0.0,0.0,0.0,0.0,0.0,0.0,0.0,0.0,0.0,0.0,0.0,1.0,0.0,0.0,0.0,0.0,0.0,0.0,0.0,0,0,0,0,0,0,0,0,0,0,0,1,0,0,0,0,0,0,0,0,0,0,1,0,0,0,0,0,0,0,0,0,0,0,0,0,0,0,0,0,0,0,0,0,1,0,0,0,0,0,0,0,0,0,0,0,0,0,0,0,0,0,0,0,0,0,0,0,0,0,0,0,0,0,0,0,0,1,0,0,0,0,0,0,0,0,0,0,0,0,1,0,0,0,0,0,0,0,0,1,0,0,0,0,0,0,0,0,0,0,0,0,0,0,0,0,0,0,0,0,0,0,0,1,0,0,0,0,0,0,0,0,0,0,0,0,1,0,0,0,0,0,0,0,0,0,0,1,0,0,0,0,0,1,0,0,0,0,1,0,0,0,0,0,0,0,0,0,0,0,0,0,0,0,0,0,0,0,0,0,0,0,0,0,0,0,0,0,0,0,1,0,0,0,0,0,0,0,0,0,0,0,0,0,1,0,0,0,0,1,0,1,0,0,1,0,0,0,0,0,1,0,0,1,0,1,0,0,1,0,1,0,1,0,1,0,1,0,1,1,1,1
15.009899286186265,0.25869273342144217,-1.7954915887383425,0.4585862770619255,23.11111111111111,510.5760000000005,0.25955799809364427,-0.33834375878609296,0.33834375878609296,0.25955799809364427,0.5,0.7777777777777778,19.164949821047383,9.994973441392109,2.3792365821575374,-2.3686246286274133,5.986410829906636,0.061251599114755584,3.6292328397058973,1.2853306052949565,-2.2,232351957.02741942,10.6526997340733,4.737211449676822,19.599638923401912,11.126902983393991,23.26888336418358,0.0,11.814359458703011,0.0,9.589074368143644,17.56166019069928,0.0,0.0,0.0,77.54559860705838,38.26270728194622,0.0,11.814359458703011,19.599638923401912,0.0,63.45025464170401,52.358051247300594,34.39578634757757,0.0,0.0,0.0,0.0,0.0,23.26888336418358,72.08255033494574,0.0,0.0,0.0,47.10000000000001,17.56166019069928,26.1790256236503,37.76696814999996,51.862312115354335,9.799819461700956,0.0,0.0,9.799819461700956,0.0,33.04592654771409,0.0,-2.5112701935176682,-9.333635993954287,0.6005979117623059,7.109280899069266,5.0495036841812375,0.0,0.6923076923076923,0.0,0.0,4.0,4.0,2.0,1.0,0.0,0.0,0.0,4.0,0.0,5.0,3.6438000000000033,0.0,0.0,0.0,0.0,0.0,0.0,0.0,0.0,2.0,2.0,0.0,0.0,0.0,0.0,0.0,0.0,0.0,0.0,0.0,0.0,0.0,0.0,0.0,0.0,0.0,0.0,2.0,0.0,0.0,0.0,0.0,0,0,0,1,0,0,0,0,0,0,0,0,0,0,0,0,0,0,0,0,0,0,0,0,0,0,0,0,0,0,0,0,0,0,0,0,0,0,0,0,0,0,0,0,0,0,0,0,0,0,0,0,0,0,0,0,0,0,0,0,0,0,0,0,0,0,0,0,0,0,1,0,0,0,0,0,0,1,0,0,0,0,0,0,0,0,0,0,0,0,0,0,0,0,0,0,0,0,0,1,0,0,0,0,0,0,0,0,0,0,0,0,0,0,0,0,0,0,0,0,0,0,0,1,0,0,0,0,0,0,0,1,0,0,0,0,0,0,0,0,0,0,0,0,0,0,0,1,0,0,0,0,0,0,0,0,1,0,1,0,0,1,0,1,0,0,0,1,0,0,0,0,1,0,0,0,1,0,0,0,0,0,0,1,0,0,1,1,1,1,0,0,0,1,1,0,1,1,0,0,1,0,1,0,0,0,1,1,1,0,0,0,1,1,0,0,1,0,1,1,0,0,0,1,1,0,1,0,1,0,0,1,1,1,0,1,1,1,1,1,1,1
14.09206309413741,0.14236084917779301,-5.8938115988850255,0.18598000875113008,11.69767441860465,600.504,0.4593268526821031,-0.492840949354689,0.492840949354689,0.4593268526821031,0.8372093023255814,1.558139534883721,19.428616293723838,10.18304102433091,2.6032673209327055,-2.1630203004216395,5.992132008928477,-0.29054075040138627,3.406123965721758,1.3823068295535754,-5.469999999999999,3697998502.3298097,11.42568841738736,5.953959619108829,19.527377465406477,23.588622680731937,11.49902366656781,5.879988336435371,0.0,18.129942197876122,5.316788604006331,19.444297161111425,27.050757046675137,0.0,24.26546827384644,30.33183534230805,23.886487480068393,30.809906289319688,28.43928849693772,19.74844178534064,0.0,12.098827685538051,24.853172290567727,84.81765289115233,28.815910110970645,24.844166069412807,23.128523836287084,0.0,5.922529168094576,0.0,5.693927994848461,79.12372489630387,0.0,16.59031120676462,112.42,0.0,23.004272719086398,28.468315667110478,4.681802935145185,56.94511756808927,30.33183534230805,0.0,25.700216058208117,14.210588861400147,21.228426584395322,8.728646580488267,-0.7169763427164666,-4.363877837606658,16.455869608698237,-4.596605264729321,0.0,2.965097409032194,0.14285714285714285,2.0,0.0,0.0,0.0,2.0,3.0,2.0,0.0,2.0,8.0,0.0,5.0,6.923100000000004,0.0,0.0,0.0,0.0,0.0,0.0,0.0,0.0,1.0,1.0,2.0,0.0,0.0,2.0,0.0,0.0,1.0,3.0,0.0,0.0,0.0,0.0,2.0,1.0,0.0,0.0,0.0,0.0,0.0,0.0,0.0,0,0,0,0,0,0,0,0,1,0,0,0,0,0,0,1,0,0,0,1,1,0,1,0,0,0,0,0,0,0,0,1,0,0,0,1,0,0,0,0,0,0,0,0,1,0,1,0,1,0,1,0,0,0,1,0,0,0,0,0,0,0,0,0,0,0,0,0,0,0,0,0,0,0,0,0,0,1,0,0,0,0,0,0,0,1,0,0,1,0,1,0,0,1,0,0,1,0,0,0,0,0,0,0,0,0,0,0,0,0,0,0,0,0,0,0,0,0,0,0,0,0,1,1,0,0,0,0,0,1,0,0,0,0,0,0,1,0,0,0,0,1,0,0,0,0,0,1,0,0,1,0,0,1,0,1,0,0,1,0,0,0,0,1,0,0,0,0,0,0,0,0,0,1,1,0,1,1,0,1,0,1,1,1,0,0,1,0,0,0,0,0,0,1,1,1,1,0,0,1,1,0,0,1,1,0,0,1,1,0,1,1,0,0,1,0,1,1,0,1,0,1,0,1,1,1,1,1,1,1,1,0,1,1,1,1,1,1,1,1,1,1
14.137709960151529,0.08210710663087295,-9.353361999252279,0.082591842333501,15.408450704225352,1106.1500000000012,0.4727382188389585,-0.46429872885496676,0.4727382188389585,0.46429872885496676,0.6901408450704225,1.1971830985915493,35.49569506640378,9.86948000055699,2.979442521826927,-2.437654938753491,7.1716588096819525,-0.48169328230541497,3.712890833590769,1.2821930344220083,-5.280000000000003,194735235379611.34,19.96695164650479,10.915880614036075,25.00721284646324,28.9441592118842,5.131558479839333,0.0,5.907179729351506,71.60373194778526,19.28352128306594,14.951935562841626,92.19871600117123,0.0,35.07045990509047,25.477292959539852,38.790149098024486,29.748506405889984,63.2381863836154,19.851845293692104,0.0,86.35423901711482,54.86415093293893,51.74994834259906,0.0,15.53348693886314,0.0,22.937725768167255,19.06280027574374,13.847474399381248,33.90118361332206,30.462311845459514,5.022633313741326,0.0,138.88,0.0,37.600929223264174,33.301708121934205,16.900237369631732,6.196843571613076,43.01285240407816,4.899909730850478,30.322375724654336,16.337802844032566,53.20643784210415,6.318268843280271,1.138695141325826,-76.09702937109842,6.631681698189644,-17.759901257802607,3.7832086234994273,0.0,0.5555555555555556,2.0,0.0,1.0,1.0,1.0,1.0,2.0,0.0,2.0,20.0,0.0,4.0,10.425339999999991,0.0,0.0,0.0,0.0,0.0,0.0,0.0,0.0,3.0,3.0,2.0,0.0,0.0,4.0,2.0,0.0,0.0,2.0,0.0,0.0,0.0,0.0,0.0,1.0,0.0,0.0,0.0,0.0,0.0,1.0,0.0,0,0,0,0,0,0,1,0,1,0,0,0,0,0,0,1,0,0,0,0,1,0,1,1,0,0,0,0,0,0,0,1,0,0,1,1,0,0,0,1,1,0,0,0,0,0,0,0,0,0,0,0,0,0,1,0,0,0,1,0,0,0,0,0,0,0,0,0,0,0,0,0,0,0,0,0,0,1,0,1,0,1,0,1,0,1,1,1,0,0,0,0,1,0,1,0,1,0,0,1,1,0,0,1,0,0,0,0,0,1,1,0,0,1,1,0,0,0,0,0,0,0,0,1,0,1,0,0,0,1,1,0,0,0,0,0,1,0,0,0,1,0,0,0,0,0,0,1,0,0,0,1,0,1,0,1,1,0,1,0,1,1,0,1,0,0,1,1,0,0,0,0,0,0,0,0,1,1,0,0,0,1,1,1,1,0,1,1,1,1,0,0,0,1,1,1,1,1,0,1,1,1,1,1,0,0,1,1,1,1,1,0,1,1,1,1,1,1,1,1,0,1,0,1,1,1,1,1,1,1,0,1,1,1,1,1,1,1,1,1,1,1
13.986876626818194,0.012095035664489329,-8.835096693129827,0.09324268704815394,15.169230769230769,1006.1360000000008,0.47273821883923595,-0.46429872885496676,0.47273821883923595,0.46429872885496676,0.7538461538461538,1.3076923076923077,35.49569467023599,9.904391114757816,2.9553677607539375,-2.417984994692073,7.17164989455981,-0.4735355992620073,3.656814795272261,1.2470810198388846,-5.000000000000002,17582360504022.418,18.708266566123104,10.518024691358026,25.00721284646324,28.9441592118842,5.131558479839333,0.0,5.907179729351506,59.75867361159612,19.28352128306594,14.951935562841626,74.63705581047195,0.0,35.07045990509047,25.477292959539852,38.790149098024486,29.748506405889984,63.2381863836154,19.851845293692104,0.0,74.50918068092568,54.86415093293893,51.74994834259906,0.0,15.53348693886314,0.0,22.937725768167255,19.06280027574374,13.847474399381248,33.90118361332206,30.462311845459514,5.022633313741326,0.0,138.88,0.0,11.421903599613874,59.480733745584494,16.900237369631732,6.196843571613076,43.01285240407816,4.899909730850478,30.322375724654336,16.337802844032566,53.30094383449145,6.415430996987987,1.1821743392556137,-55.082996160508245,6.7209412145235,-17.071608227063756,4.199357967336847,0.0,0.5294117647058824,2.0,0.0,1.0,1.0,1.0,1.0,2.0,0.0,2.0,18.0,0.0,4.0,9.154739999999999,0.0,0.0,0.0,0.0,0.0,0.0,0.0,0.0,3.0,3.0,2.0,0.0,0.0,4.0,2.0,0.0,0.0,2.0,0.0,0.0,0.0,0.0,0.0,1.0,0.0,0.0,0.0,0.0,0.0,1.0,0.0,0,0,0,0,0,0,1,0,1,0,0,0,0,0,0,1,0,0,0,0,1,0,1,1,0,0,0,0,0,0,0,1,0,0,1,1,0,0,0,1,1,0,0,0,0,0,0,0,0,0,0,0,0,0,1,0,0,0,1,0,0,0,0,0,0,0,0,0,0,0,0,0,0,0,0,0,0,1,0,1,0,1,0,1,0,1,1,1,0,0,0,0,1,0,1,0,1,0,0,1,1,0,0,1,0,0,0,0,0,1,1,0,0,1,1,0,0,0,0,0,0,0,0,1,0,1,0,0,0,1,1,0,0,0,0,0,1,0,0,0,1,0,0,0,0,0,0,1,0,0,0,1,0,1,0,1,1,0,1,0,1,1,0,1,0,0,1,1,0,0,0,0,0,0,0,0,1,1,0,0,0,1,1,1,1,0,1,1,1,1,0,0,0,1,1,1,1,1,0,1,1,1,1,1,0,0,1,1,1,1,1,0,1,1,1,1,1,1,1,1,0,1,0,1,1,1,1,1,1,1,0,1,1,1,1,1,1,1,1,1,1,1
14.240377735987678,0.1395017327638748,-9.75196215868633,0.07341937673014842,15.61038961038961,1206.1640000000014,0.4727382188389585,-0.46429872885496676,0.4727382188389585,0.46429872885496676,0.6363636363636364,1.103896103896104,35.49569546285819,9.848947954079014,2.995838375869477,-2.4499153225560777,7.171667767806406,-0.48704895165016115,3.764912727882032,1.3194836302155357,-5.560000000000004,2153998610103488.0,21.24563897572849,11.357854424962246,25.00721284646324,28.9441592118842,5.131558479839333,0.0,5.907179729351506,83.4487902839744,19.28352128306594,14.951935562841626,109.76037619187052,0.0,35.07045990509047,25.477292959539852,38.790149098024486,29.748506405889984,63.2381863836154,19.851845293692104,0.0,98.19929735330396,54.86415093293893,51.74994834259906,0.0,15.53348693886314,0.0,22.937725768167255,19.06280027574374,13.847474399381248,33.90118361332206,30.462311845459514,5.022633313741326,0.0,138.88,0.0,54.374754978938455,22.09133385795691,11.336785877934737,12.263210640074686,41.84639506646704,0.0,35.059238678454385,11.600939890232516,53.11685735804771,6.232948846304407,1.0999650050573426,-97.81786061393375,6.5530363407811985,-18.271345281365512,3.435949170939436,0.0,0.5789473684210527,2.0,0.0,1.0,1.0,1.0,1.0,2.0,0.0,2.0,22.0,0.0,4.0,11.695939999999986,0.0,0.0,0.0,0.0,0.0,0.0,0.0,0.0,3.0,3.0,2.0,0.0,0.0,4.0,2.0,0.0,0.0,2.0,0.0,0.0,0.0,0.0,0.0,1.0,0.0,0.0,0.0,0.0,0.0,1.0,0.0,0,0,0,0,0,0,1,0,1,0,0,0,0,0,0,1,0,0,0,0,1,0,1,1,0,0,0,0,0,0,0,1,0,0,1,1,0,0,0,1,1,0,0,0,0,0,0,0,0,0,0,0,0,0,1,0,0,0,1,0,0,0,0,0,0,0,0,0,0,0,0,0,0,0,0,0,0,1,0,1,0,1,0,1,0,1,1,1,0,0,0,0,1,0,1,0,1,0,0,1,1,0,0,1,0,0,0,0,0,1,1,0,0,1,1,0,0,0,0,0,0,0,0,1,0,1,0,0,0,1,1,0,0,0,0,0,1,0,0,0,1,0,0,0,0,0,0,1,0,0,0,1,0,1,0,1,1,0,1,0,1,1,0,1,0,0,1,1,0,0,0,0,0,0,0,0,1,1,0,0,0,1,1,1,1,0,1,1,1,1,0,0,0,1,1,1,1,1,0,1,1,1,1,1,0,0,1,1,1,1,1,0,1,1,1,1,1,1,1,1,0,1,0,1,1,1,1,1,1,1,0,1,1,1,1,1,1,1,1,1,1,1
13.978466856162838,0.1033818620662803,-8.820872463549014,0.08774558244202911,15.121212121212121,1020.1630000000007,0.472738072350366,-0.46431002382116143,0.472738072350366,0.46431002382116143,0.7575757575757576,1.3181818181818181,35.49569472142072,9.90437807380141,2.9553660735972924,-2.418018133252836,7.171651225034856,-0.47353812992802935,3.664385500328269,1.2201563134008,-5.000000000000002,28276754433605.51,19.31028106508876,10.730752595155709,25.00721284646324,28.9441592118842,5.131558479839333,0.0,5.907179729351506,59.75867361159612,19.28352128306594,14.951935562841626,74.63705581047195,0.0,35.07045990509047,31.898114582465862,51.6317923438765,16.906863160037965,63.2381863836154,19.851845293692104,0.0,80.9300023038517,54.86415093293893,51.74994834259906,0.0,15.53348693886314,0.0,22.937725768167255,19.06280027574374,13.847474399381248,40.322005236248074,30.462311845459514,5.022633313741326,0.0,138.88,0.0,18.028785564126792,59.480733745584494,16.900237369631732,6.196843571613076,38.112942673227685,9.799819461700956,30.322375724654336,16.337802844032566,53.579509210708885,6.481044628918252,1.2036218753635248,-54.4675545863549,6.77897277267525,-17.305186276564243,4.759133457017589,0.0,0.5428571428571428,2.0,0.0,1.0,1.0,1.0,1.0,2.0,0.0,2.0,19.0,0.0,4.0,9.544839999999997,0.0,0.0,0.0,0.0,0.0,0.0,0.0,0.0,3.0,3.0,2.0,0.0,0.0,4.0,2.0,0.0,0.0,2.0,0.0,0.0,0.0,0.0,0.0,1.0,0.0,0.0,0.0,0.0,0.0,1.0,0.0,0,0,0,0,0,0,1,0,1,0,0,0,0,0,0,1,0,0,0,0,1,0,1,1,0,0,0,0,0,0,0,1,0,0,1,1,0,0,0,1,1,0,0,0,0,0,0,0,0,0,0,0,0,0,1,0,0,0,1,0,0,0,0,0,0,0,0,0,0,0,0,0,0,0,0,0,0,1,0,1,0,1,0,1,1,1,1,1,0,0,0,0,0,0,1,0,1,0,0,1,1,0,0,1,0,0,0,0,0,1,1,0,0,1,1,0,0,0,0,0,0,0,0,1,0,1,0,0,0,1,1,0,0,0,0,0,1,0,0,0,1,0,0,0,0,0,0,1,0,0,0,1,0,1,0,1,1,1,1,0,1,1,0,1,0,0,1,1,0,0,0,0,0,0,0,0,1,1,0,0,0,1,1,1,1,0,1,1,1,1,0,0,0,1,1,1,1,1,0,1,1,1,1,1,0,0,1,1,1,1,1,0,1,1,1,1,1,1,1,1,0,1,0,1,1,1,1,1,1,1,0,1,1,1,1,1,1,1,1,1,1,1
14.12930018949617,0.04014663584282663,-9.339137769671465,0.07785422501419305,15.36111111111111,1120.177000000001,0.4727380723500885,-0.46431002382116143,0.4727380723500885,0.46431002382116143,0.6944444444444444,1.2083333333333333,35.4956951176256,9.869474694533478,2.9794496474254517,-2.4376738373658218,7.171660146569267,-0.48169499667328014,3.719913825248562,1.2549882770001226,-5.280000000000003,313126214721710.8,20.556904675564663,11.120627437215143,25.00721284646324,28.9441592118842,5.131558479839333,0.0,5.907179729351506,71.60373194778526,19.28352128306594,14.951935562841626,92.19871600117123,0.0,35.07045990509047,31.898114582465862,51.6317923438765,16.906863160037965,63.2381863836154,19.851845293692104,0.0,92.77506064004083,54.86415093293893,51.74994834259906,0.0,15.53348693886314,0.0,22.937725768167255,19.06280027574374,13.847474399381248,40.322005236248074,30.462311845459514,5.022633313741326,0.0,138.88,0.0,18.028785564126792,59.480733745584494,16.900237369631732,6.196843571613076,43.01285240407816,4.899909730850478,30.322375724654336,16.337802844032566,53.49511117659647,6.390093730203134,1.1626200911340692,-75.4467618485897,6.69527874482335,-18.092533975404287,4.379797267752092,0.0,0.5675675675675675,2.0,0.0,1.0,1.0,1.0,1.0,2.0,0.0,2.0,21.0,0.0,4.0,10.81543999999999,0.0,0.0,0.0,0.0,0.0,0.0,0.0,0.0,3.0,3.0,2.0,0.0,0.0,4.0,2.0,0.0,0.0,2.0,0.0,0.0,0.0,0.0,0.0,1.0,0.0,0.0,0.0,0.0,0.0,1.0,0.0,0,0,0,0,0,0,1,0,1,0,0,0,0,0,0,1,0,0,0,0,1,0,1,1,0,0,0,0,0,0,0,1,0,0,1,1,0,0,0,1,1,0,0,0,0,0,0,0,0,0,0,0,0,0,1,0,0,0,1,0,0,0,0,0,0,0,0,0,0,0,0,0,0,0,0,0,0,1,0,1,0,1,0,1,1,1,1,1,0,0,0,0,0,0,1,0,1,0,0,1,1,0,0,1,0,0,0,0,0,1,1,0,0,1,1,0,0,0,0,0,0,0,0,1,0,1,0,0,0,1,1,0,0,0,0,0,1,0,0,0,1,0,0,0,0,0,0,1,0,0,0,1,0,1,0,1,1,1,1,0,1,1,0,1,0,0,1,1,0,0,0,0,0,0,0,0,1,1,0,0,0,1,1,1,1,0,1,1,1,1,0,0,0,1,1,1,1,1,0,1,1,1,1,1,0,0,1,1,1,1,1,0,1,1,1,1,1,1,1,1,0,1,0,1,1,1,1,1,1,1,0,1,1,1,1,1,1,1,1,1,1,1
14.233702780430379,0.012179184981370605,-9.740569829815684,0.06929172446792048,15.564102564102564,1220.1910000000012,0.4727380723500885,-0.46431002382116143,0.4727380723500885,0.46431002382116143,0.6410256410256411,1.1153846153846154,35.495695514117045,9.848945225106828,2.9958520267031266,-2.4499269905293546,7.1716691111524815,-0.48705016796876804,3.7714614579089316,1.2923595837760913,-5.560000000000004,3463014967001296.0,21.825721784218384,11.556184197146228,25.00721284646324,28.9441592118842,5.131558479839333,0.0,5.907179729351506,83.4487902839744,19.28352128306594,14.951935562841626,109.76037619187052,0.0,35.07045990509047,31.898114582465862,51.6317923438765,16.906863160037965,63.2381863836154,19.851845293692104,0.0,104.62011897622997,54.86415093293893,51.74994834259906,0.0,15.53348693886314,0.0,22.937725768167255,19.06280027574374,13.847474399381248,40.322005236248074,30.462311845459514,5.022633313741326,0.0,138.88,0.0,29.64297489127836,46.82311394561701,11.336785877934737,6.196843571613076,43.01285240407816,4.899909730850478,30.322375724654336,16.337802844032566,53.413889269771246,6.309894729186058,1.1259779976322615,-97.14176107447379,6.621228661985645,-18.68204192607817,4.0606639499823185,0.0,0.5897435897435898,2.0,0.0,1.0,1.0,1.0,1.0,2.0,0.0,2.0,23.0,0.0,4.0,12.086039999999985,0.0,0.0,0.0,0.0,0.0,0.0,0.0,0.0,3.0,3.0,2.0,0.0,0.0,4.0,2.0,0.0,0.0,2.0,0.0,0.0,0.0,0.0,0.0,1.0,0.0,0.0,0.0,0.0,0.0,1.0,0.0,0,0,0,0,0,0,1,0,1,0,0,0,0,0,0,1,0,0,0,0,1,0,1,1,0,0,0,0,0,0,0,1,0,0,1,1,0,0,0,1,1,0,0,0,0,0,0,0,0,0,0,0,0,0,1,0,0,0,1,0,0,0,0,0,0,0,0,0,0,0,0,0,0,0,0,0,0,1,0,1,0,1,0,1,1,1,1,1,0,0,0,0,0,0,1,0,1,0,0,1,1,0,0,1,0,0,0,0,0,1,1,0,0,1,1,0,0,0,0,0,0,0,0,1,0,1,0,0,0,1,1,0,0,0,0,0,1,0,0,0,1,0,0,0,0,0,0,1,0,0,0,1,0,1,0,1,1,1,1,0,1,1,0,1,0,0,1,1,0,0,0,0,0,0,0,0,1,1,0,0,0,1,1,1,1,0,1,1,1,1,0,0,0,1,1,1,1,1,0,1,1,1,1,1,0,0,1,1,1,1,1,0,1,1,1,1,1,1,1,1,0,1,0,1,1,1,1,1,1,1,0,1,1,1,1,1,1,1,1,1,1,1
9.425925925925926,2.0902777777777777,-4.820987654320987,0.4240951722710835,11.142857142857142,126.00399999999998,0.43262192403198974,-0.4721978297768068,0.4721978297768068,0.43262192403198974,1.4285714285714286,1.5714285714285714,31.191021124033576,11.615720409569901,2.23055357620453,-1.8962896688813882,7.688703724699702,0.20806451464136008,1.3143204867061786,4.089860350657716,-0.38,17.086166327180322,1.614379875216004,2.331743772241993,14.893350600345656,0.0,0.0,0.0,0.0,13.306156019281646,0.0,9.35958546900315,0.0,0.0,0.0,0.0,0.0,0.0,13.306156019281646,0.0,0.0,0.0,0.0,0.0,0.0,0.0,0.0,7.595762326787885,4.565048284931329,0.0,0.0,0.0,0.0,0.0,94.83,0.0,0.0,0.0,0.0,0.0,0.0,0.0,0.0,14.893350600345656,24.470679012345677,7.486882716049383,-2.0902777777777777,0.0,0.0,0.0,0.0,-4.820987654320987,0.0,3.0,0.0,0.0,0.0,0.0,0.0,0.0,0.0,3.0,1.0,0.0,0.0,-0.1579000000000001,0.0,0.0,0.0,0.0,0.0,0.0,0.0,1.0,1.0,0.0,0.0,0.0,0.0,0.0,0.0,0.0,0.0,0.0,0.0,0.0,0.0,0.0,0.0,0.0,0.0,0.0,0.0,0.0,0.0,0.0,0.0,0,0,0,0,0,0,0,0,0,0,0,0,0,0,0,0,0,0,0,0,0,0,0,0,0,0,0,0,0,0,0,0,0,0,0,0,0,0,0,0,0,0,0,1,0,0,0,0,0,1,0,0,0,0,0,0,0,0,0,0,0,0,0,0,0,0,0,0,0,0,0,0,0,0,0,0,0,0,0,0,0,0,0,0,0,0,0,0,0,0,1,0,0,0,0,0,0,0,1,0,0,0,0,1,0,0,0,0,0,0,0,0,0,0,0,0,0,0,0,0,0,0,0,1,0,0,0,0,0,0,0,0,0,0,0,0,0,0,0,0,0,0,0,0,0,0,0,1,1,0,0,0,0,0,0,0,0,0,1,0,0,0,0,0,0,0,0,0,0,0,0,0,0,0,1,1,0,0,0,1,0,0,0,0,0,0,0,0,0,0,0,0,0,0,0,0,0,0,0,1,0,0,0,1,0,0,0,0,0,1,0,0,0,0,1,0,0,0,1,0,1,1,0,0,0,1,1,0,0,0,0,0,1,0,1,0,1,0,0,0,1,0
12.093495212899974,0.17694444444444413,-0.24626747921390724,0.8529661271367261,13.578947368421053,252.273,0.26254073300675596,-0.36723380257607474,0.36723380257607474,0.26254073300675596,0.7894736842105263,1.3157894736842106,16.180430428963003,10.11920501506428,2.341178921206737,-2.149588210495852,6.209097947513694,0.06655686787849523,2.7069485762847876,1.7762785551056546,-2.6199999999999997,38103.00815978467,4.570087603986984,1.9705613855187314,5.316788604006331,0.0,0.0,0.0,11.814359458703011,0.0,14.488984098994122,0.0,0.0,0.0,30.33183534230805,24.26546827384644,5.687386274683562,17.795594172293136,17.501745733386574,4.899909730850478,0.0,0.0,11.985479792905473,65.72420659954848,0.0,5.316788604006331,0.0,0.0,0.0,0.0,20.715977351537635,54.59730361615449,0.0,0.0,49.410000000000004,0.0,18.483050647602155,11.126902983393991,5.687386274683562,4.899909730850478,24.26546827384644,30.33183534230805,5.316788604006331,0.0,25.406897833207356,3.066519274376417,1.822943961535232,-0.4925349584278145,16.3525627781977,0.0,0.17694444444444413,0.0,0.06666666666666667,1.0,0.0,1.0,1.0,2.0,2.0,0.0,0.0,1.0,3.0,0.0,3.0,2.3522,0.0,0.0,0.0,0.0,0.0,0.0,0.0,0.0,2.0,2.0,1.0,0.0,0.0,1.0,0.0,0.0,1.0,0.0,0.0,0.0,1.0,0.0,0.0,1.0,0.0,0.0,0.0,0.0,0.0,0.0,0.0,0,0,0,0,0,0,0,0,0,0,0,0,0,0,0,0,0,0,0,0,0,0,1,1,0,0,0,0,0,0,0,0,0,0,0,1,0,0,0,0,0,0,0,0,1,0,0,0,1,0,0,0,0,0,0,0,0,0,0,0,0,0,0,0,0,0,0,0,0,0,0,0,1,0,0,0,1,1,0,0,0,0,0,0,0,0,0,0,0,0,1,1,0,0,0,0,0,0,0,0,0,0,0,0,1,0,0,0,0,0,0,0,0,0,0,0,0,0,1,0,0,0,0,1,0,0,0,0,0,0,0,0,0,0,0,0,1,0,0,0,0,0,0,0,0,0,0,0,0,0,0,0,0,1,0,0,0,0,0,1,0,0,0,1,0,0,0,0,0,0,0,0,0,0,0,0,0,0,0,0,0,1,0,0,0,1,1,1,0,0,1,0,0,1,1,1,0,1,0,0,0,0,0,0,0,0,0,0,1,0,1,1,0,0,0,0,1,1,1,1,0,0,0,1,1,0,1,0,1,1,0,1,1,1,0,1,1,1,1,1,1,1
12.742767925861987,0.0,-5.486860320603472,0.019287744361403285,19.09090909090909,847.7239999999998,1.0,-0.7741329856132423,1.0,0.7741329856132423,0.9454545454545454,1.4727272727272727,0.0,0.0,0.0,0.0,0.0,0.0,3.491458153575048,0.0,0.6399999999999997,97391886381.377,32.41684199135556,24.482481907586656,47.297903462084356,18.042261250976935,7.595762326787885,0.0,13.381964018184178,94.36160149602728,18.910663637741713,4.794537184071822,0.0,0.0,108.3503116692102,18.875687821401886,29.699710298001463,31.966453110435015,21.128853142413817,9.551078168738563,5.114250125629398,147.4791167645029,26.427527858051672,43.04122037074691,0.0,114.81421899142494,0.0,15.418459449920057,32.17506396259821,6.923737199690624,127.86905745186469,20.900168065386115,0.0,10.442840646037716,270.15999999999997,0.0,107.26301317695972,6.4208216229260096,30.250386139495394,83.74961862348982,0.0,0.0,26.45742465523151,24.052349229808986,64.10170536956284,14.443942496412873,5.289571719407804,0.0,-0.9808118269037103,16.428059953682343,1.6613267822689948,-10.744213527442977,0.84375,1.0,0.0,1.0,1.0,0.0,0.0,1.0,6.0,1.0,30.0,2.0,2.0,-4.114980000000012,0.0,0.0,0.0,0.0,0.0,1.0,0.0,1.0,1.0,1.0,1.0,0.0,0.0,0.0,1.0,1.0,0.0,2.0,0.0,0.0,0.0,0.0,0.0,0.0,0.0,1.0,0.0,0.0,0.0,0.0,15.0,1,0,0,1,0,0,1,0,0,0,0,0,1,0,0,1,0,0,0,0,0,1,0,1,0,1,0,1,0,0,0,0,1,1,0,0,0,0,0,0,0,0,1,0,0,0,0,0,0,1,1,0,0,0,0,0,1,0,0,0,0,0,0,0,1,1,0,0,0,1,1,1,1,0,0,0,0,1,0,0,0,0,0,0,0,0,0,0,0,0,0,0,0,0,0,1,0,0,1,0,0,0,0,1,0,0,0,0,1,0,0,0,0,0,0,1,1,0,0,0,0,0,0,1,1,0,0,0,0,1,1,0,0,0,1,1,0,0,0,0,0,0,0,1,0,0,0,1,1,0,1,0,0,1,1,0,0,1,1,1,0,1,0,1,1,0,0,0,0,0,0,0,1,1,0,1,1,1,0,1,0,1,0,1,0,0,1,1,1,0,1,0,1,1,1,1,1,0,0,1,0,1,1,1,1,1,1,1,1,1,0,1,1,1,0,1,1,0,1,1,0,1,0,1,0,1,1,1,1,1,1,1,1,1,1,1,1,1,1,1,1,1
9.141203703703704,0.0,-5.4320987654321,0.302737676365404,7.8,191.95000000000002,1.0,-0.8065369356524604,1.0,0.8065369356524604,1.1,1.2,0.0,0.0,0.0,0.0,0.0,0.0,1.3143204867061786,-5.999999818333339e-08,2.62,17.086166327180322,9.70605851979346,13.226962710149063,24.25293606934881,0.0,0.0,0.0,0.0,88.6718580978238,0.0,0.0,0.0,0.0,0.0,7.595762326787885,0.0,5.710393692493761,13.306156019281646,0.0,0.0,0.0,0.0,0.0,0.0,103.56520869816946,0.0,7.595762326787885,4.565048284931329,0.0,0.0,0.0,0.0,0.0,103.32,0.0,88.6718580978238,0.0,0.0,0.0,0.0,0.0,0.0,24.25293606934881,27.304012345679013,9.021604938271604,-2.562499999999999,0.0,0.0,0.0,0.0,-5.4320987654321,0.0,0.0,0.0,0.0,0.0,0.0,0.0,0.0,0.0,0.0,1.0,0.0,0.0,-11.7446,0.0,0.0,0.0,0.0,0.0,0.0,0.0,1.0,1.0,1.0,0.0,0.0,0.0,0.0,0.0,0.0,0.0,0.0,0.0,0.0,0.0,0.0,0.0,0.0,0.0,0.0,0.0,0.0,0.0,0.0,0.0,0,0,0,0,0,0,0,0,0,0,0,0,0,0,0,0,0,0,0,0,0,0,0,0,0,0,0,0,0,0,0,0,0,0,0,0,0,0,0,0,0,0,0,0,0,0,0,0,0,1,1,0,0,0,0,0,0,0,0,0,0,0,0,0,0,0,0,0,0,0,0,0,0,0,0,0,0,0,0,0,0,0,0,0,0,0,0,0,0,0,0,0,0,0,0,0,0,0,0,0,0,0,0,1,0,0,0,0,0,0,0,1,1,0,0,0,0,0,0,0,0,0,0,1,0,0,0,0,0,0,0,0,0,0,1,0,0,0,0,0,0,0,0,0,0,0,0,1,0,0,0,0,0,0,0,0,0,0,1,0,0,0,0,0,0,0,0,0,0,0,0,0,0,0,0,1,0,0,0,1,0,0,0,0,0,0,0,0,0,0,0,0,0,0,0,0,0,0,0,1,0,0,0,1,0,0,0,0,0,1,0,0,0,0,0,0,0,0,1,0,0,1,0,0,0,1,1,0,0,0,0,0,1,0,1,0,1,0,0,0,1,0
