pmid,title,abstract,authors,journal,year,doi
37578904,"High Exposure to Perfluoroalkyl Substances and Antibody Responses to SARS-CoV-2 mRNA Vaccine-an Observational Study in Adults from Ronneby, Sweden.","Per- and polyfluoroalkyl substances (PFAS) are widely used, environmentally ubiquitous, and stable chemicals that have been associated with lower vaccine-induced antibody responses in children; however, data on adults are limited. The drinking water from one of the two waterworks in Ronneby, Sweden, was heavily contaminated for decades with PFAS from firefighting foams, primarily perfluorohexane sulfonic acid and perfluorooctanesulfonic acid (PFOS). Vaccination against SARS-CoV-2 offered a unique opportunity to investigate antibody responses to primary vaccination in adults who had been exposed to PFAS. Our objective was to evaluate associations between PFAS, across a wide range of exposure levels, and antibody responses in adults 5 wk and 6 months after a two-dose vaccination regime against SARS-CoV-2. Adults age 20-60 y from Ronneby ( PFAS exposure, regardless of how it was estimated, was not negatively associated with antibody levels 5 wk [current PFOS:  Following a strict study protocol, rigorous study design, and few dropouts, we found no indication that PFAS exposure negatively affected antibody responses to COVID-19 mRNA vaccination for up to 6 months after vaccination. https://doi.org/10.1289/EHP11847.",Andersson Axel G; Lundgren Anna; Xu Yiyi; Nielsen Christel; Lindh Christian H,Environmental health perspectives,2023,10.1289/EHP11847
40350013,Per- and polyfluoroalkyl substances (PFAS) and microRNA: An epigenome-wide association study in firefighters.,"The occupation of firefighting is classified as a Group 1 carcinogen. Increased cancer risk among firefighters may be partly attributable to increased occupational exposure to a range of chemicals, including per- and polyfluoroalkyl substances (PFAS). Some PFAS are known and suspect human carcinogens. Investigating epigenetic response to these PFAS exposures in firefighters may help to identify biological pathways of specific cancers, and previously unidentified health outcomes that are associated with PFAS. We therefore investigated the associations of serum PFAS concentrations with miRNA expression in firefighters. Serum samples collected from 303 firefighters from 6 sites across the USA were analyzed for 9 PFAS along with miRNA expression. Covariate-adjusted linear regression was used to estimate associations between log PFAS and miRNA expression, with false discovery rate (FDR) set to 0.05 for significance, and an exploratory cutoff of FDR q < 0.20. Gene set enrichment analysis (GSEA) was performed using miRTarBase's miRWalk pathways. Age, race-ethnicity, BMI, fire department, and sex were controlled for in all models. At FDR<0.05, the linear isomer of perfluorooctane sulfonic acid (PFOS) was inversely associated with miR-128-1-5p expression (Beta = -0.146, 95 % CI -0.216, -0.076). At a relaxed FDR of 0.20, we observed inverse associations for the sum of branched isomers of PFOS (Sm-PFOS) with 5 miRNAs (let-7d-5p, let-7a-5p, miR-423-5p, let-7b-5p, miR-629-5p). Several pathways were enriched for multiple PFAS, including those correlated with certain cancers, blood diseases, thyroid disorders, autoimmune disorders, and neurological outcomes. Some PFAS in firefighters were found to be associated with alteration of miRNA consistent with increased risk for a range of chronic diseases.",Furlong Melissa A; Liu Tuo; Jung Alesia; Beitel Shawn; Hughes Jeff,Environmental research,2025,10.1016/j.envres.2025.121766
40113201,"Per- and polyfluoroalkyl substances exposures are associated with non-alcoholic fatty liver disease, particularly fibrosis.","Per- and polyfluoroalkyl substances (PFAS) have been reported to exert hepatotoxic effects; however, their impact on nonalcoholic fatty liver disease (NAFLD) remains unclear. This study aimed to investigate the association between PFAS exposure and NAFLD in Korean adults, thereby contributing to the generalization of PFAS's hepatotoxic effects. Using data from the 2018-2020 Korean National Environmental Health Survey (KoNEHS), we analyzed 2635 Korean adults. PFAS exposure levels were estimated based on the serum concentrations of five PFAS. NAFLD was assessed using two steatosis-related indices (hepatic steatosis index [HSI] and fatty liver index [FLI]) and two fibrosis-related indices (fibrosis-4 index [FIB-4] and aspartate aminotransferase to platelet ratio index [APRI]). The models included these indices as continuous and dichotomous variables, the latter based on diagnostic criteria from previous studies. Associations with PFAS exposure were examined using multiple linear regression and robust Poisson regression models. Positive associations were observed between PFAS exposure and three of the four continuous indices, excluding the FLI, as well as the prevalence of NAFLD diagnosed using these indices. Specifically, the HSI showed a significant association only with perfluorononanoic acid, whereas fibrosis-related indices (FIB-4 and APRI) were significantly associated with all five individual PFAS. The associations were stronger in female and non-obese groups when stratified by sex and obesity status. The results of the Bayesian kernel machine regression analysis evaluating the health effects of PFAS mixtures indicated an association between PFAS mixtures and NAFLD, particularly fibrosis-related indices. Additionally, significant associations with NAFLD indices were mostly observed in females and non-obese groups, supporting the findings from the individual PFAS exposure analyses. Our findings suggest that PFAS are associated with NAFLD, particularly for fibrosis. Considering the high serum PFAS concentrations in the Korean population, continuous monitoring and prospective cohort studies are warranted.",Hwang Se-Hyun; Choi Yun-Hee; Huh Da-An; Kim Lita; Park Kangyeon,"Environmental pollution (Barking, Essex : 1987)",2025,10.1016/j.envpol.2025.126085
40595302,A subcellular study on reactive oxygen species generation by PFAS in HepG2 cells.,"Per- and polyfluoroalkyl substances (PFAS) hepatotoxicity is well documented, especially for legacy compounds such as PFHxS, PFOA, PFOS, and PFNA. However, the mechanism(s) involved are yet to be fully understood. The present study aims to investigate the origin of PFAS-induced formation of reactive oxygen species (ROS) and their relevance for the decrease of cell viability of HepG2 cells after exposure to PFASs. Moreover, a structure-activity relationship was assessed using PFASs with different headgroups (carboxylic, sulfonic, and alcoholic) and variable carbon-chain lengths (4-10 C). The link between ROS generation and cell viability was assessed using two antioxidants: quercetin, a generic antioxidant, and mito-tempo, a mitochondria-targeted antioxidant. Both antioxidants were demonstrated to be effective in reducing PFAS-induced ROS generation. The mechanism behind PFAS-induced ROS might be headgroup-dependent, as quercetin increased cell viability after both perfluoroalkyl carboxylic acids (PFCA) and perfluorosulfonic acids (PFSA) exposure, while mito-tempo only improved cell viability after PFCAs exposure. The two major sources of ROS generation in HepG2 cells are the peroxisomes and mitochondria. However, exposure to PFASs did not impact peroxisomal or mitochondrial activity after 24 h. Uncommon sources of ROS generation, such as lysosomal leakage or lipid peroxidation, have been demonstrated to result from previously generated ROS and not from PFASs exposure. Indeed, lysosomal leakage caused by PFASs exposure is negated by either quercetin or mito-tempo treatment, while lipid peroxidation only occurs after 24 h of exposure, long after the initial ROS generation by PFASs. This indicates that both events are a result of previously generated ROS. However, exposure to both PFOA and PFOS was demonstrated to reduce catalase activity in HepG2. In conclusion, the present study demonstrates that ROS generation after PFASs exposure might be due to inhibition of HepG2 endogenous antioxidants. Moreover, a headgroup-dependent mechanism of action has been observed, indicating that PFCAs and PFSAs exposure might lead to hepatotoxicity through different pathways.",Amstutz V H; Mircheva A; Cengo A; Dubois L J; Sijm D T H M,Scientific reports,2025,10.1038/s41598-025-07503-7
36841522,Spatio-temporal trends in livestock exposure to per- and polyfluoroalkyl substances (PFAS) inform risk assessment and management measures.,"The migration of per- and polyfluoroalkyl substances (PFAS) onto agricultural properties has resulted in the accumulation of PFAS in livestock. The environmental determinants of PFAS accumulation in livestock from the grazing environment are poorly understood, resulting in limited capacity to manage livestock exposure and subsequent transfer of PFAS through the food chain. Analytical- (n = 978 samples of soil, water, pasture, and serum matrices), farm management/practice- and livestock physiology data were collated and interrogated from environmental PFAS investigations across ten farms, from four agro-ecological regions of Victoria (Australia). Statistical analysis identified perfluorooctane sulfonate (PFOS) and perfluorohexane sulfonate (PFHxS) as key analytes of concern for livestock bioaccumulation. PFOS and PFHxS concentrations in livestock drinking water were positively correlated with serum concentrations while other intake pathways (pasture and soil) had weaker correlations. Seasonal trends in PFAS body burden (serum concentrations) were identified and suggested to be linked to seasonal grazing behaviours and physiological water requirements. The data showed for the first time that livestock exposure to PFAS is dynamic and with relatively short elimination half-lives, there is opportunity for exposure management. Meat from cattle, grazed on PFAS impacted sites, may exceed health-based guideline values for PFAS, especially for markets with low limits (like the European Commission Maximum Limits or EC MLs). This study found that sites with mean livestock drinking water concentrations as low as 0.003 μg PFOS/L may exceed the EC ML for PFOS in cattle meat. Risk assessment can be used to prioritise site cleanup and development of management plans to reduce PFAS body burden by considering timing of stock rotation and/or supplementation of primary exposure sources.",Mikkonen Antti T; Martin Jennifer; Upton Richard N; Barker Andrew O; Brumley Carolyn M,Environmental research,2023,10.1016/j.envres.2023.115518
40101590,Association between endocrine disrupting chemicals exposure and diabetic kidney disease in adults: A national cross-sectional NHANES study.,"Diabetic kidney disease (DKD) is a global public health concern. Environmental factors are increasingly recognized as significant risk factors that cannot be overlooked, and certain environmental pollutants exhibit endocrine-disrupting properties. Previous research on the association between endocrine-disrupting chemicals (EDCs) and DKD has been notably limited. This study investigated the association between exposure to 25 EDC metabolites and DKD in 1421 U.S. adults from the 2015-2018 National Health and Nutrition Examination Survey (NHANES). We used logistic regression, restricted cubic spline regression, weighted quantile sum (WQS) regression, and bayesian kernel machine regression (BKMR) models to assess the association between individual and co-exposure to multiple EDCs and DKD. Subgroup analyses and interaction tests were performed to investigate whether this association was stable across the population. Additionally, mediation analysis was used to explore the mediating role of serum globulins in the association between Pb exposure and DKD. In logistic regression models, N-Acetyl-S-(2-hydroxypropyl)-L-cysteine (2HPMA), N-Acetyl-S-(4-hydroxy-2-butenyl)-L-cysteine (MHBMA3), Phenylglyoxylic acid (PGA), and lead (Pb) were significantly positively associated with diabetes. Restricted cubic spline (RCS) analyses also revealed significant non-linear positive associations between 2HPMA, MHBMA3, and DKD. Perfluorohexane sulfonic acid (PFHxS), n-perfluorooctanoic acid (n-PFOA), n-perfluorooctane sulfonic acid (n-PFOS), and Perfluoromethylheptane sulfonic acid isomers (Sm-PFOS) were significantly negatively associated with DKD. Furthermore, co-exposure to metals and metalloid was positively associated with DKD in both the WQS regression and the BKMR models, with Pb as the primary contributing factor. Mediation analysis showed that globulin mediated the association between Pb exposure and DKD, with a mediation proportion of 7.25 % (P = 0.046). Co-exposure to perfluoroalkyl and polyfluoroalkyl substances (PFASs) was negatively correlated with DKD, and subgroup analyses revealed that this correlation was more pronounced in the obese group (BMI ≥30 kg/m²). The BKMR analysis revealed potential interactions among various chemical compounds, such as N-Acetyl-S-(2-hydroxypropyl)-L-cysteine (2HPMA), 2-Methylhippuric acid (2MHA), N-Acetyl-S-(4-hydroxy-2-methyl-2-butenyl)-L-cysteine (IPM3), mercury (Hg), and cadmium (Cd), in a model simulating co-exposure to metals and metalloid, as well as to volatile organic compound metabolites (mVOCs). The findings suggest an association between individual or co-exposure to EDC metabolites and DKD, providing valid evidence for DKD prevention from the perspective of EDCs exposure. However, more prospective studies are needed to elucidate the potential mechanisms underlying these findings.",Li Xinru; Ye Xiaoang; Xu Luhuan; Chen Hongyu,Ecotoxicology and environmental safety,2025,10.1016/j.ecoenv.2025.118044
40743909,Pollen-Food Allergy Syndrome in China: Current Knowledge and Future Research Needs.,"<p>Background: Pollen-food allergy syndrome (PFAS) is a distinct form of IgE-mediated food allergy that occurs in individuals sensitized to pollen. The characteristics of PFAS vary across regions and exhibit significant heterogeneity due to differing pollen sensitization profiles. Summary: Research on PFAS in China has primarily focused on Northern regions, where weed and tree pollen allergy, particularly to Artemisia, are prevalent. PFAS is more commonly observed in China among patients allergic to Artemisia pollen, nsLTPs (e.g., Art v 3) derived from Artemisia pollen is regarded as a biomarker for severe food-pollen allergies in China. Other cross-reactive components, including PR-10, profilins, and recently identified GRP, also contribute to PFAS. Diagnosis mainly relies on clinical history, supported by specific IgE, skin prick testing, and component-resolved diagnostics (CRD), while management includes dietary modifications, allergen avoidance, and epinephrine for anaphylaxis. Although allergen immunotherapy and biologics have been explored, their efficacy remains limited, highlighting unmet needs for further research. Critical knowledge gaps persist in understanding PFAS epidemiology, risk factors, and regional variations in China. Future priorities include large-scale epidemiological studies, validation of diagnostic tools, and the development of tailored management guidelines for China's diverse population. Key Messages: This review aimed to provide a comprehensive overview of PFAS and its management to enhance understanding of the existing knowledge gaps and future research needs in China. </p>.",Jiang Nannan; Deng Shan; Guan Kai; Xiang Li,International archives of allergy and immunology,2026,10.1159/000547646
37962440,"Prenatal Exposure to PFAS, Associations with Preterm Birth and Modification by Maternal Estrogen Levels: The Maoming Birth Study.","Estrogens play a critical role in parturition, and poly- and perfluoroalkyl substances (PFAS), which have estrogenic effects, have been associated with preterm birth. However, the impact of estrogens on the association between PFAS and preterm birth is unknown. The objective of this study is to investigate if estrogens modified the association between PFAS and preterm birth, using a nested case-control study design. A total of 371 preterm births and 508 controls were selected from a birth cohort study in China between 2016 and 2018. Perfluorobutanoic acid (PFBA), perfluorohexanesulfonic acid (PFHxS) and its branched isomer, perfluorooctanoic acid (PFOA), perfluorooctanesulfonic acid (PFOS) and its branched isomer, and perfluorononanoic acid (PFNA) were quantified in maternal serum (mean gestational age of 32 wk). Estradiol and estriol were quantified in cord serum. Preterm birth was defined as live delivery at  Overall, higher odds ratios (ORs) of preterm birth were associated with each 1 ln-unit PFAS increase: PFBA [1.20, 95% confidence interval (CI): 1.14, 1.26], PFNA (1.30, 95% CI: 1.21, 1.39), PFOA (1.98, 95% CI: 1.54, 2.55), and PFOS (1.91, 95% CI: 1.76, 2.07) and its branched isomer (1.91, 95% CI: 1.90, 1.92). We detected statistically significant interactions between cord estradiol and PFAS on preterm birth, while no mediation effects of cord estrogen were observed. The ORs of PFOS (4.29, 95% CI: 1.31, 8.25), its branched isomer (6.71, 95% CI: 1.06, 11.91), and preterm birth were greater for participants with high cord estrogen levels than for participants with low cord estrogen levels. Our findings suggest that estrogen modified the association between maternal PFAS exposure and preterm birth. Further studies on maternal PFAS exposure and preterm birth, taking interaction effects of cord estrogens into account, are warranted. https://doi.org/10.1289/EHP11377.",Qin Xiao-Di; Zhou Yang; Bloom Michael S; Qian Zhengmin Min; Geiger Sarah Dee,Environmental health perspectives,2023,10.1289/EHP11377
34715216,Bioaccumulation and metabolic response of PFAS mixtures in wild-caught freshwater turtles (Emydura macquariimacquarii) using omics-based ecosurveillance techniques.,"PFAS mixtures in the environment are common and identifying PFAS constituents, bioaccumulation, and biological impacts of mixtures remains a challenge. Here, an omics-based ecosurveillance approach was taken to investigate the impacts of PFAS pollution in freshwater turtles (Emydura macquariimacquarii). Four turtles were collected from an impacted waterway downstream from an industrial source of PFAS contamination in Queensland, Australia and analysed for 49 different PFAS. One turtle was collected from a suitable control site. PFAS concentrations were quantified in turtle serum using an established targeted methodology. The serum PFAS concentration was ten-fold greater at the impacted site (Σ49 PFAS 1933 ± 481 ng/mL) relative to the control sample (Σ49 PFAS 140 ng/mL). Perfluorooctane sulfonate (PFOS; 889 ± 56 ng/mL) was 235 times higher in turtle serum than in the water that they were collected from (ΣPFAS 32.0 μg/L). Perfluorobutane sulfonamide (FBSA; 403 ± 83 ng/mL) and perfluorohexane sulfonamide (FHxSA; 550 ± 330 ng/mL) were also reported at substantial concentrations in the serum of impacted turtles. Biochemical profiles were analysed using a mixture of liquid chromatography triple quadrupole (QqQ) and quadrupole time-of-flight (QToF) mass spectrometry methodologies. These profiles demonstrated a positive correlation in the impacted turtles exposed to elevated PFAS with an enhanced purine metabolism, glycerophosphocholines and an innate immune response, which suggest an inflammation response, metabolic preservation and re-routing of central carbon metabolites. Conversely, lipid transport and binding activity were negatively correlated. Using these preliminary data, we were able to demonstrate the negative metabolic impact from PFAS mixtures on turtle metabolic health. With further research on a larger turtle cohort, omics-based data will contribute towards linking adverse outcome pathways for turtle populations exposed to PFAS mixtures. Moreover, expanding the use of ecosurveillance tools will inform mechanistic toxicological data for risk assessment and regulatory applications.",Beale David J; Hillyer Katie; Nilsson Sandra; Limpus Duncan; Bose Utpal,The Science of the total environment,2022,10.1016/j.scitotenv.2021.151264
40633188,Levels of serum per- and polyfluoroalkyl substances and association with dyslipidemia in the Korean population.,"Per- and polyfluoroalkyl substances (PFAS) are primarily used in coatings for cookware and waterproof clothing, and can enter the body through contaminated food or water, potentially acting as endocrine disruptors. Epidemiological studies have reported associations between PFAS and dyslipidemia; however, these studies have mainly been conducted in Western and other countries. Due to genetic differences and weak regulations in East Asia compared to Western countries, there is a need for studies on the health impact on this population. This cross-sectional study analyzed the association between serum PFAS levels and dyslipidemia in Korean adults. The data were from 2975 participants from the cycle 4 of Korean National Environmental Health Survey conducted between 2018 and 2020. We performed general linear regression, robust Poisson regression, and Bayesian kernel machine regression to analyze the association between the five PFAS and dyslipidemia. All five PFAS were detected in over 99.8 % of the study participants, with geometric mean concentrations as follows: perfluorooctanoic acid (PFOA) = 6.4 ng/mL, perfluorooctane sulfonic acid (PFOS) = 15 ng/mL, perfluorohexane sulfonic acid (PFHxS) = 4.2 ng/mL, perfluorononanoic acid (PFNA) = 2.1 ng/mL, and perfluorodecanoic acid (PFDeA) = 0.91 ng/mL. This study confirmed positive associations between PFOA, PFHxS, PFNA, PFDeA, and low-density lipoprotein cholesterol (LDL",Park Kangyeon; Huh Da-An; Kim Lita; Choi Yun-Hee; Lee Jiyoun,Ecotoxicology and environmental safety,2025,10.1016/j.ecoenv.2025.118633
41223748,"Comprehensive strategies for the remediation of per- and polyfluoroalkyl substances (PFAS): Mechanisms, technologies, and future perspectives.","Per- and polyfluoroalkyl substances (PFAS) are a large class of synthetic compounds extensively used in industrial and consumer products owing to their exceptional thermal stability, hydrophobicity, and resistance to chemical degradation. However, these same physicochemical properties that make PFAS valuable in manufacturing have resulted in their persistent accumulation across environmental matrices, including soil, sediments, water bodies, and biota. Elevated PFAS concentrations are commonly detected at aqueous film-forming foam application sites, fluoropolymer manufacturing facilities, landfills, and biosolid-amended agricultural lands. The removal of PFAS through conventional treatment methods is further constrained by the generation of toxic byproducts, degradation of treatment materials, and high operational costs. The pervasive presence of PFAS adversely affects human health, disrupts soil microbial diversity, impairs plant growth, and damages benthic ecosystems, while posing risks of bioaccumulation and trophic transfer. Detection and remediation of PFAS remain particularly challenging due to their chemical stability, complex mixtures, and typically low environmental concentrations. Moreover, microbial degradation of PFAS remains limited, although certain enzymes (like oxidoreductases, hydrolases) have shown potential to transform several PFAS and their precursors. Regulatory control is further complicated by the vast diversity of PFAS compounds, the scarcity of comprehensive toxicity data, and the lack of standardized guidelines for managing their environmental release and human exposure. Therefore, this review consolidates current knowledge on the environmental distribution, ecological impacts, and challenges associated with the PFAS remediation.",Thakur Aman; Khusnutdinova Anna N; Navarro-Márquez Mireya; Kumar Vinod; Ma Hairong,Ecotoxicology and environmental safety,2025,10.1016/j.ecoenv.2025.119374
39047923,Per- and polyfluoroalkyl substances (PFAS) exposure and thyroid cancer: Systematic review and meta-analysis.,"Per- and polyfluoroalkyl substances (PFAS) exposure is a potential risk factor for thyroid cancer and may be a contributor to the increasing thyroid cancer incidence rates. A systematic review and meta-analysis was performed to summarize all human studies to date investigating the association between PFAS exposure and thyroid cancer. A search of the National Library of Medicine and National Institutes of Health PubMed and Scopus databases was done to identify relevant articles published in English through January 2024. Studies reporting the association between PFAS exposure and thyroid cancer using odds ratios (OR) were included in the meta-analysis with summary estimate calculated using a random effects model (n=5). Perfluorooctanoic acid (PFOA) was the most investigated PFAS. Results of the included studies varied, ranging from significant positive to significant negative associations with thyroid cancer incidence for different PFAS. Meta-analyses of PFOA, Perfluorooctanesulfonic acid (PFOS), perfluorononanoic acid (PFNA), perfluorohexanesulfonic acid (PFHxS) were not significant. This comprehensive review of the current literature highlights the limited knowledge and inconsistent results of this association. Large longitudinal cohort studies with varying time between sample collection and thyroid cancer diagnosis are needed to better understand the role of PFAS exposure on thyroid carcinogenesis.",van Gerwen Maaike; Chung Tony; Monaghan Mathilda; Vermeulen Roel; Petrick Lauren,Toxicology letters,2024,10.1016/j.toxlet.2024.07.910
39060682,[Not Available].,,,"Bundesgesundheitsblatt, Gesundheitsforschung, Gesundheitsschutz",2024,10.1007/s00103-024-03906-5
39605965,Adverse outcome pathway for the neurotoxicity of Per- and polyfluoroalkyl substances: A systematic review.,"Per- and polyfluoroalkyl substances (PFAS) are endocrine disruptors with unambiguous neurotoxic effects. However, due to variability in experimental models, population characteristics, and molecular endpoints, the elucidation of mechanisms underlying PFAS-induced neurotoxicity remains incomplete. In this review, we utilized the adverse outcome pathway (AOP) framework, a comprehensive tool for evaluating toxicity across multiple biological levels (molecular, cellular, tissue and organ, individual, and population), to elucidate the mechanisms of neurotoxicity induced by PFAS. Based on 271 studies, the reactive oxygen species (ROS) generation emerged as the molecular initiating event 1 (MIE1). Subsequent key events (KEs) at the cellular level include oxidative stress, neuroinflammation, apoptosis, altered Ca",Li Shenpan; Qin Shuangjian; Zeng Huixian; Chou Weichun; Oudin Anna,Eco-Environment & Health,2024,10.1016/j.eehl.2024.08.002
38712868,Per- and polyfluoroalkyl substances alter innate immune function: evidence and data gaps.,"Per- and polyfluoroalkyl substances (PFASs) are a large class of compounds used in a variety of processes and consumer products. Their unique chemical properties make them ubiquitous and persistent environmental contaminants while also making them economically viable and socially convenient. To date, several reviews have been published to synthesize information regarding the immunotoxic effects of PFASs on the adaptive immune system. However, these reviews often do not include data on the impact of these compounds on innate immunity. Here, current literature is reviewed to identify and incorporate data regarding the effects of PFASs on innate immunity in humans, experimental models, and wildlife. Known mechanisms by which PFASs modulate innate immune function are also reviewed, including disruption of cell signaling, metabolism, and tissue-level effects. For PFASs where innate immune data are available, results are equivocal, raising additional questions about common mechanisms or pathways of toxicity, but highlighting that the innate immune system within several species can be perturbed by exposure to PFASs. Recommendations are provided for future research to inform hazard identification, risk assessment, and risk management practices for PFASs to protect the immune systems of exposed organisms as well as environmental health.",Phelps Drake W; Connors Ashley M; Ferrero Giuliano; DeWitt Jamie C; Yoder Jeffrey A,Journal of immunotoxicology,2024,10.1080/1547691X.2024.2343362
37827483,Endocrine-disrupting chemicals and male reproductive health.,"Modifiable factors, such as environmental exposures, can impact human fertility. The objective of this review is to summarize the potential effects of exposure to important endocrine-disrupting chemicals on male reproductive health. Most experimental and animal data demonstrate strong evidence for the negative effects of exposure to phenols, phthalates, pesticides, and perfluoroalkyl and polyfluoroalkyl substances on male reproductive health. Although evidence of negative associations in humans was overall strong for phthalates and pesticides, limited and inconclusive relationships were found for the other examined chemical biomarkers. Reasons for the discrepancies in results include but are not limited to, differences in study populations, exposure concentrations, number of samples collected, sample sizes, study design, and residual confounding. Additional studies are needed, particularly for newer phenols and perfluoroalkyl and polyfluoroalkyl substances, given the scarce literature on the topic and increasing exposures over time.",Mínguez-Alarcón Lidia; Gaskins Audrey J; Meeker John D; Braun Joseph M; Chavarro Jorge E,Fertility and sterility,2023,10.1016/j.fertnstert.2023.10.008
40692028,A case-cohort study of the association between per- and polyfluoroalkyl substances (PFAS) and breast cancer among participants in the American Cancer Society's Cancer Prevention Study-II.,"Per- and polyfluoroalkyl substances (PFAS) are hypothesized to increase breast cancer risk; findings from prior studies are inconsistent, with many not considering subtypes. To evaluate associations between serum PFAS concentrations and breast cancer incidence, overall and by selected characteristics. We conducted a case-cohort study among Cancer Prevention Study-II LifeLink Cohort female participants (mean age = 68) who developed breast cancer (n = 781) during follow-up (1998-2015) or were in a randomly selected subcohort (n = 498). PFAS concentrations [perfluorooctanoic acid (PFOA) perfluorooctane sulfonate (PFOS), perfluorohexane sulfonic acid (PFHxS), and perfluorononanoic acid (PFNA)] were measured in blood samples collected at baseline (1998-2001). Multivariable Cox proportional hazards models with Prentice weighting were used to estimate hazard ratios (HR) and 95 % confidence intervals (CI) for associations between PFAS concentrations and breast cancer risk. PFAS concentrations were not associated with breast cancer overall but demonstrated heterogeneity by participant characteristics. For example, associations for the highest compared to lowest PFNA quartiles were in opposite directions for estrogen receptor positive (ER+) HR (95 % CI) = 0.88 (0.61-1.27) and estrogen receptor negative (ER PFAS were not associated with overall breast cancer risk in this population of predominantly older women; however, the findings suggest that certain subgroups may be more susceptible to PFAS-related risk. These preliminary results warrant replication in future prospective studies.",Shahi Shamim; Winquist Andrea; Troeschel Alyssa N; Diver W Ryan; Hodge James M,Environmental research,2025,10.1016/j.envres.2025.122381
37239886,Perfluoroalkyl Substances (PFAS) Affect Inflammation in Lung Cells and Tissues.,"Adverse lung outcomes from exposure to per-and polyfluoroalkyl substances (PFAS) are known; however, the mechanism of action is poorly understood. To explore this, human bronchial epithelial cells were grown and exposed to varied concentrations of short-chain (perfluorobutanoic acid, perflurobutane sulfonic acid and GenX) or long-chain (PFOA and perfluorooctane sulfonic acid (PFOS)) PFAS, alone or in a mixture to identify cytotoxic concentrations. Non-cytotoxic concentrations of PFAS from this experiment were selected to assess NLRP3 inflammasome activation and priming. We found that PFOA and PFOS alone or in a mixture primed and activated the inflammasome compared with vehicle control. Atomic force microscopy showed that PFOA but not PFOS significantly altered the membrane properties of cells. RNA sequencing was performed on the lungs of mice that had consumed PFOA in drinking water for 14 weeks. Wild type (WT), PPARα knock-out (KO) and humanized PPARα (KI) were exposed to PFOA. We found that multiple inflammation- and immune-related genes were affected. Taken together, our study demonstrated that PFAS exposure could alter lung biology in a significant manner and may contribute to asthma/airway hyper-responsiveness.",Dragon Julie; Hoaglund Michael; Badireddy Appala Raju; Nielsen Greylin; Schlezinger Jennifer,International journal of molecular sciences,2023,10.3390/ijms24108539
35905606,Photodegradation of per- and polyfluoroalkyl substances in water: A review of fundamentals and applications.,"Per- and polyfluoroalkyl substances (PFAS) are persistent, mobile, and toxic chemicals that are hazardous to human health and the environment. Several countries, including the United States, plan to set an enforceable maximum contamination level for certain PFAS compounds in drinking water sources. Among the available treatment options, photocatalytic treatment is promising for PFAS degradation and mineralization in the aqueous solution. In this review, recent advances in the abatement of PFAS from water using photo-oxidation and photo-reduction are systematically reviewed. Degradation mechanisms of PFAS by photo-oxidation involving the holes (h",Liu Fuqiang; Guan Xiaohong; Xiao Feng,Journal of hazardous materials,2022,10.1016/j.jhazmat.2022.129580
38641293,Chloroperfluoropolyether carboxylate compounds: A review.,"Several new per- and polyfluoroalkyl substances (PFASs) have been synthesized to replace traditional (legacy) PFASs frequently without clear information on their structure, use and potential toxicity. Among them, chloroperfluoropolyether carboxylates (ClPFPECAs) are an emerging group used as processing aids in the production of fluoropolymers to replace the ammonium salt of perfluorononanoic acid (PFNA). The Solvay Company has produced ClPFPECAs as a mixture of six congeners (oligomers) since the mid-1990s, but other possible manufacturers and annual quantities synthesized and used worldwide are unknown. Initial studies to monitor their presence were conducted because of public authority concerns about suspect environmental contamination near fluoropolymer plants. As of 2015, these chemicals have been found in soil, water, vegetative tissues and wildlife, as well as in biological fluids of exposed workers and people, in research carried out mainly in the United States (New Jersey) and Italy. Analysis of wildlife collected even in non-industrialized areas demonstrated widespread occurrence of ClPFPECAs. From the analytical point of view, the (presumptive) evidence of their presence was obtained through the application of non-targeted approaches performed by liquid chromatography coupled with high-resolution mass spectrometry (LC-HRMS). Available toxicological data show that ClPFPECAs have similar adverse effects than the compounds which they have replaced, whereas their carcinogenic potential and reproductive damage are currently unknown. All these observations once again cast doubt on whether many alternatives to traditional PFAS are actually safer for the environment and health.",Bucaletti Elisabetta; Barola Carolina; Galarini Roberta,Chemosphere,2024,10.1016/j.chemosphere.2024.142045
39389194,"Bioaccumulation potentials of per-and polyfluoroalkyl substances (PFAS) in recreational fisheries: Occurrence, health risk assessment and oxidative stress biomarkers in coastal Biscayne Bay.","Per-and polyfluoroalkyl substances (PFAS) are a group of synthetic, highly fluorinated, and emerging chemicals that are reported to be used for both industrial and domestic applications. Several PFAS have demonstrated persistent, bioaccumulative and toxic tendencies in marine organisms. Therefore, this research aims to characterize and quantify these compounds in both recreational fisheries and surface water samples, including estimating their bioaccumulation potentials. In addition, we assessed the potential contribution of biomonitoring tools such as oxidative stressors and morphological index on fish and ecological health. Finally, human health risk assessment was performed based on available toxicological data on limited PFAS. All PFAS were detected in at least one sample except for N-EtFOSAA in lobster which was below the method detection limit. ƩPFAS body burden ranged from 0.15 to 3.40 ng/g wet weight (ww) in blackfin tuna samples and 0.37-5.15 ng/g ww in lobster samples, respectively. Wilcoxon rank paired test (α = 0.05) shows that there is statistical significance (ρ < 0.05) of ƩPFAS between species. Bioaccumulation factors (BAF) suggest an increasing trend in PFAS classes (PFCAs < PFSAs < FTSs), with higher BAFs observed in tuna compared to lobster. Long-chain PFESAs and FASAA were reported at higher concentrations in lobster compared to Blackfin tuna due to their bioavailability through sediment-sorption interactions. Although Fulton's condition factor (FCF) indicates healthy fish conditions, oxidative stress biomarkers suggest that tuna and lobster might be under stress, which can weaken their immune system against exposure to emerging contaminants such as PFAS. Hazard risk (HR) suggests a low risk to human health based on the consumption of the studied species; however, the risk of contaminant exposure may be higher than estimated. This study is aimed at improving food safety by providing better understanding of how PFAS infiltrate into human diet and incorporating data on influence of contaminant exposure and environmental stressors on marine health.",Ogunbiyi Olutobi Daniel; Lemos Leila; Brinn Richard P; Quinete Natalia Soares,Environmental research,2024,10.1016/j.envres.2024.120128
29527894,Per- and Polyfluoroalkyl Substances in Swedish Groundwater and Surface Water: Implications for Environmental Quality Standards and Drinking Water Guidelines.,"The aim of this study was to assess per- and polyfluoroalkyl substances (PFASs) in the Swedish aquatic environment, identify emission sources, and compare measured concentrations with environmental quality standards (EQS) and (drinking) water guideline values. In total, 493 samples were analyzed in 2015 for 26 PFASs (∑",Gobelius Laura; Hedlund Johanna; Dürig Wiebke; Tröger Rikard; Lilja Karl,Environmental science & technology,2018,10.1021/acs.est.7b05718
38306831,"Occurrence, fate, and remediation for per-and polyfluoroalkyl substances (PFAS) in sewage sludge: A comprehensive review.","Addressing per-and polyfluoroalkyl substances (PFAS) contamination is an urgent environmental concern. While most research has focused on PFAS contamination in water matrices, comparatively little attention has been given to sludge, a significant by-product of wastewater treatment. This critical review presents the latest information on emission sources, global distribution, international regulations, analytical methods, and remediation technologies for PFAS in sludge and biosolids from wastewater treatment plants. PFAS concentrations in sludge matrices are typically in hundreds of ng/g dry weight (dw) in developed countries but are rarely reported in developing and least-developed countries due to the limited analytical capability. In comparison to water samples, efficient extraction and cleaning procedures are crucial for PFAS detection in sludge samples. While regulations on PFAS have mainly focused on soil due to biosolids reuse, only two countries have set limits on PFAS in sludge or biosolids with a maximum of 100 ng/g dw for major PFAS. Biological technologies using microbes and enzymes present in sludge are considered as having high potential for PFAS remediation, as they are eco-friendly, low-cost, and promising. By contrast, physical/chemical methods are either energy-intensive or linked to further challenges with PFAS contamination and disposal. The findings of this review deepen our comprehension of PFAS in sludge and have guided future research recommendations.",Zhou Ting; Li Xuan; Liu Huan; Dong Shiman; Zhang Zehao,Journal of hazardous materials,2024,10.1016/j.jhazmat.2024.133637
36111068,Exposure to perfluoroalkyl substances and risk of hepatocellular carcinoma in a multiethnic cohort.,"Exposure to poly- and perfluoroalkyl substances (PFAS), a class of persistent organic pollutants, is ubiquitous. Animal studies suggest that PFAS may increase risk of fatty liver and hepatocellular carcinoma (HCC) via impacts on hepatic lipid, amino acid, and glucose metabolism, but human data is lacking. We examined associations between PFAS exposure, altered metabolic pathways, and risk of non-viral HCC. In this nested case-control study, pre-diagnostic plasma PFAS and metabolomics were measured in 50 incident HCC cases and 50 individually matched controls from the Multiethnic Cohort (MEC) study. Cases/controls were matched by age, sex, race, and study area. PFAS exposure and risk of HCC were examined using conditional logistic regression. A metabolome-wide association study and pathway enrichment analysis was performed for PFAS exposure and HCC risk, and key metabolites/metabolic pathways were identified using a meet in the middle approach. High perfluorooctane sulfonic acid (PFOS) levels (90 This proof-of-concept analysis shows that exposure to high PFOS levels was associated with increased risk of non-viral HCC, likely via alterations in glucose, amino acid, and bile acid metabolism. Larger studies are needed to confirm these findings. Per- and polyfluoroalkyl substances (PFAS), often referred to as ""forever chemicals"" because they are difficult to break down and stay in the human body for years, are extremely common and can cause liver damage. In a first of its kind study, we found that exposure to high levels of perfluorooctanesulfonic acid, one of the most common PFAS chemicals, was linked to increased risk of hepatocellular carcinoma in humans. Hepatocellular carcinoma is difficult to treat and is one of the most common forms of liver cancer, and these findings may provide new avenues for helping to prevent this disease.",Goodrich Jesse A; Walker Douglas; Lin Xiangping; Wang Hongxu; Lim Tiffany,JHEP reports : innovation in hepatology,2022,10.1016/j.jhepr.2022.100550
39667063,Associations of PFAS concentrations during pregnancy and midlife with bone health in midlife: Cross-sectional and prospective findings from Project Viva.,"PFAS may impair bone health, but effects of PFAS exposure assessed during pregnancy and the perimenopause-life stages marked by rapidly changing bone metabolism-on later life bone health are unknown. We studied 531 women in the Boston-area Project Viva cohort. We used multivariable linear, generalized additive, and mixture models to examine associations of plasma PFAS concentrations during early pregnancy [median (IQR) maternal age 32.9 (6.2) years] and midlife [age 51.2 (6.3)] with lumbar spine, total hip, and femoral neck areal bone mineral density (aBMD) and bone turnover biomarkersassessed in midlife. We examined effect modification by diet and physical activity measured at the time of PFAS exposure assessment and by menopausal status in midlife. Participants had higher PFAS concentrations during pregnancy [1999-2000; e.g., PFOA median (IQR) 5.4 (3.8) ng/mL] than in midlife [2017-2021; e.g. 1.5 (1.2) ng/mL]. Women with higher PFOA, PFOS and PFNA during pregnancy had higher midlife aBMD, especially of the spine [e.g., 0.28 (95% CI: 0.07, 0.48) higher spine aBMD T-score, per doubling of PFOA], with stronger associations observed among those with higher diet quality. In contrast, higher concentrations of all PFAS measured in midlife were associated with lower concurrent aBMD at all sites [e.g., -0.21 (-0.35, -0.07) lower spine aBMD T-score, per doubling of PFOA]; associations were stronger among those who were postmenopausal. The associations of several PFAS with bone resorption (loss) were also stronger among postmenopausal versus premenopausal women. Plasma PFAS measured during pregnancy versus in midlife had different associations with midlife aBMD. We found an adverse association of PFAS measured in midlife with midlife aBMD, particularly among postmenopausal women. Future studies with longer follow-up are needed to elucidate the effect of PFAS on bone health during the peri- and postmenopausal years.",Lin Pi-I Debby; Cardenas Andres; Rokoff Lisa B; Rifas-Shiman Sheryl L; Zhang Mingyu,Environment international,2024,10.1016/j.envint.2024.109177
40652593,PFAS in first-time mothers from Sweden: temporal trends and the impact from fish/seafood consumption and drinking water exposure.,"Per- and polyfluoroalkyl substance (PFAS)-contaminated drinking water has been a significant source of human exposure to PFAS in Uppsala, Sweden. Herein, we investigated temporal trends of PFAS in serum samples collected three weeks after delivery from first-time mothers in Uppsala (1996-2022; n = 869), to determine whether efforts to remediate drinking water contamination have reduced maternal PFAS exposure. In addition, the impact of fish/seafood consumption as an exposure source was evaluated. PFAS were analysed by ultra-high performance liquid chromatography-tandem mass spectrometry (UPLC-MS/MS) and temporal trends were evaluated using adjusted cubic spline models. Linear (lin) and branched (br) perfluorooctane sulfonate (PFOS) and perfluoroctanoate (PFOA) showed declining temporal trends, likely due to international regulation and phase-out initiatives. Later initiatives to restrict use and emissions of perfluorononanoate (PFNA), perfluorodecanoate (PFDA) and perfluoroundecanoate (PFUnDA) likely explained the initial increased concentrations by 3-7% per year, up to 2007 or 2010, followed by decreasing trends, on average 2-3% per year. Drinking water contamination was likely responsible for the increase in serum br and lin perfluorohexanesulfonate (PFHxS) concentrations early in the study period, followed by a decline over the last decade associated with remediation of the drinking water contamination around 2012. However, even after remediation, drinking water appeared to contribute to perfluoropentanesulfonate (PFPeS) and PFHxS. Fish/seafood consumption was significantly associated with serum levels of lin PFOS, PFNA, PFDA, and PFUnDA. Overall, PFAS exposure among first-time mothers in Uppsala has declined, resulting in a marked reduction in the proportion of mothers exceeding the serum reference value established by the European Food Safety Authority. Nevertheless, 54% of the mothers sampled from 2018 to 2022 still exceeded this level, showing that efforts to reduce PFAS exposure must continue for many years to come.",Gyllenhammar Irina; Benskin Jonathan P; Plassmann Merle; Kruså Martin; McCleaf Philip,Environment international,2025,10.1016/j.envint.2025.109671
41252938,Global ecological and health risks of PFAS in surface soil.,"Per- and polyfluoroalkyl substances (PFAS) are highly persistent and potentially toxic, making them a growing global concern. Yet, the large-scale ecological and human health risks of PFAS contamination in soils remain poorly understood. In this study, we synthesized about 2,000 PFAS concentration data points from surface soil samples reported in 106 peer-reviewed studies to evaluate global contamination patterns and associated risks. A probabilistic approach showed that long-chain legacy PFAS, particularly perfluorooctane sulfonic acid (PFOS), were the dominant contaminants in soil (median concentration 1.03 ng g",Wei Min; Chen Zhongxing; Yang Kun; Cao Lifeng; Qiu Chuntian,Environment international,2025,10.1016/j.envint.2025.109925
34307722,Scientific Basis for Managing PFAS as a Chemical Class.,"This commentary presents a scientific basis for managing as one chemical class the thousands of chemicals known as PFAS (per- and polyfluoroalkyl substances). The class includes perfluoroalkyl acids, perfluoroalkylether acids, and their precursors; fluoropolymers and perfluoropolyethers; and other PFAS. The basis for the class approach is presented in relation to their physicochemical, environmental, and toxicological properties. Specifically, the high persistence, accumulation potential, and/or hazards (known and potential) of PFAS studied to date warrant treating all PFAS as a single class. Examples are provided of how some PFAS are being regulated and how some businesses are avoiding all PFAS in their products and purchasing decisions. We conclude with options for how governments and industry can apply the class-based approach, emphasizing the importance of eliminating non-essential uses of PFAS, and further developing safer alternatives and methods to remove existing PFAS from the environment.",Kwiatkowski Carol F; Andrews David Q; Birnbaum Linda S; Bruton Thomas A; DeWitt Jamie C,Environmental science & technology letters,2020,10.1021/acs.estlett.0c00255
39226190,Prenatal Exposure to Per- and Polyfluoroalkyl Substances and ASD-Related Symptoms in Early Childhood: Mediation Role of Steroids.,"Previous studies regarding the associations between perfluoroalkyl and polyfluoroalkyl substances (PFAS) and autism spectrum disorder (ASD) have yielded inconsistent results, with the underlying mechanisms remaining unknown. In this study, we quantified 13 PFAS in cord serum samples from 396 neonates and followed the children at age 4 to assess ASD-related symptoms. Our findings revealed associations between certain PFAS and ASD-related symptoms, with a doubling of perfluorononanoic acid (PFNA), perfluorodecanoic acid (PFDA), and perfluoroundecanoic acid (PFUnDA) concentrations associated with respective increases of 1.79, 1.62, and 1.45 units in language-related symptoms and PFDA exhibiting an association with higher score of sensory stimuli. Nonlinear associations were observed in the associations of 6:2 chlorinated polyfluorinated ether sulfonate (Cl-PFAES) and 8:2 Cl-PFAES with ASD-related symptoms. Employing weighted quantile sum (WQS) regression, we observed significant mixture effects of multiple PFAS on all domains of ASD-related symptoms, with PFNA emerging as the most substantial contributor. Assuming causality, we found that 39-40% of the estimated effect of long-chain PFAS (PFUnDA and PFDoDA) exposure on sensory stimuli was mediated by androstenedione. This study provides novel epidemiological data about prenatal PFAS mixture exposure and ASD-related symptoms.",Huang Yun; Jia Zhenxian; Lu Xinhe; Wang Yin; Li Ruizhen,Environmental science & technology,2024,10.1021/acs.est.4c04500
40658020,"PFAS in animal by-products in Lanzhou, China, and health risk assessment.","Per- and polyfluoroalkyl substances (PFAS) are an emerging class of organic compounds that are widely used in industrial production and therefore can be found in the environment. Dietary intake is the main route of human exposure to PFAS, especially in animal-derived foods. In this study, 25 PFAS compounds were determined in 234 animal by-products sold in Lanzhou City, China, by LC-MS/MS. In total 22 PFAS compounds were detected, among which PFBA and PFOS were detected most frequently, with average levels of 2.1 μg/kg and 1.8 μg/kg, respectively. The average level of total PFAS was 0.65 μg/kg, among which the contamination of liver was relatively high. Health risk assessment indicated that local animal by-products did not pose a significant risk to the health of the population, but attention needs to be paid to the health risks for children.",Cheng Yan; Gao Xiangna; Liu Deng; Yu Haiying; Li Yongjun,"Food additives & contaminants. Part B, Surveillance",2025,10.1080/19393210.2025.2521659
40863905,Epigenetic and Genotoxic Mechanisms of PFAS-Induced Neurotoxicity: A Molecular and Transgenerational Perspective.,"Per- and polyfluoroalkyl substances (PFAS) are persistent environmental pollutants that continue to raise concern owing to their ability to accumulate in living organisms. In recent years, a growing body of research has shown that PFAS can exert their toxicity through disruption of both DNA integrity and epigenetic regulation. This includes changes in DNA methylation patterns, histone modifications, chromatin remodeling, and interference with DNA repair mechanisms. These molecular-level alterations can impair transcriptional regulation and cellular homeostasis, contributing to genomic instability and long-term biological dysfunction. In neural systems, PFAS exposure appears particularly concerning. It affects key regulators of neurodevelopment, such as BDNF, synaptic plasticity genes, and inflammatory mediators. Importantly, epigenetic dysregulation extends to non-coding RNAs (ncRNAs), including microRNAs (miRNAs) and long non-coding RNAs (lncRNAs), which mediate post-transcriptional silencing and chromatin remodeling. Although direct evidence of transgenerational neurotoxicity is still emerging, animal studies provide compelling hints. Persistent changes in germline epigenetic profiles and transcriptomic alterations suggest that developmental reprogramming might be heritable by future generations. Additionally, PFAS modulate nuclear receptor signaling (e.g., PPARγ), further linking environmental cues to chromatin-level gene regulation. Altogether, these findings underscore a mechanistic framework in which PFAS disrupt neural development and cognitive function via conserved epigenetic and genotoxic mechanisms. Understanding how these upstream alterations affect long-term neurodevelopmental and neurobehavioral outcomes is critical for improving risk assessment and guiding future interventions. This review underscores the need for integrative research on PFAS-induced chromatin disruptions, particularly across developmental stages, and their potential to impact future generations.",Kebieche Narimane; Yim Seungae; Lambert Claude; Soulimani Rachid,Toxics,2025,10.3390/toxics13080629
33819127,Endocrine disrupting chemicals and breast cancer: a systematic review of epidemiological studies.,"Endocrine-disrupting compounds (EDCs) are ubiquitous substances that are found in our everyday lives, including pesticides, plasticizers, pharmaceutical agents, personal care products, and also in food products and food packaging. Increasing epidemiological evidence suggest that EDCs may affect the development or progression of breast cancer and consequently lead to lifelong harmful health consequences, especially when exposure occurs during early life in humans. Yet so far no appraisal of the available evidence has been conducted on this topic. To systematically review all the available epidemiological studies about the association of the levels of environmental exposures of EDCs with breast cancer risk. The search was performed in accordance with the PRISMA guidelines. We retrieved articles from PubMed (MEDLINE) until 10 March 2021. The key words used in this research were: ""Endocrine disruptor(s)"" OR ""Endocrine disrupting chemical(s)"" OR any of the EDCs mentioned below AND ""Breast cancer"" to locate all relevant articles published. We included only cohort studies and case-control studies. All relevant articles were accessed in full text and were evaluated and summarized in tables. We identified 131 studies that met the search criteria and were included in this systematic review. EDCs reviewed herein included pesticides (e.g. p,p'-dichlorodiphenyltrichloroethane (DDT), p,p'-dichlorodiphenyldichloroethylene (DDE), atrazine, 2,3,7,8-tetrachloridibenzo-p-dioxin (TCDD or dioxin)), synthetic chemicals (e.g. bisphenol A (BPA), phthalates, per- and polyfluoroalkyl substances (PFAS), parabens, polychlorinated biphenyls (PCBs), polybrominated diphenyl ethers (PBDEs), contraceptive pills), phytoestrogens (e.g. genistein, resveratrol), and certain mycotoxins (e.g. zearalenone). Most studies assessed environmental EDCs exposure via biomarker measurements. We identified certain EDC exposures could potentially elevate the risk of breast cancer. As majority of EDCs are highly persistent in the environment and bio-accumulative, it is essential to assess the long-term impacts of EDC exposures, especially multi-generational and transgenerational. Also, since food is often a major route of exposure to EDCs, well-designed exposure assessments of potential EDCs in food and food packing are necessary and their potential link to breast cancer development need to be carefully evaluated for subsequent EDC policy making and regulations.",Wan Murphy Lam Yim; Co Vanessa Anna; El-Nezami Hani,Critical reviews in food science and nutrition,2022,10.1080/10408398.2021.1903382
40796466,Assessment of per- and polyfluoroalkyl substances in Sydney drinking water.,"Per- and polyfluoroalkyl substances (PFAS) have emerged as major persistent organic contaminants in global drinking water supplies. While PFAS contamination has been widely reported, their occurrence in Australian drinking water remains understudied. To address this gap, 32 tap water and 12 bottled water samples were collected across Sydney, Australia. The samples were preconcentrated using StrataX-AW solid-phase extraction (SPE) cartridges and analysed for 50 PFAS compounds using liquid chromatography-tandem mass spectrometry (LC-MS/MS), obtaining ultra-trace detection limits (0.031-5.1 ppt), low relative standard deviation (9-12 %), and high recovery (92-99 %). Of the 50 PFAS monitored, 31 were detected, including the first-reported detection of a short-chained fluorotelomer carboxylic acid (3:3 FTCA) in any drinking water and a fluorophosphoric acid diester (6:2 diPAP) in tap water. Compared to previous studies, 21 PFAS were detected in Sydney tap water that had not been previously reported in Australia. PFAS profiles differed between the catchment source and drinking tap water, persisting or appearing in altered proportions at the tap. Notably, maximum PFOS concentrations in some North Richmond catchment samples (6 ppt) were at or above U.S. EPA (4 ppt) but below endorsed 2025 Australian drinking water guidelines (8 ppt). These findings expand current knowledge of PFAS occurrence in drinking water and underscore the need for further assessment of their sources, distribution and environmental persistence.",Hua Lisa; Donald William A,Chemosphere,2025,10.1016/j.chemosphere.2025.144611
39004364,"Low levels of per- and polyfluoroalkyl substances (PFAS) detected in drinking water in Norway, but elevated concentrations found near known sources.","Per- and polyfluoroalkyl substances (PFAS) are ubiquitous contaminants which are also found in drinking water. Concentration levels in drinking water vary widely and range from a very low contribution to total daily exposure for humans to being the major source of uptake of PFAS. PFAS concentrations in Norwegian drinking water has been rarely reported. We investigated concentrations of 31 PFAS in 164 water samples, representing both source water (i.e., before drinking water treatment) and finished drinking water. Samples were taken from 18 different water bodies across Norway. The 17 waterworks involved supply drinking water to 41 % of the Norwegian population. Only four of the waterworks utilised treatment involving activated carbon which was able to significantly reduce PFAS from the source water. Samples of source water from waterworks not employing activated carbon in treatment were therefore considered to represent drinking water with regards to PFAS (142 samples). All samples from one of the water bodies exceeded the environmental quality standard (EQS) for perfluorooctane sulfonic acid (PFOS) according to the water framework directive (0.65 ng/L). No concentrations exceeded the sum of (20) PFAS (100 ng/L) specified in the EU directive 2020/2184 for drinking water. Several EU countries have issued lower guidelines for the sum of the four PFAS that the European Food Safety Authority (EFSA) has established as the tolerable weekly intake (TWI) for PFOS, perfluorooctanoic acid (PFOA), perfluorononanoic acid (PFNA), and perfluorohexane sulfonic acid (PFHxS). Denmark and Sweden have guidelines specifying 2 and 4 ng/L for the sum of these PFAS. Only one of the 142 drinking water samples exceeded the Danish TWI and contained a sum of 6.6 ng/L PFAS. A population exposure model, for individuals drinking water from the investigated sources, showed that only 0.5 % of the population was receiving PFAS concentrations above the Danish limit of 2 ng/L.",Grung Merete; Hjermann Dag Ø; Rundberget Thomas; Bæk Kine; Thomsen Cathrine,The Science of the total environment,2024,10.1016/j.scitotenv.2024.174550
34533150,"Absorption, distribution, and toxicity of per- and polyfluoroalkyl substances (PFAS) in the brain: a review.","Per- and polyfluoroalkyl substances (PFAS) are a class of synthetic chemicals colloquially known as ""forever chemicals"" because of their high persistence. PFAS have been detected in the blood, liver, kidney, heart, muscle and brain of various species. Although brain is not a dominant tissue for PFAS accumulation compared to blood and liver, adverse effects of PFAS on brain functions have been identified. Here, we review studies related to the absorption, accumulation, distribution and toxicity of PFAS in the brain. We summarize evidence on two potential mechanisms of PFAS entering the brain: initiating blood-brain barrier (BBB) disassembly through disrupting tight junctions and relying on transporters located at the BBB. PFAS with diverse structures and properties enter and accumulate in the brain with varying efficiencies. Compared to long-chain PFAS, short-chain PFAS may not cross cerebral barriers effectively. According to biomonitoring studies and PFAS exposure experiments, PFAS can accumulate in the brain of humans and wildlife species. With respect to the distribution of PFAS in specific brain regions, the brain stem, hippocampus, hypothalamus, pons/medulla and thalamus are dominant for PFAS accumulation. The accumulation and distribution of PFAS in the brain may lead to toxic effects in the central nervous system (CNS), including PFAS-induced behavioral and cognitive disorders. The specific mechanisms underlying such PFAS-induced neurotoxicity remain to be explored, but two major potential mechanisms based on current understanding are PFAS effects on calcium homeostasis and neurotransmitter alterations in neurons. Based on the information available about PFAS uptake, accumulation, distribution and impacts on the brain, PFAS have the potential to enter and accumulate in the brain at varying levels. The balance of existing studies shows there is some indication of risk in animals, while the human evidence is mixed and warrants further scrutiny.",Cao Yuexin; Ng Carla,Environmental science. Processes & impacts,2021,10.1039/d1em00228g
39879998,Endocrine-Disrupting Chemicals and Female Reproductive Aging.,"Female reproductive aging often affects women's emotional, physical, and physiological well-being. Ovarian aging is characterized by fluctuations in reproductive hormones and determines the age at which menopause occurs. Understanding potentially modifiable factors that influence this process is essential for addressing health disparities, improving quality of life, and informing relevant public health strategies. This review synthesizes in vivo, in vitro, and epidemiological findings about the effects of endocrine-disrupting chemicals (EDCs), specifically heavy metals and perfluoroalkyl and polyfluoroalkyl substances (PFAS) on female reproductive aging. Most in vivo and in vitro studies have demonstrated that heavy metals alter ovarian morphology, folliculogenesis, and steroidogenesis. Evidence regarding the effects of PFAS is limited and inconsistent. Epidemiological studies have consistently shown that heavy metals are associated with a higher risk of diminished ovarian reserve (indicated by decreased anti-Müllerian hormone) and earlier menopause, with limited findings regarding reproductive hormone changes. PFAS exposure has been associated with decreased estradiol and earlier menopause but not significantly with ovarian reserve. Gaps in the literature require more comprehensive epidemiological research on the effects of EDCs on female reproductive aging, including ovarian reserve, age at menopause, and vasomotor symptoms, to inform future interventions to reduce hazardous exposures and improve women's health.",Wu Jiaxin; Harlow Siobán D; Randolph John F; Gold Ellen B; Park Sung Kyun,Seminars in reproductive medicine,2024,10.1055/s-0044-1801388
38526771,Public Health Risks of PFAS-Related Immunotoxicity Are Real.,"The discovery of per- and polyfluoroalkyl substances (PFAS) in the environment and humans worldwide has ignited scientific research, government inquiry, and public concern over numerous adverse health effects associated with PFAS exposure. In this review, we discuss the use of PFAS immunotoxicity data in regulatory and clinical decision-making contexts and question whether recent efforts adequately account for PFAS immunotoxicity in public health decision-making. Government and academic reviews confirm the strongest human evidence for PFAS immunotoxicity is reduced antibody production in response to vaccinations, particularly for tetanus and diphtheria. However, recent events, such as the economic analysis supporting the proposed national primary drinking water regulations and clinical monitoring recommendations, indicate a failure to adequately incorporate these data into regulatory and clinical decisions. To be more protective of public health, we recommend using all relevant immunotoxicity data to inform current and future PFAS-related chemical risk assessment and regulation. Biological measures of immune system effects, such as reduced antibody levels in response to vaccination, should be used as valid and informative markers of health outcomes and risks associated with PFAS exposure. Routine toxicity testing should be expanded to include immunotoxicity evaluations in adult and developing organisms. In addition, clinical recommendations for PFAS-exposed individuals and communities should be revisited and strengthened to provide guidance on incorporating immune system monitoring and other actions that can be taken to protect against adverse health outcomes.",Bline Abigail P; DeWitt Jamie C; Kwiatkowski Carol F; Pelch Katherine E; Reade Anna,Current environmental health reports,2024,10.1007/s40572-024-00441-y
40317014,Decoding per- and polyfluoroalkyl substances (PFAS) in hepatocellular carcinoma: a multi-omics and computational toxicology approach.,"Per- and polyfluoroalkyl substances (PFAS), particularly perfluorooctanoic acid (PFOA) and perfluorooctane sulfonate (PFOS), are synthetic chemicals known for their widespread use and environmental persistence. These compounds have been increasingly linked to hepatotoxicity and the development of hepatocellular carcinoma (HCC). However, the molecular mechanisms by which PFAS contribute to HCC remain underexplored. This study employs a multi-omics approach that combines network toxicology, integrated machine learning, single-cell RNA sequencing, spatial transcriptomics, experimental validation, and molecular docking simulations to uncover the mechanisms through which PFAS exposure drives HCC. We analyzed publicly available transcriptomic data from several HCC cohorts and used differential gene expression analysis to identify targets associated with both PFAS exposure and HCC. We constructed a protein-protein interaction (PPI) network and a survival risk model, the PFAS-related HCC signature (PFASRHSig), based on integrated machine learning to identify prognostic biomarkers, with the goal of identifying core targets of PFAS in HCC progression and prognosis. RT-qPCR and immunohistochemical (IHC) staining were used to validate the expression levels of the targets in both tumor and normal tissues. Molecular docking simulations were conducted to assess the binding affinities between PFAS compounds and selected target proteins. Functional enrichment studies revealed that PFAS targets were associated with metabolic signaling pathways, which are actively involved in lipid, glucose, drug metabolism, etc. Through integrated machine learning and PPI network analysis, we identified six genes, APOA1, ESR1, IGF1, PPARGC1A, SERPINE1, and PON1, that serve as core targets of PFAS in both HCC progression and prognosis. These targets were further validated via bulk RNA-seq, single-cell RNA-seq, and spatial transcriptomics, which revealed differential expression patterns across various cell types in the HCC tumor microenvironment. The results of RT-qPCR and IHC staining were consistent with the in silico findings. Molecular docking simulations revealed strong binding affinities between PFAS compounds and these core targets, supporting their potential roles in PFAS-induced hepatocarcinogenesis. Our study highlights key molecular targets and pathways involved in PFAS-induced liver carcinogenesis and proposes a robust survival risk model (PFASRHSig) for HCC. These findings provide new insights into PFAS toxicity mechanisms and offer potential therapeutic targets for mitigating the health risks associated with PFAS exposure. Collectively, our findings help in advancing clinical applications by providing insights into disease mechanisms and potential therapeutic interventions.",Hong Yanggang; Wang Deqi; Liu Zeyu; Chen Yuxin; Wang Yi,Journal of translational medicine,2025,10.1186/s12967-025-06517-z
39278030,"Legacy and alternative per- and polyfluoroalkyl substances spatiotemporal distribution in China: Human exposure, environmental media, and risk assessment.","In recent decades, China's rapid development has led to significant environmental pollution from the widespread use of chemical products. Per- and polyfluoroalkyl substances (PFAS) are among the most concerning pollutants due to their persistence and bioaccumulation. This article assesses PFAS exposure levels, distribution, and health risks in Chinese blood, environment, and food. Out of 4037 papers retrieved from November 2022 to December 31, 2023, 351 articles met the criteria. Findings show perfluorooctanoic acid (PFOA) and perfluorooctane sulfonic acid (PFOS) as the main PFAS in both Chinese populations and the environment. The highest PFOA levels in Chinese populations were in Shandong (53.868 ng/mL), while Hubei had the highest PFOS levels (43.874 ng/mL). Similarly, water samples from Sichuan (2115.204 ng/L) and Jiangsu (368.134 ng/L) had the highest PFOA and PFOS levels, respectively. Although localized areas showed high PFAS concentrations. Additionally, developed areas had higher PFAS contamination. The researches conducted in areas such as Qinghai and Hainan remain limited, underscoring the imperative for further investigation. Temporal analysis indicates declining levels of some PFAS, but emerging alternatives require more research. Limited studies on PFAS concentrations in soil, atmosphere, and food emphasize the need for comprehensive research to mitigate human exposure.",Li Jing; Duan Wenjing; An Ziwen; Jiang Zexuan; Li Longfei,Journal of hazardous materials,2024,10.1016/j.jhazmat.2024.135795
38521043,Mixtures of per- and polyfluoroalkyl substances (PFAS) alter sperm methylation and long-term reprogramming of offspring liver and fat transcriptome.,"Male fertility has been declining worldwide especially in countries with high levels of endocrine disrupting chemicals (EDCs). Per- and polyfluorinated alkyl Substances (PFAS) have been classified as EDCs and have been linked to adverse male reproductive health. The mechanisms of these associations and their implications on offspring health remain unknown. The aims of the current study were to assess the effect of PFAS mixtures on the sperm methylome and transcriptional changes in offspring metabolic tissues (i.e., liver and fat). C57BL/6 male mice were exposed to a mixture of PFAS (PFOS, PFOA, PFNA, PFHxS, Genx; 20 µg/L each) for 18-weeks or water as a control. Genome-wide methylation was assessed on F0 epidydimal sperm using reduced representation bisulfite sequencing (RRBS) and Illumina mouse methylation array, while gene expression was assessed by bulk RNA sequencing in 8-week-old offspring derived from unexposed females. PFAS mixtures resulted in 2,861 (RRBS) and 83 (Illumina) sperm DMRs (q < 0.05). Functional enrichment revealed that PFAS-induced sperm DMRs were associated with behavior and developmental pathways in RRBS, while Illumina DMRs were related to lipid metabolism and cell signaling. Additionally, PFAS mixtures resulted in 40 and 53 differentially expressed genes (DEGs) in the liver and fat of males, and 9 and 31 DEGs in females, respectively. Functional enrichment of DEGs revealed alterations in cholesterol metabolism and mitotic cell cycle regulation in the liver and myeloid leukocyte migration in fat of male offspring, while in female offspring, erythrocyte development and carbohydrate catabolism were affected in fat. Our results demonstrate that exposure to a mixture of legacy and newly emerging PFAS chemicals in adult male mice result in aberrant sperm methylation and altered gene expression of offspring liver and fat in a sex-specific manner. These data indicate that preconception PFAS exposure in males can be transmitted to affect phenotype in the next generation.",Maxwell DruAnne L; Oluwayiose Oladele A; Houle Emily; Roth Katherine; Nowak Karolina,Environment international,2024,10.1016/j.envint.2024.108577
37890625,Combination of separation and degradation methods after PFAS soil washing.,"The current study evaluated a three-stage treatment to remediate PFAS-contaminated soil. The treatment consisted of soil washing, foam fractionation (FF), and electrochemical oxidation (EO). The possibility of replacing the third stage, i.e., EO, with an adsorption process was also assessed. The contamination in the studied soils was dominated by perfluorooctane sulfonate (PFOS), with a concentration of 760 and 19 μg kg",Uwayezu Jean Noel; Ren Zhongfei; Sonnenschein Sarah; Leiviskä Tiina; Lejon Tore,The Science of the total environment,2024,10.1016/j.scitotenv.2023.168137
39088169,PFOA-contaminated soil remediation: a comprehensive review.,"Soil and groundwater contamination has been raised as a concern due to the capability of posing a risk to human health and ecology, especially in facing highly toxic and emerging pollutants. Because of the prevalent usage of perfluorooctanoic acid (PFOA), in industrial and production processes, and subsequently the extent of sites contaminated with these pollutants, cleaning up PFOA polluted sites is paramount. This research provides a review of remediation approaches that have been used, and nine remediation techniques were reviewed under physical, chemical, and biological approaches categorization. As the pollutant specifications, environmental implications, and adverse ecological effects of remediation procedures should be considered in the analysis and evaluation of remediation approaches, unlike previous research that considered a couple of PFAS pollutants and generally dealt with technical issues, in this study, the benefits, drawbacks, and possible environmental and ecological adverse effects of PFOA-contaminated site remediation also were discussed. In the end, in addition to providing sufficient and applicable understanding by comprehensively considering all aspects and field-scale challenges and obstacles, knowledge gaps have been found and discussed.",Soltanian Mehdi; Gitipour Saeid; Baghdadi Majid; Rtimi Sami,Environmental science and pollution research international,2024,10.1007/s11356-024-34516-y
41109194,Per- and polyfluoroalkyl substances (PFAS) in the United States: Current knowledge and regulatory context.,"Per- and polyfluoroalkyl substances (PFAS) are a large group of synthetic chemicals widely used in industrial and consumer products since the 1940s due to their resistance to heat, water, and oil. PFAS are known as ""forever chemicals"" for their environmental persistence and bioaccumulation and have been detected globally in water, soil, wildlife, and humans. Their widespread presence has raised significant health concerns, particularly surrounding their potential carcinogenicity. Legacy PFAS (e.g., PFOA and PFOS) have been linked to increased risk of kidney and testicular cancer while there are also indications of PFAS being linked to breast, ovarian, and prostate cancer. In response, regulatory efforts in the U.S. have accelerated, with the EPA and several states introducing limits, bans, and cleanup policies targeting PFAS. Ongoing research and policy development are essential to mitigate exposure risks, regulate replacement of chemicals, and address the long-term health and environmental consequences of PFAS contamination.",O'Sullivan Bakshi Sara; Dakin Zoe; Monaghan Mathilda; van Gerwen Maaike,The Science of the total environment,2025,10.1016/j.scitotenv.2025.180711
30290996,Perfluoroalkyl substances and metabolic syndrome.,"Perfluoroalkyl substances (PFAS) are a class of contaminants used in many industrial applications and consumer products. Certain PFAS are regulated or voluntarily limited due to concern about environmental persistence and adverse health effects. In this analysis we examine PFAS levels and their association with metabolic syndrome and its components, using a representative sample of the U.S. Data on PFAS levels and metabolic syndrome components were collected from the 2007-2008, 2009-2010, 2011-2012, and 2013-2014 cycles of the National Health and Nutrition Examination Survey. Twelve different PFAS were measured in serum samples from participants. Logistic regression models were used to identify associations between metabolic syndrome, its individual components, and serum PFAS concentrations. Over one-third (37%) of participants met the definition for metabolic syndrome, with increased waist circumference and elevated glucose being the most commonly reported components. Seven PFAS were detected in at least 30% of participants and were examined in subsequent analyses (PFDA, PFOA, PFOS, PFHxS, MPAH, PFNA, PFUnDA). The PFAS with the highest concentrations was PFOS (median 8.4 ng/mL), followed by PFOA, PFHxS and PFNA. After adjusting for potential confounders, PFNA was associated with increased risk of metabolic syndrome and well as several individual components, while the highest levels of PFHxS were associated with elevated triglycerides. Other PFAS were associated with decreased risk of at least one outcome. Associations between PFAS and metabolic syndrome are inconsistent within and across studies. PFNA was consistently associated with increased risk for components of the syndrome, a finding that warrants further investigation.",Christensen Krista Y; Raymond Michelle; Meiman Jon,International journal of hygiene and environmental health,2019,10.1016/j.ijheh.2018.08.014
40408073,"Integration of Animal, Population, and Toxicogenomic Evidence on the Hematotoxic and Immunosuppressive Effects of Environmental Exposure to PFAS Mixtures in Adolescents.","Perfluoroalkyl and polyfluoroalkyl substances (PFASs) are emerging contaminants widely found in drinking water and food, potentially entering the human body through these sources. To investigate these effects, we simulated PFAS exposure doses in animal models, ranging from general population to occupational levels, and analyzed blood and spleen samples. Epidemiological studies linked PFAS exposure to immunosuppression and hematotoxicity, while toxicogenomic analyses validated the underlying biological mechanisms. PFAS exposure caused immunotoxic effects, including altered blood parameters and lymphocyte edema. Cellular abnormalities such as decreased cytoplasmic density, incomplete rough endoplasmic reticulum, chromatin condensation, lymphocyte nuclear shrinkage, and reduced mitochondrial cristae were observed. Epidemiological evidence revealed a dose-response relationship between mixed PFAS exposure and hematologic indices such as hematocrit (HCT), hemoglobin (HGB), platelet count (PLT), platelet-to-lymphocyte ratio (PLR), white blood cell count (WBC), monocyte percentage, and platelet large cell ratio (PLCR), with perfluorooctanoic acid (PFOA) playing a dominant role. Toxicogenomic analysis identified genes associated with platelets, anemia, and leukocyte function, linked to inflammation, Th17 cell differentiation, apoptosis, lipid metabolism, atherosclerosis, and JAK-STAT signaling. This study provides novel insights into the hematotoxicity and immunosuppressive effects of mixed PFAS exposure, emphasizing the need for PFAS substitution, removal, and policies addressing mixed exposures to protect public health.",Du Xiushuai; Xu Xueming; Dong Xing-Xuan; Liang Xinlei; Wu Yitian,Environmental science & technology,2025,10.1021/acs.est.5c01138
40727766,Smoldering Treatment of PFAS: Investigation of Mass Balance and Volumetric Scale Up for Field Implementation.,"The chemical properties of perfluoroalkyl and polyfluoroalkyl substances (PFAS) pose a significant remediation challenge. This study investigated smoldering combustion to destroy PFAS while scaling up from the lab to field implementation. The first phase consisted of bench-scale tests using a model soil system. Calcium oxide (CaO) was used as a soil amendment in some of the test cases. For all test conditions, greater than 99.9% removal of PFAS was achieved. Post-treatment soils without CaO amendments were found to have a significant reduction in total fluorine concentrations, while the fluorine concentrations in soils with CaO amendments were similar following treatment. This suggests that fluorine emissions from smoldering treatment of PFAS are captured by the presence of the calcium ion (Ca",Harrison Brian G; Major David W; Kinsman Laura L; Brown Joshua K; Gabayet Jorge L D,ACS omega,2025,10.1021/acsomega.5c02257
36821828,Evaluation of Per- and Polyfluoroalkyl Substances (PFAS) ,"Per- and polyfluoroalkyl substances (PFAS) are a diverse set of commercial chemicals widely detected in humans and the environment. However, only a limited number of PFAS are associated with epidemiological or experimental data for hazard identification. To provide developmental neurotoxicity (DNT) hazard information, the work herein employed DNT new approach methods (NAMs) to generate ",Carstens Kelly E; Freudenrich Theresa; Wallace Kathleen; Choo Seline; Carpenter Amy,Chemical research in toxicology,2023,10.1021/acs.chemrestox.2c00344
38112183,Altered Transcriptome Response in PBMCs of Czech Adults Linked to Multiple PFAS Exposure: B Cell Development as a Target of PFAS Immunotoxicity.,"While the immunomodulation effects of per- and polyfluoroalkyl substances (PFASs) are described on the level of clinical signs in epidemiological studies (e.g., suppressed antibody response after vaccination), the underlying mechanism has still not been fully elucidated. To reveal mechanisms of PFAS exposure on immunity, we investigated the genome-wide transcriptomic changes of peripheral blood mononuclear cells (PBMCs) responding to PFAS exposure (specifically, exposure to PFPA, PFOA, PFNA, PFDA, PFUnDA, PFHxS, and PFOS). Blood samples and the chemical load in the blood were analyzed under the cross-sectional CELSPAC: Young Adults study. The overall aim of the study was to identify sensitive gene sets and cellular pathways conserved for multiple PFAS chemicals. Transcriptome networks related to adaptive immunity were perturbed by multiple PFAS exposure (i.e., blood levels of at least four PFASs). Specifically, processes tightly connected with late B cell development, such as B cell receptor signaling, germinal center reactions, and plasma cell development, were shown to be affected. Our comprehensive transcriptome analysis identified the disruption of B cell development, specifically the impact on the maturation of antibody-secreting cells, as a potential mechanism underlying PFAS immunotoxicity.",Rudzanová Barbora; Thon Vojtěch; Vespalcová Hana; Martyniuk Christopher J; Piler Pavel,Environmental science & technology,2024,10.1021/acs.est.3c05109
40869875,Socioeconomic Disparities and Risk of Papillary Thyroid Cancer Associated with Environmental Exposure to Per- and Polyfluoroalkyl Substances (PFAS) in Florida.,"The existing literature suggests that exposure to Per- and Polyfluoroalkyl Substances (PFAS) can increase Papillary Thyroid Cancer (PTC) risk by interfering with thyroid hormone signaling, leading to hormonal imbalances that promote carcinogenesis. In addition, significant disparities exist in environmental exposure. However, ecological evidence of these associations has not been established within a statewide database of cancer outcomes. Therefore, this study investigated the relationship between socioeconomic conditions, environmental PFAS exposure, and PTC incidence in Florida using the state's cancer registry. Data on facilities potentially releasing PFAS and ZIP codes with known PFAS drinking water contamination were retrieved from the EPA's PFAS Analytic Tool. Proximity to PFAS sites and age-adjusted incidence by patient race/ethnicity were calculated by census tract. Lower socioeconomic status was associated with greater exposure to environmental PFAS. Census tracts with closer proximity to PFAS sites were more likely to have public water systems with PFAS contamination. Lastly, residential proximity to PFAS sites was positively associated with age-adjusted PTC incidence in Non-Hispanic Whites and Hispanics. These results demonstrate disparities in environmental exposure and suggest that exposure to PFAS may be an important factor for PTC risk at the population level and should be considered in the development of public health policies.",Wild Laura E; DiStefano Nicholas; Forman Garrett; Arocha Bianca I; Lee Ming S,International journal of environmental research and public health,2025,10.3390/ijerph22081290
36628859,Internal relative potency factors based on immunotoxicity for the risk assessment of mixtures of per- and polyfluoroalkyl substances (PFAS) in human biomonitoring.,"Relative potency factors (RPFs) for per- and polyfluoroalkyl substances (PFAS) have previously been derived based on liver effects in rodents for the purpose of performing mixture risk assessment with primary input from biomonitoring studies. However, in 2020, EFSA established a tolerable weekly intake for four PFAS assuming equal toxic potency for immune suppressive effects in humans. In this study we explored the possibility of deriving RPFs for immune suppressive effects using available data in rodents and humans. Lymphoid organ weights, differential blood cell counts, and clinical chemistry from 28-day studies in male rats from the National Toxicology Program (NTP) were combined with modeled serum PFAS concentrations to derive internal RPFs by applying dose-response modelling. Identified functional studies used diverse protocols and were not suitable for derivation of RPFs but were used to support immunotoxicity of PFAS in a qualitative manner. Furthermore, a novel approach was used to estimate internal RPFs based on epidemiological data by dose-response curve fitting optimization, looking at serum antibody concentrations and key cell populations from the National Health and Nutrition Examination Survey (NHANES). Internal RPFs were successfully derived for PFAS based on rat thymus weight, spleen weight, and globulin concentration. The available dose-response information for blood cell counts did not show a significant trend. Immunotoxic potency in serum was determined in the order PFDA > PFNA > PFHxA > PFOS > PFBS > PFOA > PFHxS. The epidemiological data showed inverse associations for the sum of PFOA, PFNA, PFHxS, and PFOS with serum antibody concentrations to mumps and rubella, but the data did not allow for deduction of reliable internal RPF estimates. The internal RPFs for PFAS based on decreased rat lymphoid organ weights are similar to those previously established for increased rat liver weight, strengthening the confidence in the overall applicability of these RPFs.",Bil Wieneke; Ehrlich Veronika; Chen Guangchao; Vandebriel Rob; Zeilmaker Marco,Environment international,2023,10.1016/j.envint.2022.107727
37871818,Dietary exposure to per- and polyfluoroalkyl substances: Potential health impacts on human liver.,"Per- and polyfluoroalkyl substances (PFAS), dubbed ""forever chemicals"", are widely present in the environment. Environmental contamination and food contact substances are the main sources of PFAS in food, increasing the risk of human dietary exposure. Numerous epidemiological studies have established the link between dietary exposure to PFAS and liver disease. Correspondingly, PFAS induced-hepatotoxicity (e.g., hepatomegaly, cell viability, inflammation, oxidative stress, bile acid metabolism dysregulation and glycolipid metabolism disorder) observed from in vitro models and in vivo rodent studies have been extensively reported. In this review, the pertinent literature of the last 5 years from the Web of Science database was researched. This study summarized the source and fate of PFAS, and reviewed the occurrence of PFAS in food system (natural and processed food). Subsequently, the characteristics of human dietary exposure PFAS (population characteristics, distribution trend, absorption and distribution) were mentioned. Additionally, epidemiologic evidence linking PFAS exposure and liver disease was alluded, and the PFAS-induced hepatotoxicity observed from in vitro models and in vivo rodent studies was comprehensively reviewed. Lastly, we highlighted several critical knowledge gaps and proposed future research directions. This review aims to raise public awareness about food PFAS contamination and its potential risks to human liver health.",Zhang Jinfeng; Hu Liehai; Xu Hengyi,The Science of the total environment,2024,10.1016/j.scitotenv.2023.167945
35074350,Serum levels of perfluoroalkyl substances (PFAS) and body composition - A cross-sectional study in a middle-aged population.,"It has been suggested that per- and polyfluoroalkyl substances (PFAS) are endocrine disruptors with a potential to influence fat mass. The primary hypothesis tested was that we would find positive relationships for PFAS vs measures of adiposity. In 321 subjects all aged 50 years in the POEM study, five PFAS (perfluorooctane sulfonic acid (PFOS), perfluorooctanoic acid (PFOA), perfluorohexane sulfonic acid (PFHxS), perfluorononanoic acid (PFNA), perfluorodecanoic acid (PFDA)) were measured in serum together with a Dual-energy X-ray absorptiometry (DXA) scan for determination of fat and lean mass. Whole-body magnetic resonance imaging scan was performed and the body was divided into >1 million voxels. Voxel-wise statistical analysis was carried out by a novel method denoted Imiomics. PFOS and PFHxS, did not show any consistent associations with body composition. However, PFOA, and especially PFNA and PFDA, levels were inversely related to most traditional measures reflecting the amount of fat in women, but not in men. In the Imiomics analysis of tissue volume, PFDA and PFNA levels were inversely related to the volume of subcutaneous fat, mainly in the arm, trunk and hip regions in women, while no such clear relationship was seen in men. Also, the visceral fat content of the liver, the pericardium, and the gluteus muscle were inversely related to PFDA and PFNA in women. Contrary to our hypothesis, some PFAS showed inverse relationships vs measurements of adiposity. PFOS and PFHxS levels in plasma did not show any consistent associations with body composition, but PFOA, and especially PFNA and PFDA were inversely related to multiple measures reflecting the amount of fat, but in women only.",Lind P Monica; Lind Lars; Salihovic Samira; Ahlström Håkan; Michaelsson Karl,Environmental research,2022,10.1016/j.envres.2022.112677
40724183,"PFAS Exposure, Mental Health, and Environmental Justice in the United States: Impacts on Marginalized Communities.","Per- and polyfluoroalkyl substances (PFASs), commonly known as ""forever chemicals"", are synthetic compounds with highly stable carbon-fluorine bonds, making them resistant to environmental degradation. These chemicals accumulate in ecosystems and water supplies, posing significant risks to human health, including cancer, immune system dysfunction, and neurological disorders. However, the mental health impacts of PFAS exposure remain underexplored, particularly in marginalized communities. This review examines the emerging evidence linking PFAS exposure to mental health issues such as anxiety, depression, and cognitive decline, with a focus on communities of color who face heightened vulnerability due to environmental and social health disparities. The review highlights the persistence of PFASs in the environment, common exposure pathways, and the disproportionate effects on populations living near contaminated sites. Despite some regulatory progress, U.S. regulations on PFASs are limited, especially compared to international standards. The review calls for stronger policy frameworks and emphasizes the need for environmental justice, health equity, and public awareness. By connecting environmental health, social justice, and mental well-being, the review aims to guide future research and policy reforms to mitigate the mental health consequences of PFAS exposure in vulnerable populations.",Sukhram Shiryn D; Kim Ji; Musovic Sabrina; Anidugbe Ayotunde; Corte Emiliano,International journal of environmental research and public health,2025,10.3390/ijerph22071116
33964642,"Distribution, behaviour, bioavailability and remediation of poly- and per-fluoroalkyl substances (PFAS) in solid biowastes and biowaste-treated soil.","Aqueous film-forming foam, used in firefighting, and biowastes, including biosolids, animal and poultry manures, and composts, provide a major source of poly- and perfluoroalkyl substances (PFAS) input to soil. Large amounts of biowastes are added to soil as a source of nutrients and carbon. They also are added as soil amendments to improve soil health and crop productivity. Plant uptake of PFAS through soil application of biowastes is a pathway for animal and human exposure to PFAS. The complexity of PFAS mixtures, and their chemical and thermal stability, make remediation of PFAS in both solid and aqueous matrices challenging. Remediation of PFAS in biowastes, as well as soils treated with these biowastes, can be achieved through preventing and decreasing the concentration of PFAS in biowaste sources (i.e., prevention through source control), mobilization of PFAS in contaminated soil and subsequent removal through leaching (i.e., soil washing) and plant uptake (i.e., phytoremediation), sorption of PFAS, thereby decreasing their mobility and bioavailability (i.e., immobilization), and complete removal through thermal and chemical oxidation (i.e., destruction). In this review, the distribution, bioavailability, and remediation of PFAS in soil receiving solid biowastes, which include biosolids, composts, and manure, are presented.",Bolan Nanthi; Sarkar Binoy; Vithanage Meththika; Singh Gurwinder; Tsang Daniel C W,Environment international,2021,10.1016/j.envint.2021.106600
40516284,Novel and legacy per- and polyfluoroalkyl substances in humans: Long-term temporal variability and metabolic perturbations.,"As legacy per- and polyfluoroalkyl substances (PFAS) are phased out, numerous substitutes have emerged, raising concerns about their potential health impacts. Using targeted and untargeted approaches, we evaluated plasma PFAS on an -omic scale, examining temporal variability and associated metabolomic disruptions. A total of 400 blood samples from 200 Sister Study participants (collected in 2007-2008 and 2013-2014) were analyzed using liquid chromatography with high-resolution mass spectrometry. Temporal variability was assessed using Spearman correlations and intraclass correlation coefficients. Network analysis, metabolome-wide association studies, and pathway analysis were used to evaluate the impacts of PFAS mixtures on the human metabolome. We detected 24 legacy PFAS via the targeted approach and 1,802 features annotated as potential PFAS via the untargeted approach (21 confirmed by reference standards). While legacy PFAS demonstrated low temporal variability, novel PFAS, especially those that have increased in abundance over time, demonstrated greater temporal variability. The legacy PFAS mixture was associated with lipid and amino acid metabolism, while other PFAS mixtures consisting of novel PFAS affected a wider range of metabolic pathways in addition to amino and lipid metabolism, such as carbohydrate, cofactor and vitamin, and endocrine metabolism. These findings underscore the need for further research on these novel PFAS and their health effects.",Chang Che-Jung; Young Anna S; Keil Alexander; Mullins Catherine E; Liang Donghai,Environment international,2025,10.1016/j.envint.2025.109590
33498193,"Legacy and Emerging Per- and Polyfluoroalkyl Substances: Analytical Techniques, Environmental Fate, and Health Effects.","Due to their unique chemical properties, per- and polyfluoroalkyl substances (PFAS) have been used extensively as industrial surfactants and processing aids. While several types of PFAS have been voluntarily phased out by their manufacturers, these chemicals continue to be of ecological and public health concern due to their persistence in the environment and their presence in living organisms. Moreover, while the compounds referred to as ""legacy"" PFAS remain in the environment, alternative compounds have emerged as replacements for their legacy predecessors and are now detected in numerous matrices. In this review, we discuss the historical uses of PFAS, recent advances in analytical techniques for analysis of these compounds, and the fate of PFAS in the environment. In addition, we evaluate current biomonitoring studies of human exposure to legacy and emerging PFAS and examine the associations of PFAS exposure with human health impacts, including cancer- and non-cancer-related outcomes. Special focus is given to short-chain perfluoroalkyl acids (PFAAs) and ether-substituted, polyfluoroalkyl alternatives including hexafluoropropylene oxide dimer acid (HFPO-DA; tradename GenX), 4,8-dioxa-3H-perfluorononanoic acid (DONA), and 6:2 chlorinated polyfluoroethersulfonic acid (6:2 Cl-PFESA; tradename F-53B).",Brase Richard A; Mullin Elizabeth J; Spink David C,International journal of molecular sciences,2021,10.3390/ijms22030995
36436638,Electrochemical-based approaches for the treatment of forever chemicals: Removal of perfluoroalkyl and polyfluoroalkyl substances (PFAS) from wastewater.,"Electrochemical based approaches for the treatment of recalcitrant water borne pollutants are known to exhibit superior function in terms of efficiency and rate of treatment. Considering the stability of Perfluoroalkyl and polyfluoroalkyl substances (PFAS) are designated as forever chemicals, which generating from various industrial activities. PFAS are contaminating the environment in small concentrations, yet exhibit severe environmental and health impacts. Electro-oxidation (EO) is a recent development that treats PFAS, in which different reactive species generates at anode due to oxidative reaction and reductive reactions at the cathode. Compared to water and wastewater treatment methods those being implemented, electrochemical approaches demonstrate superior function against PFAS. EO completely mineralizes (almost 100 %) non-biodegradable organic matter and eliminate some of the inorganic species, which proven as a robust and versatile technology. Electrode materials, electrolyte concentration pH and the current density applying for electrochemical processes determine the treatment efficiency. EO along with electrocoagulation (EC) treats PFAS along with other pollutants from variety of industries showed highest degradation of 7.69 mmol/g of PFAS. Integrated approach with other processes was found to exhibit improved efficiency in treating PFAS using several electrodes boron-doped diamond (BDD), zinc, titanium and lead based with efficiency the range of 64 to 97 %.",Sivagami K; Sharma Pranshu; Karim Ansaf V; Mohanakrishna Gunda; Karthika S,The Science of the total environment,2023,10.1016/j.scitotenv.2022.160440
38457972,"Prenatal PFAS exposure, gut microbiota dysbiosis, and neurobehavioral development in childhood.","Studies on the role of the gut microbiota in the associations between per- and polyfluoroalkyl substance (PFAS) exposure and adverse neurodevelopment are limited. Umbilical cord serum and faeces samples were collected from children, and the Strengths and Difficulties Questionnaire (SDQ) was conducted. Generalized linear models, linear mixed-effects models, multivariate analysis by linear models and microbiome regression-based kernel association tests were used to evaluate the associations among PFAS exposure, the gut microbiota, and neurobehavioural development. Perfluorohexane sulfonic acid (PFHxS) exposure was associated with increased scores for conduct problems and externalizing problems, as well as altered gut microbiota alpha and beta diversity. PFHxS concentrations were associated with higher relative abundances of Enterococcus spp. but lower relative abundances of several short-chain fatty acid-producing genera (e.g., Ruminococcus gauvreauii group spp.). PFHxS exposure was also associated with increased oxidative phosphorylation. Alpha and beta diversity were found significantly associated with conduct problems and externalizing problems. Ruminococcus gauvreauii group spp. abundance was positively correlated with prosocial behavior scores. Increased alpha diversity played a mediating role in the associations of PFHxS exposure with conduct problems. Our results suggest that the gut microbiota might play an important role in PFAS neurotoxicity, which may have implications for PFAS control.",Zhou Yuhan; Zhang Liyi; Li Qiang; Wang Pengpeng; Wang Hang,Journal of hazardous materials,2024,10.1016/j.jhazmat.2024.133920
37164196,"A review of the occurrence, monitoring, and removal technologies for the remediation of per- and polyfluoroalkyl substances (PFAS) from landfill leachate.","Per- and polyfluoroalkyl substances (PFAS) are persistent organic pollutants (POPs) that pose significant environmental and human health risks. The presence of PFAS in landfill leachate is becoming an increasingly concerning issue. This article presents a comprehensive review of current knowledge and research gaps in monitoring and removing PFAS from landfill leachate. The focus is on evaluating the effectiveness and sustainability of existing removal technologies, and identifying areas where further research is needed. To achieve this goal, the paper examines the existing technologies for monitoring and treating PFAS in landfill leachate. The review emphasizes the importance of sample preparation techniques and quality assurance/quality control measures in ensuring accurate and reliable results. Then, this paper reviewed the existing technologies for removal and remediation of PFAS in landfill leachates, such as adsorption, membrane filtration, photocatalytic oxidation, electrocatalysis, biodegradation, and constructed wetlands. Additionally, the paper summarizes the factors that exhibit the performance of various treatment technologies: reaction time, experimental conditions, and removal rates. Furthermore, the paper evaluates the potential application of different remediation technologies (i.e., adsorption, membrane filtration, photocatalytic oxidation, electrocatalysis, biodegradation, and constructed wetlands, etc.) in treating landfill leachate containing PFAS and its precursors, such as fluorotelomeres like FTOH and FTSs. The review highlights the importance of considering economic, technical, and environmental factors when selecting control measures. Overall, this article aims to provide guidance for promoting environmental protection and sustainable development in the context of PFAS contamination in landfill leachate.",Lu Jingzhao; Lu Hongwei; Liang Dongzhe; Feng SanSan; Li Yao,Chemosphere,2023,10.1016/j.chemosphere.2023.138824
39156923,Zürich II Statement on Per- and Polyfluoroalkyl Substances (PFASs): Scientific and Regulatory Needs.,"Per- and polyfluoroalkyl substances (PFASs) are a class of synthetic organic chemicals of global concern. A group of 36 scientists and regulators from 18 countries held a hybrid workshop in 2022 in Zürich, Switzerland. The workshop, a sequel to a previous Zürich workshop held in 2017, deliberated on progress in the last five years and discussed further needs for cooperative scientific research and regulatory action on PFASs. This review reflects discussion and insights gained during and after this workshop and summarizes key signs of progress in science and policy, ongoing critical issues to be addressed, and possible ways forward. Some key take home messages include: 1) understanding of human health effects continues to develop dramatically, 2) regulatory guidelines continue to drop, 3) better understanding of emissions and contamination levels is needed in more parts of the world, 4) analytical methods, while improving, still only cover around 50 PFASs, and 5) discussions of how to group PFASs for regulation (including subgroupings) have gathered momentum with several jurisdictions proposing restricting a large proportion of PFAS uses. It was concluded that more multi-group exchanges are needed in the future and that there should be a greater diversity of participants at future workshops.",DeWitt Jamie C; Glüge Juliane; Cousins Ian T; Goldenman Gretta; Herzke Dorte,Environmental science & technology letters,2024,10.1021/acs.estlett.4c00147
40397817,Circulating per- and polyfluoroalkyl substances and liver cancer risk: a nested case-control analysis of individual participant data from 12 prospective cohorts.,"Per- and polyfluoroalkyl substances (PFAS) have been associated with numerous deleterious health outcomes including liver damage. However, whether exposure to PFAS is associated with liver cancer risk remains unclear. We conducted a matched nested case-control study among 12 prospective cohort studies located in the United States. Pre-diagnostic PFAS, namely perfluorooctanesulfonate (PFOS), perfluorooctanoate (PFOA), and perfluorohexanesulfonate (PFHxS), were measured from blood samples among 853 individuals who developed liver cancer and 853 matched control participants. Odds ratios (OR) and 95% confidence intervals (CI) were estimated using multivariable-adjusted conditional logistic regression for liver cancer risk by study-specific quartiles of concentrations and per 90 In the main multivariable-adjusted model, circulating PFOS, PFOA, and PFHxS levels were not associated with liver cancer risk (OR per 90 In the largest study to date, none of the measured circulating PFAS were associated with liver cancer risk; however, PFOA associations appeared to differ by sex and further research is needed to explore these apparent differences by sex. https://doi.org/10.1289/EHP16980.",Watling Cody Z; Petrick Jessica L; Graubard Barry I; Zhang Xuehong; Barnett Matthew J,Environmental health perspectives,2025,10.1289/EHP16980
39848516,Per- and polyfluoroalkyl substances (PFAS) exposure in the U.S. population: NHANES 1999-March 2020.,"Per- and polyfluoroalkyl substances (PFAS), also known as ""forever chemicals"" because of their persistence in the environment, have been used in many commercial applications since the 1940s. Of late, the detection of PFAS in drinking water throughout the United States has raised public and scientific concerns. To understand PFAS exposure trends in the general U.S. population, we analyzed select PFAS serum concentration data from participants ≥12 years old of nine National Health and Nutrition Examination Survey (NHANES) cycles. Our goals were to a) evaluate concentration changes of four legacy PFAS-perfluorohexane sulfonic acid (PFHxS), perfluorooctane sulfonic acid (PFOS), perfluorooctanoic acid (PFOA), and perfluorononanoic acid (PFNA) from 1999 to 2000 to 2017-March 2020, b) discuss serum concentrations and assess demographic predictors of two PFAS measured for the first time in 2017-2018, perfluoro-1-heptanesulfonic acid (PFHpS) and 9-chlorohexadecafluoro-3-oxanonane-1-sulfonic acid (9CLPF), and c) compare concentration profiles of legacy PFAS in NHANES to profiles in exposed communities. We report a decrease in geometric mean concentrations of the four legacy PFAS (16%-87%, depending on the PFAS) from 1999 to 2000, although in 2017-March 2020, more than 96% of people aged 12-19 years, some of whom were born after PFAS production changes started in the early 2000s, had measurable concentrations of these PFAS. An estimated 78% of the U.S. general population had detectable concentrations of PFHpS, and 8% had detectable concentrations of 9CLPF (>44% of whom self-identified as Asian). Comparing profiles in NHANES and people living in communities with PFAS contamination can help identify exposure sources and evaluate and monitor exposures in select areas or among specific population groups. Collectively, our findings highlight the usefulness of NHANES data to help researchers, public health officials, and policy makers prioritize investigations, monitor exposure changes, and evaluate effectiveness of efforts to limit exposures.",Botelho Julianne Cook; Kato Kayoko; Wong Lee-Yang; Calafat Antonia M,Environmental research,2025,10.1016/j.envres.2025.120916
36842602,Perfluorinated compound correlation between human serum and drinking water: Is drinking water a significant contributor?,"Perfluorinated compounds (PFASs) are a new artificial chemical. Due to its substantial toxicity and complex degradation in the natural environment, monitoring PFASs has become a hot issue for many researchers. Currently, the relationship between the concentration of PFASs in serum and the concentration of PFASs in drinking water is unclear. This paper aims to study the concentration levels of PFASs in drinking water and residents' serum in a city in northern China and the relationship between them. The results show that the concentration of PFASs in drinking water is low, and the average concentrations of perfluorooctanoate (PFOA) and perfluorooctane sulfonate (PFOS) were 2.57 ± 0.69 ng/L and 0.30 ng/L, respectively, which were lower than the limits specified in China's newly introduced Standards for drinking water quality (GB 5749-2022). In the serum of residents, PFOA and PFOS were the two PFASs with the highest concentration. Spearman correlation analysis showed that perfluorohexane sulfonate (PFHxS) and PFOS concentrations were positively correlated with age, and PFHxS, PFOA, PFNA, and PFOS varied with sex. At the same time, the correlation analysis also showed no correlation between PFAS in drinking water and serum, indicating that drinking water was not the main factor causing the physical burden of PFAS in residents. The HI method was used to assess the health risks of PFASs to human beings. The risk entropy of all PFASs for human hepatotoxicity and reproductive toxicity is below 1.",Wu Shengnian; Yuan Tingting; Fu Wei; Dong Huiyu; Zhang Ying,The Science of the total environment,2023,10.1016/j.scitotenv.2023.162471
40914107,Assessing the impact of perfluoroalkyl substances on liver health: a comprehensive study using multi-donor human liver spheroids.,"Although per- and polyfluoroalkyl substances (PFAS) have been linked to chronic liver diseases, the specific cellular and molecular mechanisms by which different PFAS contribute to human liver dysfunction remain unclear. This study aims to elucidate those mechanisms. We exposed a multi-donor human liver spheroid model composed of multiple cell types to 20 µM of PFHxS, PFOA, PFOS, or PFNA for seven days, followed by single-cell RNA sequencing and lipid staining. PFAS impacted liver spheroids in a compound- and sex-specific manner. PFOA and PFHxS increased lipid accumulation, while PFOS and PFNA triggered multiple cancer-related pathways. PFOA upregulated de novo lipogenesis, particularly in female-derived hepatocytes, whereas PFHxS downregulated lipid transportation and efflux pathways across all hepatocytes. PFNA upregulated pathways involved in cell cycle progression, oxidative stress, DNA repair, and inflammation in hepatocytes from both sexes. Notably, 61.3% of the PFNA-exposed cells expressed a transcriptomic cancer signature. PFOS predominantly affected male-derived hepatocytes, showing a mild effect. All compounds impaired immune-related pathways in T/NK and Kupffer cells. Furthermore, PFAS exposure reduced cell-cell communication and elicited cellular interactions involved in angiogenesis, apoptosis, cell proliferation and adhesion, lipid metabolism, and inflammation. Our findings suggest that PFAS disrupt liver metabolism and may promote pro-oncogenic signaling through compound- and sex-specific mechanisms. These insights enhance our understanding of PFAS hepatotoxicity and underscore the importance of considering sex as a biological variable in future toxicological and public health assessments.",Golden-Mason Lucy; Salomon Matthew P; Matsuba Chikako; Wang Yufen; Setiawan Veronica Wendy,Environment international,2025,10.1016/j.envint.2025.109763
41349945,Fate and transport of per- and polyfluoroalkyl substances (PFAS) across the groundwater-to-estuary continuum in an aqueous film forming foam (AFFF)-impacted watershed.,"Per- and polyfluoroalkyl substances (PFAS) are a globally pervasive class of persistent and potentially toxic contaminants. This study investigates the prevalence, transport, and partitioning behavior of 19 PFAS within Georgica Pond (NY, USA), a shallow, temporarily-open estuary fed by groundwater historically impacted by aqueous film forming foam (AFFF). PFAS concentrations were measured in groundwater, groundwater seepage, sediments, and surface waters to evaluate the abundance, distribution, and the influence of environmental factors on PFAS fate and transport. Perfluorooctane sulfonate (PFOS; 32 ± 13 ng L",Shaffer Kevin W; Lee Cheng-Shiuan; Ye Xiayan; Graffam Molly; Paulsen Ronald J,"Environmental pollution (Barking, Essex : 1987)",2026,10.1016/j.envpol.2025.127486
37755796,Per- and Polyfluoroalkyl Substances (PFAS) in Community Water Systems (CWS) and the Risk of Thyroid Cancer: An Ecological Study.,"Thyroid cancer incidence has been steadily increasing over the past decade in the United States (US). A discussion exists regarding the potential contribution of exposure to endocrine-disrupting chemicals, encompassing certain per- and poly-fluoroalkyl substances (PFASs). This ecological study evaluated the potential correlation between PFAS levels in drinking water and thyroid cancer incidence in the US. Data on age-adjusted thyroid cancer incidence rate (per 100,000 persons) by county were obtained from the Centers for Disease Control and Prevention (CDC) for US counties with available data in 2015-2019. Data on PFAS concentrations in the drinking water of selected community water systems (CWSs) were obtained from the CDC National Environmental Public Health Tracking Network in 2013-2015. The correlation between PFASs in CWSs and thyroid cancer incidence was calculated using Spearman correlation. A statistically significant correlation was found between perfluorooctanoic acid (PFOA) (r = 0.031; ",Alsen Mathilda; Leung Angela M; van Gerwen Maaike,Toxics,2023,10.3390/toxics11090786
41517124,"Occurrence, Sources, and Risk Assessment of PFAS in Soil-Mango Systems of the Chinese Tropical Nanfan District.","Perfluoroalkyl and polyfluoroalkyl substances (PFASs) have emerged as contaminants of global concern due to their persistence and potential health risks. PFASs pose potential pollution risks in mango cultivation and production. This study investigated pollution characteristics and conducted a comprehensive risk assessment of PFASs in soil-mango systems within the Nanfan District of Hainan, China. The results revealed that total PFAS concentrations in soil ranged from 0.18 to 1.07 ng/g, with PFHpA and PFHxA accounting for 24.9% and 21.0%, respectively. Total PFAS concentrations in mangoes ranged from 0.0019 to 0.0201 ng/g wet weight, where PFHxA and PFHpA accounted for 44.02% and 30.28%, respectively. For all PFASs, the bioaccumulation factor (BAF) in mangoes was <1, indicating limited transfer from soil to fruits. Regarding PFAS contamination sources, long-range atmospheric transport may serve as the primary pathway for PFAS contamination in soil and mangoes. Risk assessments indicated minimal ecological and dietary exposure risks, with soil ecological risk quotients (RQs) below 0.01 and edible exposure RQs below 1. This study highlights the unique contribution of short-chain PFAS to the quality and safety of tropical agricultural products and provides critical data for the safety regulation of PFASs in soil-fruit systems.",Zhang Zhen; Chen Fei; Yang Rui; Ren Saihao; Zhang Shanying,"Foods (Basel, Switzerland)",2025,10.3390/foods15010058
37878255,"Per- and Poly-fluoroalkyl Substances (PFAS) Exposure and Risk of Kidney, Liver, and Testicular Cancers: A Systematic Review and Meta-Analysis.","Per- and poly-fluoroalkyl substances (PFASs) are a large, complex group of synthetic chemicals humans can be exposed to from occupational or environmental sources. In this systematic review and meta-analysis, we examined the association between PFAS exposure, particularly Perfluorooctanoic Acid (PFOA), and Perfluorooctane Sulfonic Acid (PFOS), and risk of kidney, liver, and testicular cancer. We systematically searched PubMed to identify cohort and case-control studies reported after the Monograph of the International Agency for Research on Cancer and the Toxicological Profile of the Agency for Toxic Substances and Disease Registry. We assessed the quality of the studies by using a modified version of the Newcastle-Ottawa Scale (NOS). Forest relative risk (RR) plots were constructed for liver, kidney, and testicular cancer. We conducted stratified analyses by geographic region, study design, quality score, outcome, years of publication, exposure source, and PFAS type. A random-effects model was used to address heterogeneity between studies. Fifteen studies, including ten cohort studies, three case-control studies nested in a cohort, and two case-control studies were included after removing duplicate and irrelevant reports. We found an association between overall PFAS exposure and the risk of kidney cancers (RR=1.18, 95% CI =1.05-1.32; I =52.8%, 11 studies). Also, we showed an association between high-level exposure to PFAS and kidney cancer (RR=1.74, 95% CI =1.23-2.47; p=0.005) and testicular cancer (RR=2.22, 95% CI =1.12-4.39; p=0.057). There was no association with liver cancer. We found no heterogeneity by geographical region, PFAS type, study design, outcome, quality score, year of publication, or exposure source. Only two studies reported results among women. We detected an association between overall PFAS exposure and kidney cancer and high doses of PFAS with testicular cancer. However, bias and confounding cannot be excluded, precluding a conclusion in terms of causality.",Seyyedsalehi Monireh Sadat; Boffetta Paolo,La Medicina del lavoro,2023,10.23749/mdl.v114i5.15065
39424468,The potential mediating role of the gut microbiome and metabolites in the association between PFAS and kidney function in young adults: A proof-of-concept study.,"Chronic kidney disease (CKD) affects over 10 % of the global population and can lead to kidney failure and death. Exposure to per- and polyfluoroalkyl substances (PFAS) is associated with increased risk of CKD, yet studies examining the mechanisms linking PFAS and kidney function are lacking. In this exploratory study, we examined longitudinal associations of PFAS exposure with kidney function, and tested if associations were mediated by altered gut bacterial taxa or plasma metabolites using a multi-omics mediation analysis. Seventy-eight young adults from the Children's Health Study were included in this longitudinal cohort study. At baseline, seven plasma PFAS and untargeted plasma metabolomics were measured using liquid chromatography/mass-spectrometry. Baseline gut bacterial abundance was characterized using 16S rRNA sequencing and examined at the genus level. At follow-up, serum creatinine and cystatin-C concentrations were quantified to estimate glomerular filtration rate (eGFR). High-dimensional multi-omics analyses were conducted to assess the association between baseline PFAS exposure with follow-up eGFR, mediated by gut microbiome and circulating metabolite levels. PFAS burden score, a variable developed to estimate exposure to chemical mixtures, was associated with kidney function. Each standard deviation increase in baseline PFAS burden score was associated with a 2.4 % lower eGFR at follow-up (95 % CI:[0.1 %,4.8 %]). Following high-dimensional mediation analyses with the microbiome and circulating metabolites, a joint component (characterized by reduced Lachnospiraceae and 17b-estradiol and increased succinate, retinoate and dodecanoic acid) and a metabolite component (characterized by increased hypotaurine and decreased D-pinitol and ureidopropionate) mediated 38 % and 50 % of the effect between PFAS burden score and eGFR, respectively. Our proof-of-concept analysis provides the first evidence that reduced short-chain fatty acid-producing bacteria and anti-inflammatory metabolites may link PFAS exposure with impaired kidney function. This study raises the possibility of future targeted interventions that can alter gut microbiome or circulating metabolite profiles to prevent PFAS induced kidney damage.",Hampson Hailey E; Li Shiwen; Walker Douglas I; Wang Hongxu; Jia Qiran,The Science of the total environment,2024,10.1016/j.scitotenv.2024.176519
28073048,Perfluoroalkyl substances and fish consumption.,"Perfluoroalkyl substances (PFAS) are an emerging class of contaminants. Certain PFAS are regulated or voluntarily limited due to concern about environmental persistence and adverse health effects, including thyroid disease and dyslipidemia. The major source of PFAS exposure in the general population is thought to be consumption of seafood. In this analysis we examine PFAS levels and their determinants, as well as associations between PFAS levels and self-reported fish and shellfish consumption, using a representative sample of the U.S. Data on PFAS levels and self-reported fish consumption over the past 30 days were collected from the 2007-2008, 2009-2010, 2011-2012, and 2013-2014 cycles of the National Health and Nutrition Examination Survey. Twelve different PFAS were measured in serum samples from participants. Ordinary least squares regression models were used to identify factors (demographic characteristics and fish consumption habits) associated with serum PFAS concentrations. Additional models were further adjusted for other potential exposures including military service and consumption of ready-to-eat and fast foods. Seven PFAS were detected in at least 30% of participants and were examined in subsequent analyses (PFDA, PFOA, PFOS, PFHxS, MPAH, PFNA, PFUA). The PFAS with the highest concentrations were PFOS, followed by PFOA, PFHxS and PFNA (medians of 8.3, 2.7, 1.5 and 1.0ng/mL). Fish consumption was generally low, with a median of 1.2 fish meals and 0.14 shellfish meals, reported over the past 30 days. After adjusting for demographic characteristics, total fish consumption was associated with reduced MPAH, and with elevated PFDE, PFNA and PFuDA. Shellfish consumption was associated with elevations of all PFAS examined except MPAH. Certain specific fish and shellfish types were also associated with specific PFAS. Adjustment for additional exposure variables resulted in little to no change in effect estimates for seafood variables. PFAS are emerging contaminants with widespread exposure, persistence, and potential for adverse health effects. In the general population, fish and shellfish consumption are associated with PFAS levels, which may indicate an avenue for education and outreach.",Christensen Krista Y; Raymond Michelle; Blackowicz Michael; Liu Yangyang; Thompson Brooke A,Environmental research,2017,10.1016/j.envres.2016.12.032
36968216,Association of per- and polyfluoroalkyl substance exposure with fatty liver disease risk in US adults.,"Per- and polyfluoroalkyl substances (PFAS) are widespread pollutants with demonstrated hepatotoxicity. Few studies have examined the association between PFAS and fatty liver disease (FLD) risk in an adult population. In this cross-sectional study of participants from the 2017-2018 National Health and Nutrition Examination Survey, serum PFAS were measured, and FLD cases were ascertained by vibration-controlled transient elastography. Logistic regression models were used to examine the association between circulating PFAS levels and FLD risk. Analyses were stratified into non-alcoholic FLD and alcoholic FLD risk groups by alcohol intake status, as well as controlling for other risk factors, including personal demographics, lifestyle factors, and related health factors. Among 1,135 eligible participants, 446 had FLD. For FLD risk, the multivariable-adjusted odds ratio per log-transformed SD increase (OR Higher serum PFAS was moderately associated with FLD risk and worse liver function in the general population, and among those with independent risk factors, including heavy alcohol intake, obesity, or high-fat diets, PFAS increased the risk. These results suggest synergistic effects on hepatic steatosis between PFAS exposures as measured through biomonitoring data and lifestyle risk factors in a nationally representative US population. The per- and polyfluoroalkyl substances (PFAS) may convey higher risk for chronic liver disease in humans. Among 1,135 US adults in the 2017-2018 National Health and Nutrition Examination Survey, we found that higher serum PFAS was associated with higher fatty liver disease risk and worse liver function, especially among those with liver disease risk factors, including heavy alcohol intake, obesity, or high-fat diets. Continuously monitoring PFAS in the population and examining how they potentiate risk to the liver are essential.",Zhang Xinyuan; Zhao Longgang; Ducatman Alan; Deng Chuanjie; von Stackelberg Katherine Ellen,JHEP reports : innovation in hepatology,2023,10.1016/j.jhepr.2023.100694
40719406,"Per-and polyfluoroalkyl substances (PFAS) in milk and dairy products: a literature review of the occurrence, contamination sources, and health risks.","Per-and polyfluoroalkyl substances (PFAS) are man-made chemicals valued for their unique characteristics, such as their ability to withstand heat, water, and oil. These compounds are widely utilized across a range of applications. Therefore, the existence of these compounds in the environment and their accumulation in various ecosystems is a cause for concern regarding their potential health risks. Considering the importance of dairy products in the human diet, this review examines the global occurrence, sources, and health risks of PFAS contamination in milk and dairy products (hereinafter referred to as ""MDPs""). The results of the PFAS detection in the reviewed studies show a diverse contamination pattern influenced by local industrial activities, agricultural practices and regulatory measures. PFAS have been detected in various MDPs, with significant contamination near industrial areas. MDPs are indicated to be significant vectors of individual exposure to PFAS, with contamination arising primarily from dairy animal feed, water and atmospheric sediments, as well as food processing materials. The health effects of PFAS exposure through MDPs consumption, particularly the risk of endocrine disruption, immunosuppression, and carcinogenicity, are also discussed. This review highlights the need for global standards and policy measures, encompassing stricter regulations on industrial emissions, agricultural practices, and more, to effectively reduce PFAS contamination in MDPs and safeguard consumer health.",Hossini Hooshyar; Massahi Tooraj; Parnoon Kimya; Nouri Monireh,"Food additives & contaminants. Part A, Chemistry, analysis, control, exposure & risk assessment",2025,10.1080/19440049.2025.2538224
39706014,"Effects of mixed exposure to PFAS on adolescent non-alcoholic fatty liver disease: Integrating evidence from human cohorts, toxicogenomics, and animal models to uncover mechanisms and potential target sites.","Extensive evidence suggests a correlation between environmental pollutants, specifically perfluoroalkyl and polyfluoroalkyl substances (PFAS) and non-alcoholic fatty liver disease (NAFLD). This study aims to investigate the association and underlying mechanisms of PFAS-induced NAFLD in adolescents by employing a comprehensive approach of population-based studies, toxicogenomics, and animal models. A total of 2014 freshmen from Dali University were recruited for this study, with 1694 participants undergoing serum testing for PFAS exposure. Additionally, Comparative Toxicogenomics Database analysis and PFAS exposure experiments were conducted by orally administering PFAS to 8-week-old adult C57/6 J mice for 28 days. Epidemiological analysis of the adolescent cohort revealed that perfluorohexanesulfonic acid and perfluorooctanoic acid are significant risk factors for NAFLD in adolescents. Toxicogenomic analysis revealed that the negative regulation of gap junction assembly and glutathione derivative biosynthesis contributes to NAFLD development. Animal model studies further demonstrated that combined PFAS exposure led to pathological changes in hepatocytes, including inflammation and steatosis, elevated liver enzymes, cholestasis, and bile canalicular blockage. This study reveals that PFAS exposure serves as a significant risk factor for hepatic steatosis/NAFLD in adolescents. The activation of cytochrome P4502E1 and glutathione S-transferase A1 signaling highlights new molecular targets for PFAS-induced disruptions in hepatic lipid metabolism.",Du Xiushuai; Li Dan-Lin; Xu Xueming; Wu Yitian; Du Zhiyuan,Journal of hazardous materials,2025,10.1016/j.jhazmat.2024.136854
40609510,"Per- and polyfluoroalkyl substances, genetic factors, and sleep health in reproductive-aged women: a cross-sectional study of the Shanghai Birth Cohort.","Perfluoroalkyl and polyfluoroalkyl substances (PFAS) may exert neurotoxic effects and disrupt endocrine function. However, the relationship between PFAS exposure and sleep disturbances in reproductive-aged women, and its interaction with genetic susceptibility, remains unclear. This study included 971 women from the Shanghai Birth Cohort preconception cohort. A total of 22 PFAS were measured in plasma, and sleep quality was assessed using the Pittsburgh Sleep Quality Index. Modified Poisson regression and quantile g-computation models estimated the effects of individual PFAS and PFAS mixtures on sleep disturbances. Polygenic risk scores were used to evaluate the cumulative genetic effects of sleep disturbances. 6:2Cl-PFESA was associated with increased snoring and less daytime dysfunction, though these associations did not remain significant after FDR correction. Exposure to PFAS mixtures was significantly associated with an increased risk of snoring (RR: 2.02, 95 % CI: 1.06-3.83). Significant associations between PFNA, PFDA, branched PFOS isomers, and chlorinated PFOS alternatives and increased snoring risk were observed in women with a high genetic predisposition. PFAS exposures and genetic variants showed additive effects on snoring risk, with RERI of 1.19 for PFNA, 1.06 for PFDA, 4.18 for 8: 2Cl - PFESA, 0.43 for 6: 2Cl - PFESA, 5.96 for 3 m-PFOS, 11.11 for 1 m - PFOS, and 0.40 for n-PFOS. These findings suggest PFAS exposure, particularly emerging alternatives and isomers of PFOS, may increase snoring risk in reproductive-aged women with a higher genetic predisposition.",Wu Ruisi; He Xiaoqing; Jiang Wen; Han Azhu; Tian Ying,Environment international,2025,10.1016/j.envint.2025.109656
35618144,Application of soil amendments for reducing PFAS leachability and bioavailability.,"In this study, changes in PFAS leachability and bioavailability were determined following the application of RemBind®100 (R100) and RemBind®300 (R300; 1-10% w/w) to PFAS-contaminated soil (Ʃ",Juhasz Albert L; Kastury Farzana; Herde Carina; Tang Wayne,"Environmental pollution (Barking, Essex : 1987)",2022,10.1016/j.envpol.2022.119498
40852864,Assessing the Carcinogenic Potential of PFOA: A Molecular Network Approach to Liver Toxicity.,"Perfluorooctanoic acid (PFOA), a prototypical per- and polyfluoroalkyl substance (PFAS), is widely used in industrial and consumer products but is classified as a Group 1 carcinogen by the IARC due to its environmental persistence and bioaccumulation. PFOA primarily targets the liver, inducing stress responses and mitochondrial-mediated apoptosis, while promoting hepatoma cell proliferation through the mTOR pathway. To investigate the molecular mechanisms of PFOA-induced liver cancer (LIHC), we will use a network toxicology approach that integrates multi-omics data to construct a compound-target-disease network, focusing on potential targets like ALDH1B1, which encodes the aldehyde dehydrogenase family in the major pathway of alcohol metabolism. It is hypothesized that hepatic metabolic homeostasis is disrupted and hepatocellular carcinogenesis is ultimately promoted by PFOA through direct binding to ALDH1B1 and interference with its function. To confirm this, we will employ molecular docking and dynamics simulations to validate the binding interactions and toxicity mechanisms at the molecular level. This research aims to provide a comprehensive understanding of PFOA's hepatotoxicity and carcinogenicity while identifying potential targets for risk assessment and intervention strategies related to environmental exposure.",Tan Libi; She Tianyu; Huo Siyan; Lin Rubing; Cheng Nannan,Basic & clinical pharmacology & toxicology,2025,10.1111/bcpt.70101
41161260,Risk assessment and distribution of PFAS in a biological phosphorus recovery sludge used for agriculture.,"The growing demand for phosphorus recovery from wastewater has increased interest in Enhanced Biological Phosphorus Removal (EBPR) processes. However, the fate of per- and polyfluoroalkyl substances (PFAS) in EBPR-derived biosolids remains poorly understood. This study investigated the adsorption behavior of four PFAS: perfluorooctanoic acid (PFOA), perfluorooctanesulfonic acid (PFOS), perfluorooctanesulfonamide (PFOSA), and perfluorotetradecanoic acid (PFTDA) in EBPR sludge and assessed the long-term soil risks following biosolid application. Results showed that PFAS adsorption was significantly influenced by the matrix type, with EBPR sludge exhibiting stronger adsorption than particulate matter in wastewater. Adsorption affinity followed the order: PFOA < PFOS < PFTDA < PFOSA, and was not affected by anaerobic and aerobic conditions or spiking levels. Log K",Ardiyanti Rizza; Azrague Kamal; Østerhus Stein W; Gonzales-Silva Blanca M; Asimakopoulos Alexandros G,Chemosphere,2025,10.1016/j.chemosphere.2025.144730
40925316,"Mapping PFAS behavior via meta-analysis of soil dynamics, predictive modeling and policy integration.","Per- and polyfluoroalkyl substances (PFAS) are persistent organic pollutants with increasing prevalence in agricultural soils, primarily introduced through biosolid application, wastewater irrigation, and atmospheric deposition. This review provides a meta-analysis of terminologies across 145 peer-reviewed studies, identifying inconsistency in the classification of PFAS subgroups-such as ""long-chain vs. short-chain,"" ""precursors,"" and ""emerging PFAS""-which hinders regulatory harmonization and model calibration. Empirical data reveal PFAS leaching depths ranging from 3 cm in sandy soils under low irrigation (1500 ng/L) to 10 cm in clay under high irrigation (200 ng/L). Analytical advances, including LC-MS/MS and hyperspectral drone imaging, enable detection limits below 0.05 μg/kg and hotspot identification at 1 m spatial resolution. Modeling tools like HYDRUS, MODFLOW-MT3DMS, and CalTOX simulate PFAS transport, bioaccumulation, and degradation with increasing fidelity. Biochar application reduced PFOS leaching by >80 %, and plasma treatment achieved 95 % PFAS degradation within 2 h. A global policy comparison reveals fragmented regulatory frameworks: the U.S. EPA promotes voluntary monitoring and advisory levels (e.g., 4 ng/L for PFOA+PFOS in water), while the EU progresses toward enforceable soil thresholds and PFAS phase-outs under REACH. Austria's ÖNORM S 2088-2 integrates human, plant, and ecological endpoints, contrasting with the USDA's BMP (Best Management Practices)-driven mitigation. The review advocates for terminology standardization, integration of multi-model transport and fate simulations, and hybrid remediation strategies. Policy convergence, driven by data transparency and international scientific cooperation, is imperative to safeguard soil health, food safety, and ecological resilience in PFAS-impacted agroecosystems.",Srivastava Rajiv Kumar; Srivastava Shubhangi,The Science of the total environment,2025,10.1016/j.scitotenv.2025.180399
41296448,Perfluoroalkyl Substances (PFAS) and Lipid Metabolism in Experimental Animal Models: A Scoping Review on the Mechanisms Behind the Induced Hepatotoxicity.,"Per and polyfluoroalkyl substances (PFAS) are a class of synthetic, persistent environmental pollutants detected in biological systems and increasingly recognized for their harmful effects on human health. The liver, being a central organ in the metabolism of xenobiotics, is profoundly affected by these compounds and is a main target of PFAS-induced toxicity. The purpose of the present Scoping Review is to investigate the multiple and complex mechanisms behind PFAS hepatotoxicity, taking into consideration evidence from preclinical in vivo models. Using electronic databases (PubMed and Google Scholar), a total of 38 studies were found eligible to be extensively explored to gather information regarding PFAS toxicity toward hepatic lipid metabolism, oxidative stress, injury and inflammation. Moreover, the parental exposure of these chemicals on the offspring will be discussed as well. As illustrated in the proposed graphical abstract, PFAS exposure has been linked to the triggering of oxidative stress phenomena, mitochondrial dysfunction and hepatic inflammatory infiltrate with sex specific effects in rodents. The predominant effects manifest as the overproduction of reactive oxygen species (ROS), the disruption of hepatic lipid metabolism, and the activation of several nuclear transcription factors involved in lipid regulation, with PPAR-α being the most prominent. Considering their strong bioaccumulative properties and persistence in both the environment and the human body, legacy and emerging PFAS should be regarded as potent toxicants with a distinctive role in the onset of metabolic diseases and as a pressing issue to be addressed within regulatory policies.",Tancreda Gabriele; Campisi Luca; Sarti Matteo; Pozzo Luisa; Vornoli Andrea,Current issues in molecular biology,2025,10.3390/cimb47110944
39133093,Dioxins vs. PFAS: Science and Policy Challenges.,"Dioxin-like chemicals are a group of ubiquitous environmental toxicants that received intense attention in the last two decades of the 20th century. Through extensive mechanistic research and validation, the global community has agreed upon a regulatory strategy for these chemicals that centers on their common additive activation of a single receptor. Applying these regulations has led to decreased exposure in most populations studied. As dioxin-like chemicals moved out of the limelight, research and media attention has turned to other concerning contaminants, including per- and polyfluoroalkyl substances (PFAS). During the 20th century, PFAS were also being quietly emitted into the environment, but only in the last 20 years have we realized the serious threat they pose to health. There is active debate about how to appropriately classify and regulate the thousands of known PFAS and finding a solution for these ""forever chemicals"" is of the utmost urgency. Here, we compare important features of dioxin-like chemicals and PFAS, including the history, mechanism of action, and effective upstream regulatory strategies, with the objective of gleaning insight from the past to improve strategies for addressing PFAS. The differences between these two chemical classes means that regulatory strategies for dioxin-like chemicals will not be appropriate for PFAS. PFAS exert toxicity by both receptor-based and nonreceptor-based mechanisms, which complicates mixtures evaluation and stymies efforts to develop inexpensive assays that accurately capture toxicity. Furthermore, dioxin-like chemicals were unwanted byproducts, but PFAS are useful and valuable, which has led to intense resistance against efforts to restrict their production. Nonetheless, useful lessons can be drawn from dioxin-like chemicals and applied to PFAS, including eliminating nonessential production of new PFAS and proactive investment in environmental remediation to address their extraordinarily long environmental persistence. https://doi.org/10.1289/EHP14449.",George Alex J; Birnbaum Linda S,Environmental health perspectives,2024,10.1289/EHP14449
41330097,Modeling pesticide and PFAS bioaccumulation in amphibians: integration of biphasic ecology and route specific uptake.,"Amphibians are sensitive indicators of environmental contamination due to their permeable skin and dual aquatic-terrestrial life cycle. A physiologically based kinetic (PBK) model was developed to quantify the bioaccumulation of pesticides and per- and polyfluoroalkyl substances (PFAS) in amphibians, linking two chemical classes with contrasting environmental behaviors. The model integrates multiple exposure routes and connects aquatic and terrestrial phases within a unified framework. Simulations show that PFAS exhibit greater accumulation potential than herbicidal pesticides. Pesticide uptake occurs mainly via terrestrial ingestion and aquatic dermal absorption, while PFAS accumulation is dominated by aquatic dermal uptake. Pesticide residues are largely controlled by metabolic clearance, whereas PFAS retention depends on physicochemical partitioning, chain length, and protein-binding affinity. Short-chain PFAS penetrate skin readily but are rapidly cleared, whereas long-chain congeners persist in tissues. Model evaluation against empirical data showed good agreement for both chemical groups, with higher accuracy for pesticides. This PBK framework provides a route- and species-specific tool for predicting contaminant kinetics in amphibians and offers new insights into how biphasic ecology and chemical persistence shape bioaccumulation risk.",Chen Shaorong; Xiong Jie; Li Zijian,Environment international,2025,10.1016/j.envint.2025.109954
39612997,Progress on the removal of PFAS contamination in water by different forms of iron-modified biochar.,"Per- and polyfluoroalkyl substances (PFAS) contamination poses a significant threat to human health. Iron-modified biochar is an eco-friendly, cost-effective, and efficient adsorption material. There is a beneficial interaction between iron groups and biochar to remove PFAS from water through adsorption and degradation. The removal mechanism of the iron-modified biochar mainly includes advanced oxidation, iron group reduction, and adsorption. The adsorption mechanism shifted from being dominated by hydrophobic interactions to electrostatic interactions and ion exchange. Different forms of iron-modified biochar showed excellent removal of short-chain PFAS, which is not found in other modified biochar. Few existing studies have systematically investigated the role of various forms of iron-modified biochar in PFAS removal. Accordingly, this review explores the following areas, the synthesis methods of different forms of iron-modified biochar, the removal effect on long and short-chain PFAS, the key factors affecting removal capacity and the mechanisms of their interaction, the mechanism of PFAS removal, and the regeneration capacity of the composites. In this study, the potential of different forms of iron-modified biochar for PFAS remediation was explored in depth. To provide new ideas for subsequent studies of PFAS removal using iron-modified biochar.",Teng Binglu; Zhao Zhenhua; Xia Liling; Wu Jiangxuan; Wang Hailong,Chemosphere,2024,10.1016/j.chemosphere.2024.143844
36181932,Per- and polyfluoroalkyl substances enhance Staphylococcus aureus pathogenicity and impair host immune response.,"Per- and Poly-fluoroalkyl substances (PFAS) are major persistent environmental contaminants. Epidemiological studies have linked PFAS exposures to altered immunity and increased occurrence of infections in children. However, the mechanisms leading to immune susceptibility to bacterial infections remains unclear. To elucidate the mechanism, transcriptional alteration in the Caenorhabditis elegans model caused by a PFAS contaminated environmental water and two reconstituted PFAS solutions were evaluated using RNA-sequencing. PFAS affected the expression of several genes involved in C. elegans immune surveillance to Gram-positive bacteria (cpr-2, tag-38, spp-1, spp-5, clec-7, clec-172). The combined exposure to PFAS and Staphylococcus aureus significantly reduced C. elegans survival and increased intestinal membrane permeability. Furthermore, the growth of S. aureus in the presence of PFAS increased the expression of virulence genes, specifically, the virulence gene regulator saeR and α-hemolysin, hla, which resulted in increased hemolytic activity. The present study demonstrated that PFAS exposure not only increased C. elegans susceptibility to pathogens by reducing host immunity and increasing intestinal membrane permeability, but also increased bacteria virulence. This presents a broader implication for humans and other animals, where environmental contaminants simultaneously reduce host resilience, while, increasing microbial pathogenicity.",Mangu Jagadish Chandra Kumar; Stylianou Marios; Olsson Per-Erik; Jass Jana,"Environmental pollution (Barking, Essex : 1987)",2022,10.1016/j.envpol.2022.120294
36720409,Thermal kinetics of PFAS and precursors in soil: Experiment and surface simulation in temperature-time plane.,"Per- and polyfluoroalkyl substances (PFAS) are chemically and thermally stable due to the presence of carbon-fluorine (C-F) bond in their molecular structures, hence have been previously formulated as firefighting ingredients. During the firefighting process, however, owing to the high temperature, PFAS can be potentially degraded, particularly for PFAS precursors that contain non-C-F bonds, which is studied herein by exposing PFAS-contaminated soil in a muffle furnace oven. Different temperatures and time intervals are applied to the real soil sample to mimic the firing process and to evaluate the degradation and conversion of PFAS. This thermal treatment can not only degrade precursors (e.g. 6:2 fluorotelomer sulphonate), but also degrade perfluoroalkyl carboxylates (PFCA, e.g. perfluorooctanoic acid PFOA) and perfluoroalkyl sulfonates (PFSA, e.g. perfluorooctane sulfonate PFOS). The concentration dependence of the PFAS on temperature and time is fitted using a 2D Gaussian surface to simulate the complex thermal kinetic, and to compare with the traditional approach such as thermogravimetric analysis (TGA) (1D dependence on temperature only). The 2D simulation can directly visualise the thermal kinetic of individual or sum PFAS in the complex temperature-time plane, which depends on the sample background and particularly on the coexist PFAS precursors. Overall, this study provides a simple approach to monitor and optimise the thermal treatment of the PFAS-contaminated soil.",Al Amin Md; Luo Yunlong; Nolan Annette; Mallavarapu Megharaj; Naidu Ravi,Chemosphere,2023,10.1016/j.chemosphere.2023.138012
40188601,"Per- and polyfluoroalkyl substances (PFAS) in drinking water, gestational diabetes mellitus, hypertension and preeclampsia: A nation-wide register-based study on PFAS in drinking water.","There is inconclusive evidence of associations between exposure to per- and polyfluoroalkyl substances (PFAS) and diabetes and hypertensive disorders during pregnancy. We conducted a nation-wide register-based cohort study to assess the associations of the estimated maternal drinking water exposure to the sum of four major PFAS (PFAS4; perfluorooctane sulfonate (PFOS), perfluorooctanoate (PFOA), perfluorononanoate (PFNA) and perfluorohexanoate (PFHxS)) with gestational diabetes mellitus (GDM), hypertension and preeclampsia. We included nulliparous women giving birth in Sweden during 2012-2018 in large localities served by municipal drinking water where PFAS were measured in raw and drinking water. Using a one-compartment toxicokinetic model, we estimated cumulative maternal blood levels of PFAS4 during pregnancy considering residential history, municipal PFAS water concentration and year-specific maternal PFAS background serum levels. The outcomes and individual covariates were ascertained via register linkage. Mean values and 95% Confidence Intervals (CI) of Odds Ratios (OR) were estimated by logistic regression. Among the 109,031 nulliparous women included, with an estimated average 7.8 ng PFAS4/mL serum (standard deviation: 2.0 ng/mL), there were indications of a non-monotonic inverse association for PFAS4 and GDM, corresponding to multivariable-adjusted OR 0.72 (95 % CI: 0.61-0.84) when comparing extreme quartiles. An inverse association were also seen for each PFAS individually. No clear associations were seen for hypertension or preeclampsia, although individual PFAS indicated significant associations, both inverse (PFAS and PFHxS) and direct (PFOS and PFNA) for hypertension. In the present study, we observed indications of inverse, non-monotonic associations for PFAS4 and GDM. Some individual PFAS were also associated with hypertension, both direct and inverse. The limitations linked to the exposure assessment still require caution in the interpretation.",Säve-Söderbergh Melle; Gyllenhammar Irina; Schillemans Tessa; Lindfeldt Emelie; Vogs Carolina,Environment international,2025,10.1016/j.envint.2025.109415
39585294,A prescription for engineering PFAS biodegradation.,"Per- and polyfluorinated chemicals (PFAS) are of rising concern due to environmental persistence and emerging evidence of health risks to humans. Environmental persistence is largely attributed to a failure of microbes to degrade PFAS. PFAS recalcitrance has been proposed to result from chemistry, specifically C-F bond strength, or biology, largely negative selection from fluoride toxicity. Given natural evolution has many hurdles, this review advocates for a strategy of laboratory engineering and evolution. Enzymes identified to participate in defluorination reactions have been discovered in all Enzyme Commission classes, providing a palette for metabolic engineering. In vivo PFAS biodegradation will require multiple types of reactions and powerful fluoride mitigation mechanisms to act in concert. The necessary steps are to: (1) engineer bacteria that survive very high, unnatural levels of fluoride, (2) design, evolve, and screen for enzymes that cleave C-F bonds in a broader array of substrates, and (3) create overall physiological conditions that make for positive selective pressure with PFAS substrates.",Wackett Lawrence P; Robinson Serina L,The Biochemical journal,2024,10.1042/BCJ20240283
39159775,Chemical exposome and children health: Identification of dose-response relationships from meta-analyses and epidemiological studies.,"Health impact assessment studies quantifying the impact of the chemical exposome on children's health generally consider a small fraction of the exposome. Synthetizing available dose-response relationships is an essential step to fill this gap. We reviewed the literature for dose-response relationships relating the chemical exposome with children health. We focused on 78 substance-outcome pairs for which the level of evidence had previously been classified as 'likely' or 'very likely'. We searched for dose-response relationships for these pairs from meta-analyses and, if none was available, from single epidemiological studies, from which we conducted meta-analyses whenever possible. We identified dose-response relationships for 50 of the 78 prioritized substance-outcome pairs (64%). Dose-response relationships stemmed from meta-analyses for 21 pairs, from de novo meta-analyses for 1 pair and single studies for 28 pairs. Dose-response relationships were available for tobacco (fetal and infant death, congenital heart defects, birth outcomes, orofacial clefts, respiratory health), lead (asthma, cognition, delayed puberty onset and iron deficiency anaemia), polychlorobiphenyls (PCBs) (cognition, respiratory infections and birth outcomes), bisphenol A (cognition), hexachlorobenzene (HCB) (respiratory health), Polybrominated diphenyl ethers (neurodevelopment), DDT (hypospadias, cryptorchidism, miscarriage), pesticides (neurodevelopment), methylmercury (cognition), PFAS (immune system, birth weight, behavior, miscarriage), arsenic (cognition, birth weight, death, respiratory health), cadmium (cognition, birth weight), manganese (behavior), sodium (blood pressure) and thallium (birth weight). For 28 of the 78 substance-outcome pairs (36%), no dose-response relationship was available from epidemiological studies in children. We identified dose-response relationships for 50 substance-outcome pairs, corresponding to 20 chemicals and 17 health outcomes. These can be used to perform more comprehensive quantitative health impact assessment of the exposome on child health. We also identified 28 substance-outcome pairs corresponding to 'likely' or 'very likely' effects for which research generating dose-response functions in children would be relevant.",Rocabois Audrey; Sanchez Margaux; Philippat Claire; Crépet Amélie; Wies Blanche,Environmental research,2024,10.1016/j.envres.2024.119811
37990410,Binding of Per- and Polyfluoroalkyl Substances (PFAS) to the PPARγ/RXRα-DNA Complex.,"Nuclear receptors are the fundamental building blocks of gene expression regulation and the focus of many drug targets. While binding to DNA, nuclear receptors act as transcription factors, governing a multitude of functions in the human body. Peroxisome proliferator-activator receptor γ (PPARγ) and the retinoid X receptor α (RXRα) form heterodimers with unique properties and have a primordial role in insulin sensitization. This PPARγ/RXRα heterodimer has been shown to be impacted by per- and polyfluoroalkyl substances (PFAS) and linked to a variety of significant health conditions in humans. Herein, a selection of the most common PFAS (legacy and emerging) was studied utilizing molecular dynamics simulations for PPARγ/RXRα. The local and global structural effects of PFAS binding on the known ligand binding pockets of PPARγ and RXRα as well as the DNA binding domain (DBD) of RXRα were inspected. The binding free energies were predicted computationally and were compared between the different binding pockets. In addition, two electronic structure approaches were utilized to model the interaction of PFAS within the DNA binding domain, density functional theory (DFT) and domain-based pair natural orbital coupled cluster with perturbative triples (DLPNO-CCSD(T)) approaches, with implicit solvation. Residue decomposition and hydrogen-bonding analysis were also performed, detailing the role of prominent residues in molecular recognition. The role of l-carnitine is explored as a potential ",Almeida Nuno M S; Bali Semiha Kevser; James Deepak; Wang Cong; Wilson Angela K,Journal of chemical information and modeling,2023,10.1021/acs.jcim.3c01384
37236451,Forever legacies? Profiling historical PFAS contamination and current influence on groundwater used for drinking water.,"A wide range of PFAS residues were studied in an aquifer used for drinking water production which was affected by historical PFAS contamination from a landfill and military camp. Samples were taken at three monitoring and four pumping wells at different depths ranging from 33 to 147 m below the land surface and analysed for a series of 53 PFAS (C2-C14) and PFAS precursors (C4-C24). A comparison of results to earlier research from 2013, with a more limited range of PFAS, showed decreasing concentrations and migration of PFAS with increasing depth and distance from the contamination source. The PFAS profile and branched/linear isomer ratio are used as source characterization tools. The landfill was confirmed to contaminate the groundwater in both monitoring wells, while the military camp was indicated as a probable source for PFAS observed in the deep sampling points of one of the monitoring wells. Pumping wells used to produce drinking water are not yet affected by these two PFAS sources. In one of the four sampled pumping wells, a different PFAS profile and isomer pattern was observed, which indicated a different but yet unknown source. This work shows the necessity of implementing regular screening to identify potential (historical) PFAS sources to be able to prevent future contaminant migration nearby and towards drinking water abstraction wells.",Sadia Mohammad; Kunz Marlene; Ter Laak Thomas; De Jonge Martin; Schriks Merijn,The Science of the total environment,2023,10.1016/j.scitotenv.2023.164420
37364117,Confined water-encapsulated activated carbon for capturing short-chain perfluoroalkyl and polyfluoroalkyl substances from drinking water.,"The global ecological crisis of perfluoroalkyl and polyfluoroalkyl substances (PFASs) in drinking water has gradually shifted from long-chain to short-chain PFASs; however, the widespread established PFAS adsorption technology cannot cope with the impact of such hydrophilic pollutants given the inherent defects of solid-liquid mass transfer. Herein, we describe a reagent-free and low-cost strategy to reduce the energy state of short-chain PFASs in hydrophobic nanopores by employing an in situ constructed confined water structure in activated carbon (AC). Through direct (driving force) and indirect (assisted slip) effects, the confined water introduced a dual-drive mode in the confined water-encapsulated activated carbon (CW-AC) and completely eliminated the mass transfer barrier (3.27 to 5.66 kcal/mol), which caused the CW-AC to exhibit the highest adsorption capacity for various short-chain PFASs (C-F number: 3-6) among parent AC and other adsorbents reported. Meanwhile, benefiting from the chain length- and functional group-dependent confined water-binding pattern, the affinity of the CW-AC surpassed the traditional hydrophobicity dominance and shifted toward hydrophilic short-chain PFASs that easily escaped treatment. Importantly, the ability of CW-AC functionality to directly transfer to existing adsorption devices was verified, which could treat 21,000 bed volumes of environment-related high-load (~350 ng/L short-chain PFAS each) real drinking water to below the World Health Organization's standard. Overall, our results provide a green and cost-effective in situ upgrade scheme for existing adsorption devices to address the short-chain PFAS crisis.",Shi Yuanji; Mu Hongxin; You Jiaqian; Han Chenglong; Cheng Huazai,Proceedings of the National Academy of Sciences of the United States of America,2023,10.1073/pnas.2219179120
32143379,Application of the Key Characteristics of Carcinogens to Per and Polyfluoroalkyl Substances.,"Per- and polyfluoroalkyl substances (PFAS) constitute a large class of environmentally persistent chemicals used in industrial and consumer products. Human exposure to PFAS is extensive, and PFAS contamination has been reported in drinking water and food supplies as well as in the serum of nearly all people. The most well-studied member of the PFAS class, perfluorooctanoic acid (PFOA), induces tumors in animal bioassays and has been associated with elevated risk of cancer in human populations. GenX, one of the PFOA replacement chemicals, induces tumors in animal bioassays as well. Using the Key Characteristics of Carcinogens framework for cancer hazard identification, we considered the existing epidemiological, toxicological and mechanistic data for 26 different PFAS. We found strong evidence that multiple PFAS induce oxidative stress, are immunosuppressive, and modulate receptor-mediated effects. We also found suggestive evidence indicating that some PFAS can induce epigenetic alterations and influence cell proliferation. Experimental data indicate that PFAS are not genotoxic and generally do not undergo metabolic activation. Data are currently insufficient to assess whether any PFAS promote chronic inflammation, cellular immortalization or alter DNA repair. While more research is needed to address data gaps, evidence exists that several PFAS exhibit one or more of the key characteristics of carcinogens.",Temkin Alexis M; Hocevar Barbara A; Andrews David Q; Naidenko Olga V; Kamendulis Lisa M,International journal of environmental research and public health,2020,10.3390/ijerph17051668
38402937,"Exposure to per- and polyfluoroalkyl substance and metabolic syndrome: A nationally representative cross-sectional study from NHANES, 2003-2018.","Per- and polyfluoroalkyl substances(PFAS) are widespread organic pollutants with endocrine-disrupting effects on human health, but the association of PFAS exposure with metabolic syndrome remains conflicting. National Health and Nutrition Examination Survey(NHANES) program was utilized to evaluate the association of individual PFAS exposure and metabolic disorders and further determined the joint effect of PFAS co-exposures. 13921 participants and five PFAS exposures(PFHxS, MPAH, PFDE, PFNA, and PFUA) were included for analysis. The association between individual PFAS and metabolic syndrome varied in the specific PFAS and the specific metabolic disorder examined. PFHxS was negatively associated with obesity(Q4; OR = 0.75; P < 0.001), but positively associated with hyperlipidemia (Q3; OR = 1.2; P = 0.013). PFUA was negatively associated with obesity (Q4; OR = 0.6; P < 0.001), hyperlipidemia (Q3; OR = 0.85; P = 0.03), and non-alcoholic fatty liver disease (NAFLD, Q4; OR = 0.64; P = 0.015), but positively associated with hyperglycemia(Q3; OR = 1.27; P = 0.004). Furthermore, PFAS co-exposures were negatively associated with obesity(OR = 0.63; P < 0.001) and NAFLD(OR = 0.85; P = 0.021), and positively associated with hyperlipidemia(OR = 1.05; P = 0.022), but not significantly associated with hyperglycemia or hypertension. Overall, there was a negative association between PFAS co-exposures and metabolic severity score(β = -0.15; P < 0.001). Subgroup analysis stratified by gender and obesity consistently showed the negative association of PFAS co-exposures with metabolic severity score, and the positive association with hyperlipidemia. However, subgroup analysis showed a negative association with NAFLD in females but not in males, and a negative association with hyperglycemia in the obesity group, but not in the non-obesity group. Collectively, our study showed a negative association of PFAS co-exposures with metabolic syndrome severity score, but did not support a consistent association between PFAS co-exposures and individual components of metabolic syndrome. Additionally, there were gender-specific as well as BMI-specific differences in these associations. Further studies are needed to rule out the reverse causality and clarify the relationship of PFAS co-exposures with the specific metabolic disorder.",Wu Maolan; Zhu Zewu; Wan Rongjun; Xu Jiangyue,"Environmental pollution (Barking, Essex : 1987)",2024,10.1016/j.envpol.2024.123615
33490051,Challenges and Current Status of the Biological Treatment of PFAS-Contaminated Soils.,"Per- and polyfluoroalkyl substances (PFAS) are Synthetic Organic Compounds (SOCs) which are of current concern as they are linked to a myriad of adverse health effects in mammals. They can be found in drinking water, rivers, groundwater, wastewater, household dust, and soils. In this review, the current challenge and status of bioremediation of PFAs in soils was examined. While several technologies to remove PFAS from soil have been developed, including adsorption, filtration, thermal treatment, chemical oxidation/reduction and soil washing, these methods are expensive, impractical for ",Shahsavari Esmaeil; Rouch Duncan; Khudur Leadin S; Thomas Duncan; Aburto-Medina Arturo,Frontiers in bioengineering and biotechnology,2020,10.3389/fbioe.2020.602040
41496226,Integrating nontargeted metabolomics and machine learning to assess PFAS exposure associations with liver cancer risk.,"Per- and polyfluoroalkyl substances (PFASs) are persistent synthetic chemicals, showing global presence in environment and human populations. Despite accumulating evidence implicating PFASs in liver toxicity, epidemiological data linking PFAS exposure to liver cancer risk remain limited, particularly regarding the underlying molecular mechanisms in humans. In this case-control study, we quantified concentrations of nine PFASs and performed nontargeted metabolomics in serum samples from 116 newly diagnosed liver cancer cases and 400 matched controls. Advanced supervised machine learning models were employed to identify PFAS exposure-associated metabolic features, followed by pathway enrichment and mediation analyses to elucidate biological mechanisms. Higher human serum levels of perfluorooctanoic acid (PFOA), perfluorononanoate, perfluorodecanoate, perfluorohexane sulfonate, perfluorooctanesulfonic acid, and 6:2 chlorinated polyfluoroether sulfonic acid were significantly correlated with the increased liver cancer risk. Weighted quantile sum index for the PFAS mixture was significantly correlated with an elevated liver cancer risk, with PFOA identified as the dominant contributor to this association. Least absolute shrinkage and selection operator (LASSO) approach based on metabolomic variables achieved the greatest predictive accuracy. Disruptions in methionine metabolism and phospholipid biosynthesis were identified as significant mediators in the association between serum PFAS levels and liver cancer risk, as revealed by LASSO modeling and mediation analyses. To our awareness, this study first demonstrates that multiple PFAS exposure may promote liver carcinogenesis through perturbations in amino acid and membrane lipid metabolism in humans.",Wu Tong; Fang Jiamian; Hong Jiawei; Jiang Yifan; Du Keyi,Environment international,2026,10.1016/j.envint.2025.110014
39307080,Contamination levels of per- and polyfluoroalkyl substances (PFAS) in recent North American precipitation events. A review.,"Per- and polyfluoroalkyl substances (PFAS), known as forever chemicals, have received international attention over the last two decades for their health risks and environmental persistence. One pathway of human exposure to PFAS is by rainwater. This review aims to analyze current studies of legacy and emerging PFAS contamination levels in rainwater in North America. In April 2024, the US Environmental Protection Agency (EPA) finalized new regulations for PFAS levels in drinking water. This review compares PFAS in rainwater to the latest US EPA regulation for the first time. Our analysis determined that five recent studies' average total PFAS (ΣPFAS) ranged from 2.28 to 92.42 ng/L and had a hazard index (HI) of 0.05-0.30. The average ΣPFAS and HI for all five studies are below the maximum contamination levels (MCLs) recommended by the EPA. However, rainwater samples collected near local point sources often exceeded the MCLs. To better understand the extent of PFAS contamination in the United States, more studies need to be conducted and analyzed throughout North America, testing for both legacy and emerging PFAS and locating local point sources.",Coates Kameron A; Harrington Peter de B,Water research,2024,10.1016/j.watres.2024.122390
39244057,Per- and polyfluoroalkyl substances (PFAS) in drinking water in Southeast Los Angeles: Industrial legacy and environmental justice.,"Per- and polyfluoroalkyl substances (PFAS) are persistent chemicals of increasing concern to human health. PFAS contamination in water systems has been linked to a variety of sources including hydrocarbon fire suppression activities, industrial and military land uses, agricultural applications of biosolids, and consumer products. To assess PFAS in California tap water, we collected 60 water samples from inside homes in four different geographic regions, both urban and rural. We selected mostly small water systems with known history of industrial chemical or pesticide contamination and that served socioeconomically disadvantaged communities. Thirty percent of the tap water samples (18) had a detection of at least one of the 32 targeted PFAS and most detections (89 %) occurred in heavily industrialized Southeast Los Angeles (SELA). The residents of SELA are predominately Latino and low-income. Concentrations of perfluorooctanoic acid (PFOA) and perfluorooctanesulfonic acid (PFOS) ranged from 6.8 to 13.6 ng/L and 9.4-17.8 ng/L, respectively in SELA and were higher than State (PFOA: 0.007 ng/L; PFOS: 1.0 ng/L) and national health-based goals (zero). To look for geographic patterns, we mapped potential sources of PFAS contamination, such as chrome plating facilities, airports, landfills, and refineries, located near the SELA water systems; consistent with the multiple potential sources in the area, no clear spatial associations were observed. The results indicate the importance of systematic testing of PFAS in tap water, continued development of PFAS regulatory standards and advisories for a greater number of compounds, improved drinking-water treatments to mitigate potential health threats to communities, especially in socioeconomically disadvantaged and industrialized areas.",Von Behren Julie; Reynolds Peggy; Bradley Paul M; Gray James L; Kolpin Dana W,The Science of the total environment,2024,10.1016/j.scitotenv.2024.176067
38687897,Assessment and Comparison of Early Developmental Toxicity of Six Per- and Polyfluoroalkyl Substances with Human Embryonic Stem Cell Models.,"Per- and polyfluoroalkyl substances (PFAS) are extensively utilized in varieties of products and tend to accumulate in the human body including umbilical cord blood and embryos/fetuses. In this study, we conducted an assessment and comparison of the potential early developmental toxicity of perfluorooctanoic acid (PFOA), undecafluorohexanoic acid (PFHxA), heptafluorobutyric acid, perfluorooctanesulfonate (PFOS), perfluorohexanesulfonate, and perfluorobutyric acid at noncytotoxic concentrations relevant to human exposure using models based on human embryonic stem cells in both three-dimensional embryoid body (EB) and monolayer differentiation configurations. All six compounds influenced the determination of cell fate by disrupting the expression of associated markers in both models and, in some instances, even led to alterations in the formation of cystic EBs. The expression of cilia-related gene ",Zhao Miaomiao; Yin Nuoya; Yang Renjun; Li Shichang; Zhang Shuxian,Environmental science & technology,2024,10.1021/acs.est.3c10758
38088576,Case-Cohort Study of the Association between PFAS and Selected Cancers among Participants in the American Cancer Society's Cancer Prevention Study II LifeLink Cohort.,"Previous epidemiological studies found associations between exposure to per- and polyfluoroalkyl substances (PFAS) and some cancer types. Many studies considered highly exposed populations, so relevance to less-exposed populations can be uncertain. Additionally, many studies considered only cancer site, not histology. We conducted a case-cohort study within the American Cancer Society's prospective Cancer Prevention Study II (CPS-II) LifeLink cohort to examine associations between PFAS exposure and risk of selected cancers, considering histologic subtypes. Serum specimens were collected from cohort participants during the period 1998-2001. This study included a subcohort (500 men, 499 women) randomly selected from participants without prior cancer diagnoses at serum collection, and all participants with incident (after serum collection) first cancers of the breast (females only,  Serum PFOA concentrations were positively associated with renal cell carcinoma of the kidney among women [hazard ratio (HR) and 95% confidence interval (CI) per PFOA doubling: 1.54 (95% CI: 1.05, 2.26)] but not men. Among men, we observed a positive association between PFHxS concentrations and chronic lymphocytic leukemia/small lymphocytic lymphoma [CLL/SLL, HR and 95% CI per PFHxS doubling: 1.34 (95% CI: 1.02, 1.75)]. We observed some heterogeneity of associations by histologic subtype within sites. This study supports the previously observed association between PFOA and renal cell carcinoma among women and suggests an association between PFHxS and CLL/SLL among men. Consideration of histologic subtypes might be important in future studies of PFAS-cancer associations. https://doi.org/10.1289/EHP13174.",Winquist Andrea; Hodge James M; Diver W Ryan; Rodriguez Juan L; Troeschel Alyssa N,Environmental health perspectives,2023,10.1289/EHP13174
38782768,Identifying novel mechanisms of per- and polyfluoroalkyl substance-induced hepatotoxicity using FRG humanized mice.,"Per- and polyfluoroalkyl substances (PFAS) such as perfluorooctanoic acid (PFOA) and perfluorooctane sulfonic acid (PFOS) and perfluoro-2-methyl-3-oxahexanoic acid (GenX), the new replacement PFAS, are major environmental contaminants. In rodents, these PFAS induce several adverse effects on the liver, including increased proliferation, hepatomegaly, steatosis, hypercholesterolemia, nonalcoholic fatty liver disease and liver cancers. Activation of peroxisome proliferator receptor alpha by PFAS is considered the primary mechanism of action in rodent hepatocyte-induced proliferation. However, the human relevance of this mechanism is uncertain. We investigated human-relevant mechanisms of PFAS-induced adverse hepatic effects using FRG liver-chimeric humanized mice with livers repopulated with functional human hepatocytes. Male FRG humanized mice were treated with 0.067 mg/L of PFOA, 0.145 mg/L of PFOS, or 1 mg/L of GenX in drinking water for 28 days. PFOS caused a significant decrease in total serum cholesterol and LDL/VLDL, whereas GenX caused a significant elevation in LDL/VLDL with no change in total cholesterol and HDL. All three PFAS induced significant hepatocyte proliferation. RNA-sequencing with alignment to the human genome showed a total of 240, 162, and 619 differentially expressed genes after PFOA, PFOS, and GenX exposure, respectively. Upstream regulator analysis revealed that all three PFAS induced activation of p53 and inhibition of androgen receptor and NR1D1, a transcriptional repressor important in circadian rhythm. Further biochemical studies confirmed NR1D1 inhibition and in silico modeling indicated potential interaction of all three PFAS with the DNA-binding domain of NR1D1. In conclusion, our studies using FRG humanized mice have revealed new human-relevant molecular mechanisms of PFAS including their previously unknown effect on circadian rhythm.",Robarts Dakota R; Paine-Cabrera Diego; Kotulkar Manasi; Venneman Kaitlyn K; Gunewardena Sumedha,Archives of toxicology,2024,10.1007/s00204-024-03789-0
38866127,Legacy and alternative per- and polyfluoroalkyl substances (PFAS) alter the lipid profile of HepaRG cells.,"Per- and polyfluoroalkyl substances (PFAS) are synthetic chemicals used in various industrial and consumer products. They have gained attention due to their ubiquitous occurrence in the environment and potential for adverse effects on human health, often linked to immune suppression, hepatotoxicity, and altered cholesterol metabolism. This study aimed to explore the impact of ten individual PFAS, 3 H-perfluoro-3-[(3-methoxypropoxy) propanoic acid] (PMPP/Adona), ammonium perfluoro-(2-methyl-3-oxahexanoate) (HFPO-DA/GenX), perfluorobutanoic acid (PFBA), perfluorobutanesulfonic acid (PFBS), perfluorodecanoic acid (PFDA), perfluorohexanoic acid (PFHxA), perfluorohexanesulfonate (PFHxS), perfluorononanoic acid (PFNA), perfluorooctanoic acid (PFOA), and perfluorooctanesulfonic acid (PFOS) on the lipid metabolism in human hepatocyte-like cells (HepaRG). These cells were exposed to different concentrations of PFAS ranging from 10 µM to 5000 µM. Lipids were extracted and analyzed using liquid chromatography coupled with mass spectrometry (LC- MS-QTOF). PFOS at 10 µM and PFOA at 25 µM increased the levels of ceramide (Cer), diacylglycerol (DAG), N-acylethanolamine (NAE), phosphatidylcholine (PC), and triacylglycerol (TAG) lipids, while PMPP/Adona, HFPO-DA/GenX, PFBA, PFBS, PFHxA, and PFHxS decreased the levels of these lipids. Furthermore, PFOA and PFOS markedly reduced the levels of palmitic acid (FA 16.0). The present study shows distinct concentration-dependent effects of PFAS on various lipid species, shedding light on the implications of PFAS for essential cellular functions. Our study revealed that the investigated legacy PFAS (PFOS, PFOA, PFBA, PFDA, PFHxA, PFHxS, and PFNA) and alternative PFAS (PMPP/Adona, HFPO-DA/GenX and PFBS) can potentially disrupt lipid homeostasis and metabolism in hepatic cells. This research offers a comprehensive insight into the impacts of legacy and alternative PFAS on lipid composition in HepaRG cells.",Kashobwe Lackson; Sadrabadi Faezeh; Brunken Lars; Coelho Ana Carolina M F; Sandanger Torkjel M,Toxicology,2024,10.1016/j.tox.2024.153862
30248109,Rubella immunity and serum perfluoroalkyl substances: Sex and analytic strategy.,"Perfluoroalkyl substances (PFASs) have been associated with decreased immunity to childhood tetanus and diphtheria immunizations. If these vaccinations are vulnerable to influence from PFASs, questions arise about associations with other common inoculations. To examine whether serum PFASs were associated with reduced immunity to rubella immunization, and whether interactions with sex or ethnicity warranted analytic stratification. Usually, toxicology analyses are calculated controlling for race and sex. However, sex differences in immune function have been reported and a reduction of immunity to rubella in women could pose risks such miscarriage. We analyzed a nationally representative sample of individuals ≥ 12 years from the National Health and Nutrition Examination Survey (NHANES) for years 1999-2000 and 2003-2004 for whom PFAS measures were available. Our analytic strategy was to start with separate analyses for youth and adults controlling for several covariates including ethnicity and sex, as well as the interaction of these terms with PFASs. If there was a main effect of PFASs and an interaction term, we would stratify analyses of effect size. The outcome variable was Rubella IgG titers by quartile of perfluoroalkyl substances. After exclusion for missing data, the analyzed sample contained 581 adult women, 621 adult men, and 1012 youth. There was no significant effect of PFASs on immunity in youths but a significant effect of both PFOA and PFOS in adults, as well as a significant interaction of PFOA x sex and a borderline significant interaction of PFOS x sex. When effect size analyses were stratified by sex, a significant association between rubella titres and PFOA was found in men but not women and PFOS was not significant in either sex. These results support our earlier studies showing sex specific responses to PFASs and indicate the importance of thinking carefully about analytic strategies in population based toxicology research.",Pilkerton Courtney S; Hobbs Gerald R; Lilly Christa; Knox Sarah S,PloS one,2018,10.1371/journal.pone.0203330
41453703,Association between gestational PFAS exposure biomarkers and risk of preeclampsia in the ECHO Cohort.,"Preeclampsia represents a major public health problem and contributes to maternal and child morbidity and mortality. Environmental exposure to per- and polyfluoroalkyl substances (PFAS) may increase the risk of preeclampsia. We investigated associations between 6 gestational PFAS exposure biomarkers and odds of preeclampsia among 2,343 women in the Environmental influences on Child Health Outcomes (ECHO) Cohort. We evaluated effect modification by race and fetal sex, and mixture effects with quantile g-computation and BKMR. Odds ratios (ORs) were elevated for perfluorooctanoic acid (PFOA; OR: 1.27 [0.73-2.23]), perfluorononanoic acid (PFNA; OR: 1.13 [0.85-1.49]), and perfluorodecanoic acid (PFDA; OR: 1.24 [0.92-1.65]) but reduced for perfluorohexane-1-sulfonic acid (PFHXS; OR: 0.78 [0.57-1.06]) and N-methyl perfluorooctane sulfonamido acetic acid (FOSAA; OR: 0.65 [0.24-1.76]). An interquartile range increase in PFDA was associated with 1.40 (95 % CI: 0.95-2.05) times greater odds of preeclampsia among pregnancies carrying female fetuses (OR: 1.09, 95 % CI: 0.73-1.62) and 2.28 (95 % CI: 1.26-4.12) times greater odds among those of Hispanic ethnicity compared with non-Hispanic White (OR: 0.96, 95 % CI: 0.62-1.48). Mixture analyses detected interactions between several PFAS chemicals. Our findings indicate suggestive trends of elevated susceptibility to preeclampsia with increasing PFAS exposure among pregnancies with a female fetus and races and ethnicities other than non-Hispanic White.",Cathey Amber; Woodbury Megan; Varshavsky Julia; Velasquez Skarlet; Zhu Yeyi,Environmental research,2026,10.1016/j.envres.2025.123597
41217454,Characterization of per- and polyfluoroalkyl substances (PFAS) in AFFF-contaminated soil by photocatalytic oxidation (PhotoTOP).,"Per- and polyfluoroalkyl substances (PFAS) comprise a diverse group of thousands of compounds, for which only a limited number of analytical reference standards are available. This presents significant challenges for the identification and quantification of PFAS in environmental samples. The PhotoTOP assay addresses this issue by photocatalytic oxidation of PFAS precursors into quantifiable perfluoroalkyl carboxylic acids. In this study, the PhotoTOP was applied for the first time to both aqueous film-forming foam (AFFF)-related PFAS standards and AFFF-contaminated soil. Precursors, intermediates, and final oxidation products were identified using target analysis and non-target screening (NTS). Numerous novel PhotoTOP intermediates were detected, such as perfluoroalkyl sulfonamide-based and fluorotelomer sulfonamide-based compounds, dimers, fluorotelomer betaines, and unsaturated perfluoroalkyl sulfonic acids. Mass balance analysis based on semiquantitative NTS (qNTS) data revealed near-complete conversion of PFAS precursors in both standards and contaminated soil. Additionally, transformation kinetics were investigated, providing insight into the behavior and persistence of PFAS precursors during PhotoTOP treatment and their potential fate in the environment.",Capitain Catharina; Zwiener Christian,Analytical and bioanalytical chemistry,2026,10.1007/s00216-025-06208-0
38867422,Deciphering Discord: How Conflicting Information and Political Ideology Shape Public Attitude Toward PFAS Regulation.,"Per- and polyfluorinated substances (PFAS) contamination is an emerging environmental and health risk facing the world. This study examines the impact of conflicting information on Americans' attitude toward PFAS regulation and intention to engage in mitigation behaviors through a one-way, between-subjects experiment. Participants were 1,062 U.S. adults recruited from CloudResearch. Results showed that compared to participants exposed to consistent information, those exposed to conflicting information displayed less favorable attitude toward existing regulation, which led to lower intention to support related policies and to engage in mitigation behaviors. Political ideology moderated these relationships, with stronger experimental effects among conservatives. These findings underscore the importance of conveying consistent risk messages, especially when multiple stakeholders are involved.",Dong Xinxia; Yang Janet Z,Journal of health communication,2024,10.1080/10810730.2024.2367111
40878017,Assessing PFAS and Their Precursor Transformation in a Landfill Leachate-Impacted Wastewater Treatment Plant.,"Despite growing concern over polyfluoroalkyl and perfluoroalkyl substances (PFAS), comprehensive evaluations of their behavior in wastewater treatment plants (WWTPs) influenced by landfill leachate remain limited. This study introduces a novel, integrated framework to investigate the fate, transformation, and persistence of PFAS across various treatment stages within a full-scale WWTP uniquely impacted by a mixture of domestic wastewater and industrial landfill leachate. By combining advanced targeted analysis using USEPA Draft Method 1633 with extractable organic fluorine (EOF) quantification and total oxidizable precursor (TOP) assays, this approach offers a comprehensive, multidimensional characterization of PFAS behavior. The USEPA Draft Method 1633 revealed influent and effluent PFAS concentrations ranging from 432 to 727 and 356 to 558 ng/L, respectively, with overall removal efficiencies of 6%-25% across three sampling events. Post-TOP assay results showed that PFAS concentrations increased approximately twofold in influent (637-1205 ng/L) and 1.5-fold in effluent (600-927 ng/L), indicating the presence of oxidizable PFAS precursors. Additionally, targeted PFAS accounted for only 12%-20% of total EOF in influent and 15%-25% in effluent samples, demonstrating the substantial presence of unidentified fluorinated compounds beyond routine analysis. Moreover, significant PFAS partitioning to sludge was quantified, with total concentrations reaching ~17,000 ng/kg in untreated sludge and ~19,000 ng/kg in final biosolids, underscoring the potential for terrestrial redistribution via land application. Compared with earlier works that narrowly focused on known PFAS compounds or specific treatment technologies, this study delivers a comprehensive, multi-method perspective on PFAS behavior, precursor transformation, and environmental release potential. These insights advance the understanding of PFAS fate in complex wastewater matrices and emphasize the need for expanded monitoring strategies to inform future regulatory and remediation efforts.",Mustafa Khalid; de Falco Giacomo; Fernando Eustace; Boufadel Michel C; Zhang Zhiming,Water environment research : a research publication of the Water Environment Federation,2025,10.1002/wer.70172
39947079,Maternal per- and polyfluoroalkyl substance concentrations and placental DNA methylation of thyroid hormone-related genes.,"Studies suggested that per- and polyfluoroalkyl substances (PFAS) may have adverse effects on fetus by altering placental DNA methylation. In the study, we explored associations of maternal PFAS concentrations with placental DNA methylation of thyroid hormone (TH)-related genes and the potential mediating role of DNA methylation levels in PFAS-fetal TH associations. We measured PFAS concentrations in maternal plasma in early pregnancy and levels of total triiodothyronine (TT3), total thyroxine (TT4), free triiodothyronine (FT3), free thyroxine (FT4), and thyroid stimulating hormone (TSH) in cord plasma. We assessed DNA methylation in 345 placental samples for five TH-related genes, i.e., iodothyronine deiodinase 3 (DIO3), solute carrier family 16 member 2 (SLC16A2), solute carrier organic anion transporter family member 1C1 (SLCO1C1), thyrotropin-releasing hormone (TRH), and transthyretin (TTR). We found the associations of PFDA with increased SLC16A2 methylation, PFOA with decreased SLCO1C1 methylation, PFOS with increased TRH methylation, and PFDoA with decreased TRH methylation, and these associations showed sex-specific patterns. Mediation analyses suggested placental SLCO1C1 and SLC16A2 methylation as potential mediators in the associations of PFOA with FT3 and PFUdA with TT4, respectively. These findings provided evidence for associations between prenatal PFAS exposure and epigenetic changes in placental TH-related genes.",Xie Zhenzhen; Jin Longmei; Wu Qihan; Ji Honglei; Miao Maohua,Journal of hazardous materials,2025,10.1016/j.jhazmat.2025.137545
34682663,Trends in the Regulation of Per- and Polyfluoroalkyl Substances (PFAS): A Scoping Review.,"Products containing per- and polyfluoroalkyl substances (PFAS) have been used for decades in industrial and consumer products. These compounds are persistent in the environment, bioaccumulative, and some are toxic to humans and other animals. Since the early 2000s, laws, policies, and regulations have been implemented to reduce the prevalence of PFAS in the environment and exposures to PFAS. We conducted a scoping literature review to identify how PFAS are regulated internationally, at the U.S. national level, and at the U.S. state level, as well as drivers of and challenges to implementing PFAS regulations in the U.S. This review captured peer-reviewed scientific literature (e.g., PubMed), grey literature databases (e.g., SciTech Premium Collection), Google searches, and targeted websites (e.g., state health department websites). We identified 454 relevant documents, of which 61 discussed the non-U.S. PFAS policy, 214 discussed the U.S. national-level PFAS policy, and 181 discussed the U.S. state-level PFAS policy. The drivers of and challenges to PFAS regulation were identified through qualitative analysis. The drivers of PFAS policy identified were political support for regulation, social awareness of PFAS, economic resource availability, and compelling scientific evidence. The challenges to implementing PFAS regulations were political limitations, economic challenges, unclear scientific evidence, and practical challenges. The implications for PFAS policy makers and other stakeholders are discussed.",Brennan Nicole Marie; Evans Abigail Teresa; Fritz Meredith Kate; Peak Stephanie Allison; von Holst Haley Elizabeth,International journal of environmental research and public health,2021,10.3390/ijerph182010900
38473344,Exploring the Potential Link between PFAS Exposure and Endometrial Cancer: A Review of Environmental and Sociodemographic Factors.,"This exploratory narrative review paper delves into the intricate interplay between per- and polyfluoroalkyl substances (PFAS) exposure, sociodemographic factors, and the influence of stressors in the context of endometrial cancer. PFAS, ubiquitous environmental contaminants notorious for their persistence in the ecosystem, have garnered attention for their potential to disrupt endocrine systems and provoke immune responses. We comprehensively examine the various sources of PFAS exposure, encompassing household items, water, air, and soil, thus shedding light on the multifaceted routes through which individuals encounter these compounds. Furthermore, we explore the influence of sociodemographic factors, such as income, education, occupation, ethnicity/race, and geographical location and their relationship to endometrial cancer risk. We also investigated the role of stress on PFAS exposure and endometrial cancer risk. The results revealed a significant impact of sociodemographic factors on both PFAS levels and endometrial cancer risk. Stress emerged as a notable contributing factor influencing PFAS exposure and the development of endometrial cancer, further emphasizing the importance of stress management practices for overall well-being. By synthesizing evidence from diverse fields, this review underscores the need for interdisciplinary research and targeted interventions to comprehensively address the complex relationship between PFAS, sociodemographic factors, stressors, and endometrial cancer.",Ayodele Aderonke; Obeng-Gyasi Emmanuel,Cancers,2024,10.3390/cancers16050983
37772651,[Not Available].,"Per- and polyfluorinated alkyl substances (PFAS) are a group of man-made extremely persistent chemicals that have been spread worldwide since the 1950s due to their properties as effective water- and grease-repellent and heat- and temperature-resistant. They are associated with an increasing number of health effects including immune and hormonal disturbances and some types of cancer. We present a review of PFAS pollution in Denmark, the current human exposure, suspected health effects, and patient management in environmental medicine.",Hammer Paula Ec; Møller Janne J; Carøe Tanja K; Tøttenborg Sandra S; Petersen Kajsa U,Ugeskrift for laeger,2023,
40350015,PFAS exposures and child growth: a longitudinal study from fetal life to early childhood.,"Prenatal exposure to poly- and perfluoroalkyl substances (PFAS) has been associated with lower birth weight or increased adiposity in adolescence. No study has investigated associations with longitudinal growth from conception to early childhood. We explored the association between maternal serum PFAS concentrations during pregnancy and child growth assessed repeatedly from the second trimester of pregnancy to 3 years of age. In the SEPAGES cohort, for 450 pregnant women recruited before 19 gestational weeks in Grenoble (France), we measured 26 PFAS from non-fasting maternal serum samples (median gestational age at sampling: 19.4 weeks). Cluster-based analysis identified three PFAS exposure groups (low, moderate, high). Child growth parameters (weight, height, and head parameters) were measured at second and third trimesters (ultrasound examinations), at birth and until 3 years. Using a nonlinear mixed model, we predicted growth parameters and velocities at exactly 3 months and 3 years. Compared to children belonging to the low PFAS exposure group, those belonging to the high exposure group had higher head circumference during the second trimester (β [95 % CI] = 3.60 [1.49 to 5.72] mm) and at 3 years (39.85 [1.62 to 78.08] mm) as well as higher estimated fetal weight during the second trimester (15.85 [1.48 to 30.21] g) and BMI growth velocity at 3 years (9.66 [1.73 to 17.59] g/m In this prospective study, maternal serum PFAS concentrations were associated with some child growth parameters, potentially associated with increased risk of obesity in later-life.",Ouidir Marion; Verner Marc-André; Siroux Valérie; Lyon-Caen Sarah; Cissé Aminata H,Environmental research,2025,10.1016/j.envres.2025.121814
38184077,Elevated levels of serum per- and poly-fluoroalkyl substances (PFAS) in contact lens users of U.S. young adults.,"Despite evidence indicating the presence of per- and poly-fluoroalkyl substances (PFAS) in contact lenses (CL), it remains unclear whether CL use increases PFAS exposure in the general population. We aimed to determine whether CL users have higher serum concentrations of PFAS than non-users, using data of 1660 adults aged 20-39 years participating in the National Health and Nutrition Examination Survey 1999-2000 and 2003-2008. We classified the individuals into CL users and non-users using the record of vision correction types during a vision test. Serum concentrations of six individual PFAS were measured, and the overall PFAS burden was calculated by item response theory scoring. Survey-weighted linear models were used to compare serum PFAS levels between CL users and non-users after adjusting for covariates. Distributions of perfluorooctanoic acid (PFOA) and perfluorooctane sulfonic acid (PFOS) concentrations were compared with reference values (e.g., human biomonitoring [HBM]-II values) indicating potential for adverse health effects. Survey-weighted linear models revealed that covariate-adjusted serum PFOA concentration was higher in CL users (geometric mean [GM]: 3.68 ng/mL; 95% CI: 3.00, 4.50) than in non-users (GM: 3.27 ng/mL; 95% CI: 2.81, 3.80; p = 0.02). Similarly, CL users had a significantly higher serum PFHxS concentration (GM: 1.58 ng/mL; 95% CI: 1.13, 2.20) than non-users (GM: 1.30 ng/mL; 95% CI: 1.10, 1.66; p = 0.03). CL users also had a significantly higher overall burden of PFAS than non-users. The differences in PFAS concentrations between CL users and non-users were more pronounced in females than in males. Moreover, a larger proportion of lens users (4.5%), compared to non-users (3.9%), had PFOA concentrations above the HBM-II, where adverse health effects are expected from PFOA exposure. This study suggests that CL use in general U.S. young adults may contribute significantly to PFAS body burden, which can potentially lead to public health problem.",Kang Habyeong; Kim Dong Hyun; Choi Yoon-Hyeong,Chemosphere,2024,10.1016/j.chemosphere.2024.141134
30470793,A review of the pathways of human exposure to poly- and perfluoroalkyl substances (PFASs) and present understanding of health effects.,"Here, we review present understanding of sources and trends in human exposure to poly- and perfluoroalkyl substances (PFASs) and epidemiologic evidence for impacts on cancer, immune function, metabolic outcomes, and neurodevelopment. More than 4000 PFASs have been manufactured by humans and hundreds have been detected in environmental samples. Direct exposures due to use in products can be quickly phased out by shifts in chemical production but exposures driven by PFAS accumulation in the ocean and marine food chains and contamination of groundwater persist over long timescales. Serum concentrations of legacy PFASs in humans are declining globally but total exposures to newer PFASs and precursor compounds have not been well characterized. Human exposures to legacy PFASs from seafood and drinking water are stable or increasing in many regions, suggesting observed declines reflect phase-outs in legacy PFAS use in consumer products. Many regions globally are continuing to discover PFAS contaminated sites from aqueous film forming foam (AFFF) use, particularly next to airports and military bases. Exposures from food packaging and indoor environments are uncertain due to a rapidly changing chemical landscape where legacy PFASs have been replaced by diverse precursors and custom molecules that are difficult to detect. Multiple studies find significant associations between PFAS exposure and adverse immune outcomes in children. Dyslipidemia is the strongest metabolic outcome associated with PFAS exposure. Evidence for cancer is limited to manufacturing locations with extremely high exposures and insufficient data are available to characterize impacts of PFAS exposures on neurodevelopment. Preliminary evidence suggests significant health effects associated with exposures to emerging PFASs. Lessons learned from legacy PFASs indicate that limited data should not be used as a justification to delay risk mitigation actions for replacement PFASs.",Sunderland Elsie M; Hu Xindi C; Dassuncao Clifton; Tokranov Andrea K; Wagner Charlotte C,Journal of exposure science & environmental epidemiology,2019,10.1038/s41370-018-0094-1
40998131,Component-resolved diagnostics study on nut sensitization and cross-reactivity in China.,"Nut sensitization in China remains insufficiently characterized. Component-resolved diagnosis (CRD) technology offers the ability to distinguish true food allergies from pollen-induced cross-sensitizations while avoiding the risks of oral food challenge (OFC) tests. This study aims to explore and validate the major allergenic components and patterns of cross-reactivity between nuts and pollens in patients with pollen-food allergy syndrome (PFAS). This study evaluated the sensitization profiles of 104 patients with self-reported PFAS, focusing on crude extracts and major allergenic components of pollen and nuts. In addition, the presence of cross-reactive carbohydrate determinants (CCDs) was tested to determine if the specific immunoglobulin E (sIgE) detection of these plant allergens was influenced by non-specific reactions causing false positives. Furthermore, we conducted serum inhibition assays to explore the cross-reactivity between pollen and nut allergens. The majority of PFAS patients were from northern China, where sensitization to weed pollen, particularly mugwort, was more prevalent than to tree pollen or grass pollens. Hazelnut and walnut were identified as the most frequently sensitizing nut allergens, whereas sensitization rates to other nuts were markedly lower. CRD combined with serum inhibition assays demonstrated a common cross-sensitization between pollen and nut allergens. Notably, the hazelnut component Cor a 1-sIgE was significantly inhibited by birch pollen and its component Bet v 1, while Cor a 8-sIgE showed effective inhibition by mugwort pollen and its component Art v 3. This is the first study to comprehensively evaluate nut sensitization and its key allergenic components in Chinese PFAS patients, confirming substantial cross-sensitization with pollen allergens. Specifically, birch and mugwort pollen significantly inhibited IgE binding to hazelnut. These findings provide component-resolved insights into the prevalence and mechanisms of nut allergies in China, enhancing our understanding of the allergenic landscape and informing clinical diagnosis and management strategies.",Luo Wenting; Zheng Xianhui; Zhang Jiale; Li Aoli; Wu Jing,Respiratory medicine,2025,10.1016/j.rmed.2025.108365
37084670,Smouldering to treat PFAS in sewage sludge.,"Wastewater treatment plants are accumulation points for per- and polyfluoroalkyl substances (PFAS), and are threfore important facilities for PFAS treatment. This study explored using smouldering combustion to treat PFAS in sewage sludge. Base case experiments at the laboratory scale (LAB) used dried sludge mixed with sand. High moisture content (MC) LAB tests, 75% MC sludge by mass, explored impacts of MC on treatment and supplemented with granular activated carbon (GAC) to achieve sufficient temperatures for thermal destruction of PFAS. Additional LAB tests explored using calcium oxide (CaO) to support fluorine mineralization. Further tests performed at an oil-drum scale (DRUM) assessed scale on PFAS removal. Pre-treatment sludge and post-treatment ash samples from all tests were analyzed for 12 PFAS (2C-8C). Additional emissions samples were collected from all LAB tests and analyzed for 12 PFAS and hydrogen fluoride. Smouldering removed all monitored PFAS from DRUM tests, and 4-8 carbon chain length PFAS from LAB tests. For base case tests, PFOS and PFOA were completely removed from sludge; however, high contents in the emissions (79-94% of total PFAS by mass) showed volatilization without degradation. Smouldering high MC sludge at ∼ 900 °C (30 g GAC/kg sand) improved PFAS degradation compared to treatment below 800 °C (<20 g GAC/kg sand). Addition of CaO before smouldering reduced PFAS content in emissions by 97-99% by mass; with minimal PFAS retained in the ash and minimal hydrofluoric acid (HF) production, as the fluorine from the PFAS was likely mineralized in the ash. Co-smouldering with CaO had dual benefits of removing PFAS while minimizing other hazardous emission by-products.",Fournie T; Rashwan T L; Switzer C; Gerhard J I,"Waste management (New York, N.Y.)",2023,10.1016/j.wasman.2023.04.008
40300710,Per- and polyfluoroalkyl substances as potentiators of hepatotoxicity in an exposome framework: Current challenges of environmental toxicology.,"Chronic liver diseases, including metabolic dysfunction-associated steatosic liver disease (MASLD) and hepatocellular carcinoma (HCC), are on the rise, potentially due to daily exposure to complex mixtures of chemical compounds forming part of the exposome. Understanding the mechanisms involved in hepatotoxicity of these mixtures is essential to identify common molecular targets that may highlight potential interactions at the molecular level. We illustrated this issue with two families of environmental contaminants, per- and polyfluoroalkyl substances (PFAS) and heterocyclic aromatic amines (HAAs), both of which could be involved in the progression of chronic liver diseases, and whose toxicity may be potentiated by interactions at the level of xenobiotic metabolism. In the study of exposome effects on chronic liver disease, New Approach Methodologies (NAMs) including omics analyses and data from various in vitro, in vivo and in silico approaches, are crucial for improving predictivity of toxicological studies in humans while reducing animal experimentation. Additionally, the development of complex in vitro human liver cell models, such as organoids, is essential to avoid interspecies differences that minimize the risk for humans. All together, these approaches will contribute to construct Adverse Outcome Pathways (AOPs) and could be applied not only to PFAS mixtures but also to other chemical families, providing valuable insights into mixture hepatotoxicity prediction in the study of the exposome. A better understanding of toxicological mechanisms will clarify the role of environmental contaminant mixtures in the development of MASLD and HCC, supporting risk assessment for better treatment, monitoring and prevention strategies.",Choi Minna A; Rose Sophie; Langouët Sophie,Toxicology,2025,10.1016/j.tox.2025.154167
37572494,PPARα/ACOX1 as a novel target for hepatic lipid metabolism disorders induced by per- and polyfluoroalkyl substances: An integrated approach.,"Per- and polyfluoroalkyl substances (PFAS) are persistent and ubiquitous environmental contaminants with well-documented hepatotoxicity. However, the mechanistic linkage between PFAS exposure and non-alcoholic fatty liver disease (NAFLD) remains largely elusive. This study aimed to explore PFAS-to-NAFLD link and the relevant molecular mechanisms. The cross-sectional analyses using National Health and Nutrition Examination Survey (NHANES) data were conducted to investigate the association between PFAS exposure and NAFLD. A combination of in silico toxicological analyses, bioinformatics approaches, animal experiments, and in vitro assays was used to explore the molecular initiating events (MIEs) and key events (KEs) in PFAS-induced hepatic lipid metabolism disorders. The cross-sectional analyses with NHANES data revealed the significant association between PFAS exposure and hepatic steatosis/NAFLD. The in silico toxicological analyses showed that PPARα activation induced by perfluorooctanoic acid (PFOA) and perfluorooctane sulfonic acid (PFOS), prototypical representatives of PFAS, is the critical MIE associated with NAFLD-predominant liver diseases. Transcriptome-based bioinformatic annotation and analyses identified that transcriptional upregulation of hepatic acyl-CoA oxidase 1 (ACOX1) in PPARα-regulated peroxisomal β-oxidation pathway was the KE involved with PFOA/PFOS-perturbed hepatic lipid metabolic pathways in humans, mice and rats. The in vivo and in vitro assays further verified that ACOX1-mediated oxidative stress contributed to mitochondrial compromise and lipid accumulation in PFOA/PFOS-exposed mouse hepatocytes, which could be mitigated by co-treatment with ACOX1 inhibitor and mitochondria ROS scavenger. Additionally, we observed that besides PFOA and PFOS, hepatic ACOX1 exhibited good-fit response to short-term exposures of long-chain (C7-C10) perfluoroalkyl carboxylic acids (PFHpA, PFNA, PFDA) and perfluoroalkyl sulfonic acids (PFHpS, PFDS) in human hepatocyte spheroids through benchmark dose (BMD) modeling. Our study unveils a novel molecular target for PFAS-induced hepatic lipid metabolic disorders, shedding new light on prediction, assessment, and mitigation of PFAS hepatotoxicity.",Yang Wang; Ling Xi; He Shijun; Cui Haonan; Yang Zeyu,Environment international,2023,10.1016/j.envint.2023.108138
39195641,Per- and Polyfluoroalkyl Substances (PFASs) and Their Potential Effects on Female Reproductive Diseases.,"Per- and polyfluoroalkyl substances (PFASs) are a class of anthropogenic organic compounds widely present in the natural and human living environments. These emerging persistent pollutants can enter the human body through multiple channels, posing risks to human health. In particular, exposure to PFASs in women may cause a series of reproductive health hazards and infertility. Based on a review of the existing literature, this study preliminarily summarizes the effects of PFAS exposure on the occurrence and development of female reproductive endocrine diseases, such as polycystic ovary syndrome (PCOS), endometriosis, primary ovarian insufficiency (POI), and diminished ovarian reserve (DOR). Furthermore, we outline the relevant mechanisms through which PFASs interfere with the physiological function of the female ovary and finally highlight the role played by nutrients in reducing the reproductive health hazards caused by PFASs. It is worth noting that the physiological mechanisms of PFASs in the above diseases are still unclear. Therefore, it is necessary to further study the molecular mechanisms of PFASs in female reproductive diseases and the role of nutrients in this process.",Yi Yuqing; Feng Yang; Shi Yuechen; Xiao Jiaming; Liu Ming,Toxics,2024,10.3390/toxics12080539
39978619,Association between PFAS exposure and metabolic-related biomarkers in Spanish adolescents.,"Per- and polyfluoroalkyl substances (PFAS) exert endocrine disruptive effects on the endocrine-metabolic axis. Emerging knowledge suggests that kisspeptin may play a key role in these effects. To assess the cross-sectional association of blood PFAS concentrations with kisspeptin levels, KISS1 gene DNA methylation, and metabolic-related biomarkers in adolescent males from the Spanish INMA-Granada cohort. Seven PFAS and twelve biomarkers (glucose-GLU, total cholesterol-TC, triglycerides, LDL, HDL, ALP, AST, ALT, GGT, total bilirubin-BILT, direct bilirubin-BILD, and urea) were measured in plasma and serum, respectively, from 129 adolescent males (15-17 yrs). Systolic and diastolic blood pressure (SBP, DBP), pulse, z-scored body mass index, kisspeptin protein levels (n = 104) and whole blood KISS1 DNA methylation (n = 117) were determined. Linear regression models, weighted quantile sum (WQS), and Bayesian kernel machine (BKMR) were fit. PFHpA was associated with lower GLU levels [% change per log-unit increase in plasma concentrations (95%CI) = -4.73 (-8.98;-0.28)], and PFUnDA with higher GLU, TC, and HDL levels. In models adjusted by kisspeptin level, PFOS was associated with higher SBP [3.42 (-0.12; 7.09)]. Additionally, PFNA and total PFAS concentrations were associated with higher kisspeptin levels [3.91 (0.55; 7.37) and 6.14 (0.47; 12.13), respectively]. Mixture models showed that combined PFAS exposure was associated with higher HDL, lower hepatic biomarkers (ALT, BILD) and higher kisspeptin levels. Certain PFAS (e.g. PFUnDA) and their mixture were associated with metabolic-related biomarkers, mainly GLU, HDL, and SBP. These associations may be influenced by kisspeptin levels. More studies are needed to verify these observations.",Rodriguez-Carrillo Andrea; Vela-Soria Fernando; Smagulova Fatima; Fernández Mariana F; Freire Carmen,Environmental research,2025,10.1016/j.envres.2025.121171
40482803,Per- and polyfluoroalkyl substances and associated proteomic biomarker patterns of immuno-suppression and cell-proliferation in an adolescent population from Northern Norway: The Fit Futures Study.,"Per- and polyfluoroalkyl substances (PFAS) are stable man-made chemicals which are extensively used in the production of common consumer products. High human exposure has been associated with immunotoxicity. This study aimed to explore the relationship between PFAS exposure and proteomic biomarkers in a cross-sectional cohort of an adolescent population in northern Norway. This study included 839 adolescents. The serum concentration of 18 PFAS and 92 proteomic biomarkers were measured. Eight PFAS and 75 biomarkers were detected in >70 % of the sample population, respectively. This study investigated these eight PFAS and 75 biomarkers. Factor analysis (FA) was used to reduce the dimensionality of the 75 biomarkers into factors/patterns. We applied a multivariate regression modelling by fitting factors as dependent variables with each of the PFAS as independent variables in separate models. Of the five factors extracted by the FA, Factor 2 loaded 10 biomarkers crucial in the development of innate and adaptive immunity. Factor 3 loaded five biomarkers which are important in mitogenic, cell-proliferation, and inflammation processes. Perfluorooctanesulfonate (PFOS), perfluoroundecanoate (PFUnDA), and perfluoroheptane sulfonate (PFHpS) were inversely associated with Factor 2: PFOS, (β = -0.26 [95 % CI -0.42, -0.11]); PFUnDA, (β = -0.20 [95 % CI -0.30, -0.10]); and PFHpS, (β = -0.17 [95 % CI -0.28, -0.05]); while perfluorooctanoate (PFOA) was positively associated with Factor 3: PFOA, (β = 0.28 [95 % CI 0.12, 0.44]). Exposure to PFOS, PFUnDA, and PFHpS were associated with biomarkers related to immunosuppression, while exposure to PFOA was associated with biomarkers related to carcinogenesis.",Oyeyemi Sunday Oluwafemi; Averina Maria; Huber Sandra; Charles Dolley; Furberg Anne-Sofie,Environmental research,2025,10.1016/j.envres.2025.122096
39159514,A novel molecular pathway of lipid accumulation in human hepatocytes caused by PFOA and PFOS.,"Exposed to ubiquitously perfluorooctanoic acid (PFOA) and perfluorooctane sulfonate (PFOS) has been associated with non-alcoholic fatty liver disease (NAFLD), yet the underlying molecular mechanism remains elusive. The extrapolation of empirical studies correlating per- and polyfluoroalkyl substance (PFAS) exposure with NAFLD occurrence to real-life exposure was hindered by the limited availability of mechanistic data at environmentally relevant concentrations. Herein, a novel pathway mediating hepatocyte lipid accumulation by PFOA and PFOS at human-relevant dose (<10 μM) was identified by integrating CRISPR-Cas9 genome screening, concentration-dependent transcriptional assay in HepG2 cell and epidemiological data mining. 1) At genetic level, nudt7 showed the highest enriched potency among 569 NAFLD-related genes, and the transcription of nudt7 was significantly downregulated by PFOA and PFOS exposure (<7 μM). 2) At molecular pathway, upon exposure to ≤10",Gou Xiao; Tian Mingming; Yan Lu; Xia Pu; Ji Huimin,Environment international,2024,10.1016/j.envint.2024.108962
37548167,Chemical Tailoring of β-Cyclodextrin-Graphene Oxide for Enhanced Per- and Polyfluoroalkyl Substances (PFAS) Adsorption from Drinking Water.,"We report on the synthesis of β-cyclodextrin (βCD) modified graphene oxide (GO) nanosheets, having different sized alkyl linkers (GO-C",Tunioli Francesca; Marforio Tainah D; Favaretto Laura; Mantovani Sebastiano; Pintus Angela,"Chemistry (Weinheim an der Bergstrasse, Germany)",2023,10.1002/chem.202301854
40791616,Serum levels of per- and polyfluoroalkylated substances and methylation of DNA from peripheral blood.,"Perfluorooctanoic acid (PFOA) and Perfluorooctane sulfonate (PFOS) are among numerous chemicals in the Per- and polyfluoroalkylated substances (PFAS) group, which are commonly present in various consumer and industrial products. These chemicals are recognized for their persistency, the ability to accumulate in biological systems and their documented adverse effects on human health. Previous research, which has primarily centered on global methylation patterns, has suggested that some effects of PFAS on human health may be linked to modifications in DNA methylation (DNAm). The aim of our study was to assess the relationship between the serum levels of PFOS and PFOA and CpG site-specific methylation of DNA from peripheral blood. We used a case-control study on breast cancer nested within the E3N cohort, a prospective study of French women, in which we measured DNAm at more than 850,000 CpG sites with the Illumina Infinium MethylationEPIC BeadChip for 166 case-control pairs. Serum levels of PFOS and PFOA were measured by liquid chromatography coupled to tandem mass spectrometry. We found 64 CpG sites with significant hypomethylation or hypermethylation associated with increased levels of PFOA or PFOS ( PFAS exposure may be linked to substantial and widespread changes in the methylome that may be involved in the consequences on health of these pollutants. Our findings indicate that the biological and health effects of PFOA and PFOS may be more intricate and varied than previously thought, reinforcing the need for policies aimed at regulating this class of endocrine-disrupting chemicals.",Omichessan Hanane; Dragic Dzevka; Perduca Vittorio; Truong Thérèse; Polidoro Silvia,Frontiers in public health,2025,10.3389/fpubh.2025.1621495
38860629,Technology acceptance of the PFAS Guide among European companies.,"In 2023, European governments submitted a proposal to comprehensively ban per- and polyfluoroalkyl substances (PFAS), prompting a shift toward PFAS-free alternatives. However, recent research has emphasized the need for an integrated approach to chemical assessment and environmental management rather than abrupt PFAS substitution, as alternatives may pose similar or greater risks. The PFAS Guide was developed to aid corporations in this critical transition. Its goal is to simplify PFAS identification, safe substitution, and gradual elimination. This study applies the Technology Acceptance Model (TAM) to assess how perceived usefulness (PU) and ease of use of the PFAS Guide impact corporate intentions to adopt it. Our analysis, based on responses from 104 European companies, demonstrates a positive link between PU, ease of use, and a company's intent to adopt the PFAS Guide. This underscores the importance of corporations perceiving the PFAS Guide as a valuable and user-friendly resource, given its substantial impact on PFAS phase-out. Descriptive statistics revealed an interesting finding: 51.9% of the participants fell into the ""other"" group, as outlined in the PFAS Guide. This raises questions regarding the grouping of companies into various sectors. Based on our results, we propose improvements to the PFAS Guide by broadening sector representation to encompass a more diverse range of industries with sector-specific guidance, ensuring content relevance, and accentuating user experience using interactive resources. Future research should focus on the actual adoption and use of the guide to gain deeper insights into adoption rates and long-term PFAS Guide utilization. Furthermore, additional investigations should incorporate subgroup analyses, data triangulation, and a longitudinal approach to enhance our understanding of the factors that support and hinder integrated chemical assessment and environmental management. These research efforts are pivotal in guiding chemical policy and management practices, contributing to a PFAS-free future. Integr Environ Assess Manag 2024;20:2175-2188. © 2024 The Author(s). Integrated Environmental Assessment and Management published by Wiley Periodicals LLC on behalf of Society of Environmental Toxicology & Chemistry (SETAC).",Zheng Gina; Onencan Abby Muricho,Integrated environmental assessment and management,2024,10.1002/ieam.4968
40233626,PFAS in Iowa drinking water sources: Chemical and geospatial patterns.,"Per- and polyfluoroalkyl substances (PFAS) are toxic, persistent, and ubiquitous contaminants which are harmful to the environment and human health. We analyzed publicly accessible records of PFAS concentrations in surface water and groundwater used for public drinking water supplies across the state of Iowa, along with groundwater from private wells near suspected contamination sources. We analyzed these data using the Mann-Whitney U test, principal component analysis, analysis of variance, and Tukey's honestly significant difference test to identify contamination patterns at the regional and local scale. Results indicate that surface water sources across the state are much more likely to contain PFAS than groundwater sources (i.e., 94 % vs. 30 %), but among contaminated public water sources, groundwater has a higher average total PFAS concentration than surface water (i.e., 43.9 ng/L vs. 9.8 ng/L). Two short-chain PFAS (PFBA and PFPeA) dominate surface water sources across the state apart from the Mississippi River, which contains elevated concentrations of PFOS and PFOA. The Mississippi River also influences groundwater within the breadth of its floodplain and associated alluvial aquifer; most groundwater under the influence of the Mississippi River has a similar PFAS fingerprint to the river itself and contains greater concentrations of PFBA than is typical of contaminated groundwaters located outside the influence of the river. Case studies from public and private wells in four PFAS-impacted communities further illustrate that despite regional-scale patterns, PFAS contamination of non-alluvial groundwater often reflects highly local point sources, including firefighting activities and fluorochemical manufacturing, storage, or use. These results demonstrate the utility of regional analyses for characterizing PFAS threats to water supplies and contextualizing local PFAS data in spite of complex source mixtures and fate and transport behavior.",Dilparic Daria; Graesch Matthew; Hruby Claire; Charbonnet Joseph A,The Science of the total environment,2025,10.1016/j.scitotenv.2025.179397
35113710,Per- and polyfluoroalkyl substances in the environment.,"Over the past several years, the term PFAS (per- and polyfluoroalkyl substances) has grown to be emblematic of environmental contamination, garnering public, scientific, and regulatory concern. PFAS are synthesized by two processes, direct fluorination (e.g., electrochemical fluorination) and oligomerization (e.g., fluorotelomerization). More than a megatonne of PFAS is produced yearly, and thousands of PFAS wind up in end-use products. Atmospheric and aqueous fugitive releases during manufacturing, use, and disposal have resulted in the global distribution of these compounds. Volatile PFAS facilitate long-range transport, commonly followed by complex transformation schemes to recalcitrant terminal PFAS, which do not degrade under environmental conditions and thus migrate through the environment and accumulate in biota through multiple pathways. Efforts to remediate PFAS-contaminated matrices still are in their infancy, with much current research targeting drinking water.",Evich Marina G; Davis Mary J B; McCord James P; Acrey Brad; Awkerman Jill A,"Science (New York, N.Y.)",2022,10.1126/science.abg9065
28818342,Novel treatment technologies for PFAS compounds: A critical review.,"Perfluorinated compounds such as perfluorooctane sulfonate (PFOS) and perfluorooctanoic acid (PFOA) have recently drawn great attention due to their wide distribution in aquatic environments. The understanding of the physicochemical properties and fate and transport of PFAs in groundwater is still limited. Preliminary studies indicate that these compounds can readily bioaccumulate and pose human and animal health concerns. Due to their physicochemical properties, PFOS and PFOA are water soluble, nonvolatile and persistent in the environment, which is a cause of concern related to their treatment with conventional remediation technologies. Extraction with inefficient carbon adsorption is one of the most common treatment technologies for remediation of PFOS- or PFOA-impacted groundwater. Several other innovative and promising technologies, including sonochemistry, bioremediation and photolysis, have been tested for their effectiveness in removal of perfluorinated compounds. This paper provides a baseline for understanding research needs to better develop treatment technologies for PFOA and PFOS in groundwater. Frontiers for improving the state of practice for PFOA and PFOS treatment include the development of more cost-effective ex situ treatment methods and the development and demonstration of promising in situ treatment technologies at the pilot and full scale.",Kucharzyk Katarzyna H; Darlington Ramona; Benotti Mark; Deeb Rula; Hawley Elisabeth,Journal of environmental management,2017,10.1016/j.jenvman.2017.08.016
38039821,Per- and polyfluoroalkyl substance (PFAS) removal from soil washing water by coagulation and flocculation.,"Soil washing is currently attracting attention as a promising remediation strategy for land contaminated with per- and polyfluoroalkyl substances (PFAS). In the soil washing process, the contaminant is transferred from the soil into the liquid phase, producing a PFAS contaminated process water. One way to treat such process water is to use coagulation and flocculation; however, few studies are available on the performance of coagulation and flocculation for removing PFAS from such process water. This study evaluated 6 coagulants and flocculants (polyaluminium chloride (PACl), zirconium oxychloride octahydrate, cationic and anionic polyacrylamide, Polyclay 685 and Perfluor Ad®), for the treatment of a proxy PFAS contaminated washing water, spiked with PFAS concentrations found at typical Aqueous Film Forming Foam (AFFF) contaminated sites. PFAS removal efficiencies (at constant pH) varied greatly depending on the coagulants and flocculants, as well as the dosage used and the targeted PFAS. All tested coagulants and flocculants reduced the turbidity by >95%, depending on the dosage. Perfluor Ad®, a specially designed coagulant, showed the highest removal efficiency for all longer chain (>99%) and shorter chain PFAS (>68%). The cationic polyacrylamide polymer removed longer chain PFAS up to an average of 80%, whereas average shorter chain PFAS removal was lower (<30%). The two metal-based coagulants tested, PACl and zirconium, removed longer chain PFAS by up to an average of 61% and shorter chain PFAS up to 48%. Polyclay 685, a mixture of powdered activated carbon (PAC) and aluminium sulphate, removed longer chain PFAS by 90% and shorter chain PFAS on average by 76%, when very high dosages of the coagulant were used (2,000 mg/L). PFAS removal efficiencies correlated with chain length and headgroup. Shorter chain PFAS removal was dependent on electrostatic interaction with the precipitating flocs, whereas for longer chain PFAS, hydrophobic interactions between apolar functional groups and flocs created by the coagulant/flocculant, dissolved organic matter and suspended solids played a major role. The results of this study showed that by selecting the most efficient coagulant and aqueous conditions, a greater amount of PFAS can be removed from process waters in soil washing facilities, and thus included as part of various treatment trains.",Hubert Michel; Meyn Thomas; Hansen Mona Cecilie; Hale Sarah E; Arp Hans Peter H,Water research,2024,10.1016/j.watres.2023.120888
41608197,PFAS Alter Thyroid Histology and Cellular Signaling ,"Perfluoroalkyl and polyfluoroalkyl substances (PFAS) are toxicants of emerging concern due to their abundance in the environment and potential adverse health effects. PFAS are used in waterproof clothing, makeup, carpets, upholstery, cookware, and fast-food containers. Due to their universal use, they are found globally in the water supply. In fact, these organic pollutants have been found in the blood of 98% of Americans and have been linked to disruption in thyroid hormone biosynthesis and availability. Moreover, several studies have shown that cancer patients may have an increase in PFAS levels and that PFAS exposure increases thyroid cancer risk. Demonstration of concrete PFAS-mediated alterations in thyroid histology and function could have far-reaching implications. To understand the effects of PFAS on thyroid histology, we used a PFAS feeding model with a combination of 3 PFAS compounds (PFOS, PFOA, and GenX) vs control. Mice receiving PFAS treatment showed altered thyroid architecture and cell structure following PFAS exposure. RNA-sequencing data revealed several alterations in gene expression and multiple signaling pathways were dysregulated. Understanding the role of PFAS-mediated toxicity in the thyroid is critically important for the prevention of thyroid disease in the general population.",Hartmann Heather A; Caroland Kailey P; Tumbic Goran W; Rampy Jessica; Chen Hua-Chang,Journal of the Endocrine Society,2026,10.1210/jendso/bvaf210
32822535,Remediation of PFAS-Contaminated Soil and Granular Activated Carbon by Smoldering Combustion.,"This study explored smoldering combustion for remediating polyfluoroalkyl substance (PFAS)-impacted granular activated carbon (GAC) and PFAS-contaminated soil. GAC, both fresh and PFAS-loaded, was employed as the supplemental fuel supporting smoldering in mixtures with sand (≈175 mg PFAS/kg GAC-sand), with PFAS-spiked, laboratory-constructed soil (≈4 mg PFAS/kg soil), and with a PFAS-impacted field soil (≈0.2 mg PFAS/kg soil). The fate of PFAS and fluorine was quantified with soil and emission analyses, including targeted PFAS and suspect screening as well as hydrogen fluoride and total fluorine. Results demonstrated that exceeding 35 g GAC/kg soil resulted in self-sustained smoldering with temperatures exceeding 900 °C. Post-treatment PFAS concentrations of the treated soil were near (2 experiments) or below (7 experiments) detection limits (0.0004 mg/kg). Further, 44% of the initial PFAS on GAC underwent full destruction, compared to 16% of the PFAS on soil. Less than 1% of the initial PFAS contamination on GAC or soil was emitted as PFAS in the quantifiable analytical suite. Results suggest that the rest were emitted as altered, shorter-chain PFAS and volatile fluorinated compounds, which were scrubbed effectively with GAC. Total organic fluorine analysis proved useful for PFAS-loaded GAC in sand; however, analyzing soils suffered from interference from non-PFAS. Overall, this study demonstrated that smoldering has significant potential as an effective remediation technique for PFAS-impacted soils and PFAS-laden GAC.",Duchesne Alexandra L; Brown Joshua K; Patch David J; Major David; Weber Kela P,Environmental science & technology,2020,10.1021/acs.est.0c03058
33951855,"PFAS and their substitutes in groundwater: Occurrence, transformation and remediation.","Poly- and perfluoroalkyl substances (PFAS) are increasingly investigated due to their global occurrence and potential human health risk. The ban on PFOA and PFOS has led to the use of novel substitutes such as GenX, F-53B and OBS. This paper reviews the studies on the occurrence, transformation and remediation of major PFAS i.e. PFOA, PFNA, PFBA, PFOS, PFHxS, PFBS and the three substitutes in groundwater. The data indicated that PFOA, PFBA, PFOS and PFBS were present at high concentrations up to 21,200 ng L",Xu Bentuo; Liu Shuai; Zhou John L; Zheng Chunmiao; Weifeng Jin,Journal of hazardous materials,2021,10.1016/j.jhazmat.2021.125159
37884429,Per- and polyfluoroalkyl substances (PFAS) exposure and thyroid cancer risk.,"Although per- and polyfluoroalkyl substances (PFAS) exposure is a potential contributor to the increasing thyroid cancer trend, limited studies have investigated the association between PFAS exposure and thyroid cancer in human populations. We therefore investigated associations between plasma PFAS levels and thyroid cancer diagnosis using a nested case-control study of patients with thyroid cancer with plasma samples collected at/before cancer diagnosis. 88 patients with thyroid cancer using diagnosis codes and 88 healthy (non-cancer) controls pair-matched on sex, age (±5 years), race/ethnicity, body mass index, smoking status, and year of sample collection were identified in the BioMe population (a medical record-linked biobank at the Icahn School of Medicine at Mount Sinai in New York); 74 patients had papillary thyroid cancer. Eight plasma PFAS were measured using untargeted analysis with liquid chromatography-high resolution mass spectrometry and suspect screening. Associations between individual PFAS levels and thyroid cancer were evaluated using unconditional logistic regression models to estimate adjusted odds ratios (OR There was a 56% increased rate of thyroid cancer diagnosis per doubling of linear perfluorooctanesulfonic acid (n-PFOS) intensity (OR This study reports associations between exposure to PFAS and increased rate of (papillary) thyroid cancer. Thyroid cancer risk from PFAS exposure is a global concern given the prevalence of PFAS exposure. Individual PFAS studied here are a small proportion of the total number of PFAS supporting additional large-scale prospective studies investigating thyroid cancer risk associated with exposure to PFAS chemicals. National Institutes of Health grants and The Andrea and Charles Bronfman Philanthropies.",van Gerwen Maaike; Colicino Elena; Guan Haibin; Dolios Georgia; Nadkarni Girish N,EBioMedicine,2023,10.1016/j.ebiom.2023.104831
40578111,Strong bioaccumulation of a wide variety of PFAS in a contaminated terrestrial and aquatic ecosystem.,"The widespread use of Per- and Poly Fluorinated Substances (PFAS) in a multitude of industrial and consumer applications, together with their persistence and mobility, has led to global contamination of the abiotic and biotic environment. Nevertheless, important knowledge gaps remain concerning PFAS occurrence and bioaccumulation, with studies tending to focus either on aquatic or on terrestrial ecosystems, with a bias towards the aquatic environment. The aim of the present study was therefore to investigate the distribution and bioaccumulation of various PFAS in a contaminated terrestrial and aquatic ecosystem. Subsequently, it was examined if the calculated bioaccumulation factors are related to PFAS molecular descriptors. Abiotic and biotic samples were collected from the aquatic and terrestrial compartments of a PFAS contaminated ecosystem and screened for 44 compounds. PFAS were present in all environmental compartments with varying profiles and concentrations. Generally, higher concentrations were found in aquatic than in terrestrial biota as well as in animals compared to plants. Biota-to-soil and biota-to-sediment accumulation factors (BSAFs) demonstrated a strong bioaccumulation of PFAS, reaching 96,708 kg sediment/kg biota. Similarly, a high bioconcentration potential from water was observed, with bioconcentration factors (BCFs) reaching 55,597 L water/kg biota. The membrane-water partition coefficient (K",Gkika Ioanna S; Arie Vonk J; Ter Laak Thomas L; van Gestel Cornelis A M; Dijkstra Jildou,Environment international,2025,10.1016/j.envint.2025.109629
36334029,Thermochemistry of per- and polyfluoroalkyl substances.,"The determination of gas phase thermochemical properties of per- and polyfluoroalkyl substances (PFAS) is central to understanding the long-range transport behavior of PFAS in the atmosphere. Prior gas-phase studies have reported the properties of perfluorinated sulfonic acid (PFOS) and perfluorinated octanoic acid (PFOA). Here, this study reports the gas phase enthalpies of formation of short- and long-chain PFAS and their precursor molecules determined using density functional theory (DFT) and ab initio approaches. Two density functionals, two ab initio methods and an empirical method were used to compute enthalpies of formation with the total atomization approach and an isogyric reaction. The performance of the computational methods employed in this work were validated against the experimental enthalpies of linear alkanoic acids and perfluoroalkanes. The gas-phase determinations will be useful for future studies of PFAS in the atmosphere, and the methodological choices will be helpful in the study of other PFAS.",Melin Timothé R L; Harell Preston; Ali Betoul; Loganathan Narasimhan; Wilson Angela K,Journal of computational chemistry,2023,10.1002/jcc.27023
34774661,"Per- and poly-fluoroalkyl substances (PFAS) and female reproductive outcomes: PFAS elimination, endocrine-mediated effects, and disease.","Per- and poly-fluoroalkyl substances (PFAS) are widespread environmental contaminants frequently detected in drinking water supplies worldwide that have been linked to a variety of adverse reproductive health outcomes in women. Compared to men, reproductive health effects in women are generally understudied while global trends in female reproduction rates are declining. Many factors may contribute to the observed decline in female reproduction, one of which is environmental contaminant exposure. PFAS have been used in home, food storage, personal care and industrial products for decades. Despite the phase-out of some legacy PFAS due to their environmental persistence and adverse health effects, alternative, short-chain and legacy PFAS mixtures will continue to pollute water and air and adversely influence women's health. Studies have shown that both long- and short-chain PFAS disrupt normal reproductive function in women through altering hormone secretion, menstrual cyclicity, and fertility. Here, we summarize the role of a variety of PFAS and PFAS mixtures in female reproductive tract dysfunction and disease. Since these chemicals may affect reproductive tissues directly or indirectly through endocrine disruption, the role of PFAS in breast, thyroid, and hypothalamic-pituitary-gonadal axis function are also discussed as the interplay between these tissues may be critical in understanding the long-term reproductive health effects of PFAS in women. A major research gap is the need for mechanism of action data - the targets for PFAS in the female reproductive and endocrine systems are not evident, but the effects are many. Given the global decline in female fecundity and the ability of PFAS to negatively impact female reproductive health, further studies are needed to examine effects on endocrine target tissues involved in the onset of reproductive disorders of women.",Rickard Brittany P; Rizvi Imran; Fenton Suzanne E,Toxicology,2022,10.1016/j.tox.2021.153031
38481605,Review of per- and polyfluoroalkyl substances (PFAS) bioaccumulation in earthworms.,"Per- and polyfluoroalkyl substances (PFAS) are widely used across the globe in commercial products such textiles, firefighting foams, and surface coatings. Some PFAS, such as perfluorooctane sulfonic acid (PFOS) and perfluorooctanoic acid (PFOA), are known to be bioaccumulative. Numerous terrestrial ecosystems including sites near PFAS manufacturing facilities, facilities using PFAS in their manufacturing processes, firefighting training areas, landfills, and agricultural fields treated with some pesticide formulations, have been contaminated with PFAS. Earthworms reside at the base of the terrestrial food chain and to perform risk assessments at terrestrial sites contaminated with PFAS, information on the bioaccumulation of PFAS is needed. To understand the bioaccumulation of PFAS by earthworms, a literature search was performed, and biota-soil accumulation factors (BSAFs), measured in laboratory tests and at field sites contaminated with PFAS, were assembled and evaluated in this review. Based on this review, we conclude that there is enough data available for carboxylic and sulfonic acid PFAS classes to derive useful BSAFs for terrestrial risk assessments. Laboratory tests with PFOS and PFOA will be close to or at steady-state conditions with standardized testing protocols, and for the longer chain carboxylic and sulfonic acids, it is unlikely they will reach steady-state with the completion of the uptake exposure. For PFAS classes beyond the carboxylic and sulfonic acids, data are limited and performing terrestrial risk assessments with these PFAS will be difficult. Lastly, additional measurements are needed for non-acid PFAS classes as well as from field settings for all PFAS classes. Across all studies, PFOS and PFOA had average (standard deviation, count) BSAFs (kg-OC/kg-ww) of 0.167 (0.311, 60) and 0.0413 (0.175, 47), respectively.",Burkhard Lawrence P; Votava Lauren K,Environmental advances,2022,10.1016/j.envadv.2022.100335
39767456,Environmental Exposure to Per- and Polyfluorylalkyl Substances (PFASs) and Reproductive Outcomes in the General Population: A Systematic Review of Epidemiological Studies.,"This Preferred Reporting Items for Systematic Reviews and Meta-Analyses (PRISMA) systematic review synthesized effects of background levels of per- and polyfluorylalkyl substance (PFAS) levels on reproductive health outcomes in the general public: fertility, preterm birth, miscarriage, ovarian health, menstruation, menopause, sperm health, and in utero fetal growth. The inclusion criteria included original research (or primary) studies, human subjects, and investigation of outcomes of interest following non-occupational exposures. It drew from four databases (Web of Science, PubMed, Embase and Health and Environmental Research Online (HERO)) using a standardized search string for all studies published between 1 January 2017 and 13 April 2022. Risk of bias was assessed by two independent reviewers. Data were extracted and reviewed by multiple reviewers. Each study was summarized under its outcome in terms of methodology and results and placed in context, with recommendations for future research. Of 1712 records identified, 30 were eligible, with a total of 27,901 participants (33 datasets, as three studies included multiple outcomes). There was no effect of background levels of PFAS on fertility. There were weakly to moderately increased odds of preterm birth with higher perfluorooctane sulfonic acid (PFOS) levels; the same for miscarriage with perfluorooctanoic acid (PFOA) levels. There was limited yet suggestive evidence for a link between PFAS and early menopause and primary ovarian insufficiency; menstrual cycle characteristics were inconsistent. PFAS moderately increased odds of PCOS- and endometriosis-related infertility, respectively. Sperm motility and DNA health were moderately impaired by multiple PFAS. Fetal growth findings were inconsistent. This review may be used to inform forthcoming drinking water standards and policy initiatives regarding PFAS compounds and drinking water. Future reviews would benefit from more recent studies. Larger studies in these areas are warranted. Future studies should plan large cohorts and open access data availability to capture small effects and serve the public. Funding: Great Lakes Water Authority (Detroit, MI), the Erb Family Foundation through Healthy Urban Waters at Wayne State University (Detroit, MI), and Wayne State University CLEAR Superfund Research (NIH P42ES030991).",Haimbaugh Alex; Meyer Danielle N; Connell Mackenzie L; Blount-Pacheco Jessica; Tolofari Dienye,International journal of environmental research and public health,2024,10.3390/ijerph21121615
38772240,Valuing drinking water quality after a PFAS contamination event: Results from a meta-analysis benefit transfer.,"Drawing upon an extensive body of valuation literature focused on water quality, this paper performs a meta-analysis benefit transfer exercise aimed at quantifying willingness to pay (WTP) for an enhancement in drinking water quality for households that have been directly exposed to Perfluoroalkyl Substances (PFAS) over recent decades in Italy. The analysis compiles metadata of 72 WTP estimates extracted from 40 previous valuation studies conducted in advanced economies. The benefit transfer is realized estimating a meta regression model (MRM) which includes both study design and socio-economic explanatory variables, according to the Weak Structural Utility Theoretic approach. To determine the most suitable MRM specification, a comparative evaluation of various model configurations is developed exploiting the Least Absolute Shrinkage and Selection Operator (LASSO) selection criterion, and assessing their predictive performances in terms of transfer error and explanatory power. The mean transfer error (MTE) and the adjusted R-squared of the preferred MRM are in line with past published meta-analyses (0.665 and 0.607, respectively). The parameters estimated in the model align with both economic theory and intuition. The benefit transfer process results in an estimated annual WTP of € 250.80 per household for improved drinking water quality in the PFAS-affected area and an aggregated value of social benefits from PFAS decontamination of around € 12 million.",Pintus Francesco Jacopo,Journal of environmental management,2024,10.1016/j.jenvman.2024.121143
39150893,Associations between per- and polyfluoroalkyl substance exposures and metabolic dysfunction associated steatotic liver disease (MASLD) in adult National Health and Nutrition Examination Survey 2017 to 2018.,"Per- and polyfluoroalkyl substances (PFAS) are persistent organic pollutants previously associated with elevated liver enzymes in human cohorts and steatotic liver disease in animal models. We aimed to evaluate the associations between PFAS exposures, and liver enzymes and vibration controlled transient elastography (VCTE) biomarkers of metabolic dysfunction associated steatotic liver disease (MASLD) in adult National Health and Nutrition Examination Survey (NHANES) 2017 to 2018. VCTE was determined by FibroScan. Serum PFAS (n = 14), measured by mass spectrometry, were analyzed individually and by principal component (PC). Univariate and multivariable associations were determined between PFAS exposures and liver disease outcome variables: alanine aminotransferase (ALT), controlled attenuation parameter (CAP), liver stiffness measurement (LSM), FibroScan-based Score (FAST), using R. About 1,400 participants including 50% women with a mean age of 48 ± 19 years and a mean BMI of 29 ± 7 kg/m2 were analyzed. Four PFAS clustered to PC1, whereas 3 PFAS clustered to PC2. PC1 was significantly associated with ALT (β = 0.028), CAP (β = 0.041), LSM (β = 0.025), and FAST (β = 0.198) in univariate analysis. Individual PFAS exposures were oftentimes inversely associated with these measurements in multivariate analysis. In adult NHANES 2017-2018, PFAS may not be a significant burden for MASLD, because of the inconsistent associations between the environmental PFAS exposures and biomarkers of liver steatosis, inflammation, and fibrosis. More data are required to better understand the relationships between PFAS exposures and liver disease.",Samala Niharika; Kulkarni Manjiri; Lele Rachana S; Gripshover Tyler C; Lynn Wise Jaime,Toxicological sciences : an official journal of the Society of Toxicology,2024,10.1093/toxsci/kfae106
31714993,PFAS Water Contamination Examined.,,Kuehn Bridget,JAMA,2019,10.1001/jama.2019.17263
40283131,Health Impacts of Per- and Polyfluoroalkyl Substances (PFASs): A Comprehensive Review.,"Per- and polyfluoroalkyl substances (PFASs) are among the persistent organic pollutants characterized by their persistence in the environment, high mobility, and adverse impact not only on the ecosystem but also on human health. The biggest challenges in human biomonitoring are the low concentrations of PFASs in biological matrices and the presence of matrix interferents in samples. The combination of liquid chromatography with tandem mass spectrometry (LC-MS/MS) and solid-phase extraction (SPE) as a sample preparation technique appears to be the most suitable solution for achieving the desired selectivity and sensitivity in PFAS determination. The aim of this review is to describe possible sources of PFASs, their presence in various human matrices, analytical methods for determining PFASs in different biological matrices using various pretreatment techniques for complex samples, as well as adverse health risks associated with PFAS exposure. The most studied PFASs include PFOA and PFOS, which are most frequently detected in matrices such as plasma, serum, and breast milk. The average concentrations of PFOA range from 1.0 to 2.6 ng.mL",Mišľanová Csilla; Valachovičová Martina,"Life (Basel, Switzerland)",2025,10.3390/life15040573
37545803,Prenatal exposure to perfluoroalkyl substances and inflammatory biomarker concentrations.,"Per- and polyfluoroalkyl substances (PFAS) are persistent environmental contaminants that induce immunotoxicity in experimental studies; however, epidemiological evidence-particularly during pregnancy-is scarce. We quantified associations between first trimester plasma perfluorooctanoic acid (PFOA), perfluorooctane sulfonate (PFOS), and perfluorohexane sulfonate (PFHxS) concentrations and third trimester concentrations of inflammatory biomarkers and determined if these associations were modified by fetal sex. We analyzed data from 1411 participants, recruited between 2008 and 2011, in the Maternal-Infant Research on Environmental Chemicals study. Our primary outcome was a composite inflammatory index derived by summing the z-scores of eight proinflammatory biomarkers. Using multivariable linear regression models, we quantified associations between each PFAS and the inflammatory index and individual biomarkers. We quantified the effects of the PFAS mixture using weighted quantile sum regression, and evaluated effect modification using product terms and sex-stratified models. Each doubling of PFOA and PFHxS was associated with a 0.38 (95% CI, 0.09, 0.67) and 0.21 (95% CI, 0.01, 0.41) SD increase in the proinflammatory index, respectively. A one-quartile increase in the PFAS mixture was associated with a 0.40 (95% CI, 0.09, 0.71) SD increase in the proinflammatory index. In individual models, we observed positive associations between PFAS and concentrations of monocyte chemoattractant protein-1, macrophage inflammatory protein-1β, and matrix metalloproteinases-9; however, the magnitude and precision varied according to the specific PFAS. Sex-specific findings were identified in few PFAS-biomarker associations. PFOA, PFOS, and PFHxS, individually and as a mixture, were positively associated with proinflammatory biomarkers during pregnancy.",Palaniyandi Jana; Bruin Jennifer E; Kumarathasan Premkumari; MacPherson Susan; Borghese Michael M,"Environmental epidemiology (Philadelphia, Pa.)",2023,10.1097/EE9.0000000000000262
38709413,Safe and sustainable fish and seafood system and per- and poly-fluorinated substances occurrence: the role of PFAS toxicity in the assessment.,"Fish and seafood are valuable sources of both nutrients and organic contaminants. The expansion of the analytical per- and polyfluoroalkyl substances (PFAS) panel with toxicological characterisation necessitates an update of PFAS intake assessment and management within the context of cumulative exposure. Benthic and demersal seafood, such as clams, squid, and cuttlefish, are more prone to contamination with C9-C14 perfluorocarboxylic acids, exhibiting the highest relative potency factors in terms of immunotoxicity, according to the grid recently proposed by the European Commission Scientific Committee on Health, Environment, and Emerging Risk. Based on the Italian food consumption database referring to demersal and benthic biota such as squid, cuttlefish, crustaceans, and clams, a toxicology-based intake scenario was drafted to highlight the relevant contribution of such wild species to PFAS intake, well above the provisional health-based guidance value of 4.4 ng/kg body weight per week. Ensuring consistency between PFAS reduction and substitution policies, environmental quality standards for water bodies, and the issuance of advisories and regulations regarding safe and sustainable intake of fish and seafood is crucial. This is done to prevent a loss of accountability for institutional bodies, which aim to protect fragile (sensitive and vulnerable) groups from PFAS exposure and simultaneously promote 'blue growth' as a sustainable food production system.",Brambilla Gianfranco,Environmental science and pollution research international,2024,10.1007/s11356-024-33550-0
39332255,Remediation of per- and polyfluoroalkyl substances (PFAS) contaminated soil via soil washing with various water-organic solvents.,"The feasibility of soil washing for remediating PFAS-contaminated clay soil using various water-organic solvents was systematically investigated based on the combination of batch and column tests. Batch tests using 22 types of solvents highlighted that 0 % (water) and 5 % solvents could effectively extract PFCAs (≤ C9), while long-chain PFCAs (≥ C10) and PFSAs required 80 % solvents for optimal extraction, with efficiency in the order of EtOH ≤ MeOH < Acetonitrile (ACN), suggesting a strong correlation with carbon chain lengths and functional head groups. Column tests with six selected washing solutions indicated rapid desorption of PFOA and PFOS initially, peaking at liquid-to-solid (L/S) ratios of 3-4 for 0 % and 5 % solutions, and at an L/S ratio of 1 for 80 % solutions. To remediate 1 kg-dry soil to meet the legislatively permissible levels for groundwater in Japan (PFOA + PFOS < 50 ng/L), 11 L of 0 % solution (water) or 5 L of 80 % ACN are required for washing out PFOA, while 62 L of 0 % solution (water) or 53 L of 80 % ACN for PFOS. Future research should address the treatment of PFAS-rich wastewater generated from washing PFAS-contaminated soils and the impacts of washing solutions on soil.",Li Wenjiao; Tanaka Shuhei; Kitaji Yuta; Hashikomi Shutaro; Xu Yiming,Journal of hazardous materials,2024,10.1016/j.jhazmat.2024.135943
32697103,"Measurement of Novel, Drinking Water-Associated PFAS in Blood from Adults and Children in Wilmington, North Carolina.","From 1980 to 2017, a fluorochemical manufacturing facility discharged wastewater containing poorly understood per- and polyfluoroalkyl substances (PFAS) to the Cape Fear River, the primary drinking water source for Wilmington, North Carolina, residents. Those PFAS included several fluoroethers including HFPO-DA also known as GenX. Little is known about the bioaccumulation potential of these fluoroethers. We determined levels of fluoroethers and legacy PFAS in serum samples from Wilmington residents. In November 2017 and May 2018, we enrolled 344 Wilmington residents  Participants' ages ranged from 6 to 86 y, and they lived in the lower Cape Fear Region for 20 y on average (standard deviation: 16 y). Six fluoroethers were detected in serum; Nafion by-product 2, PFO4DA, and PFO5DoA were detected in  Poorly understood fluoroethers released into the Cape Fear River by a fluorochemical manufacturing facility were detected in blood samples from Wilmington, North Carolina, residents. Health implications of exposure to these novel PFAS have not been well characterized. https://doi.org/10.1289/EHP6837.",Kotlarz Nadine; McCord James; Collier David; Lea C Suzanne; Strynar Mark,Environmental health perspectives,2020,10.1289/EHP6837
40270749,"The evolution of PFAS epidemiology: new scientific developments call into question alleged ""probable links"" between PFOA and kidney cancer and thyroid disease.","The growing body of litigation alleging bodily injury from per- and polyfluoroalkyl substances (PFAS) exposure has put a spotlight on the available scientific literature regarding potential human health impacts, and the various data gaps within the literature. This review assesses the evolution of epidemiological findings for perfluorooctanoic acid (PFOA), a PFAS compound. In 2012, the C8 Science Panel published a series of reports determining ""probable links"" for certain health outcomes (including kidney cancer and thyroid disease); it was the first major research effort investigating potential adverse health effects following exposure to PFOA. At that time, there were only a handful of available studies investigating human effects (i.e., epidemiological studies). Now, over a decade later, the epidemiological body of literature for PFOA has grown substantially. As is the nature of evolving science, the additional research has spotlighted important improvements in exposure classification, confounding control, and statistical methods that strengthen more recent scientific investigations. As the body of epidemiological literature for PFAS health effects grows and evolves with improved methodology, the original C8 Science Panel's conclusions have not been supported by more recent investigations. Within the context of general causation, while gaps remain in the body of research, more recent epidemiological findings support that there is no causal relationship between PFOA exposure and kidney cancer or thyroid disease.",Boston Catie; Keck Stella; Naperala Avery; Collins Justin,Frontiers in public health,2025,10.3389/fpubh.2025.1532277
38640681,Kidney function decline mediates the adverse effects of per- and poly-fluoroalkyl substances (PFAS) on uric acid levels and hyperuricemia risk.,"Previous studies indicated per- and poly-fluoroalkyl substances (PFAS) were related to uric acid and hyperuricemia risk, but evidence for the exposure-response (E-R) curves and combined effect of PFAS mixture is limited. Moreover, the potential mediation effect of kidney function was not assessed. Hence, we conducted a national cross-sectional study involving 13,979 US adults in NHANES 2003-2018 to examine the associations of serum PFAS with uric acid and hyperuricemia risk, and the mediation effects of kidney function. Generalized linear models and E-R curves showed positive associations of individual PFAS with uric acid and hyperuricemia risk, and nearly linear E-R curves indicated no safe threshold for PFAS. Weighted quantile sum regression found positive associations of PFAS mixture with uric acid and hyperuricemia risk, and PFOA was the dominant contributor to the adverse effect of PFAS on uric acid and hyperuricemia risk. Causal mediation analysis indicated significant mediation effects of kidney function decline in the associations of PFAS with uric acid and hyperuricemia risk, with the mediated proportion ranging from 19 % to 57 %. Our findings suggested that PFAS, especially PFOA, may cause increased uric acid and hyperuricemia risk increase even at low levels, and kidney function decline plays a crucial mediation effect.",Niu Zhiping; Duan Zhizhou; He Weixiang; Chen Tianyi; Tang Hao,Journal of hazardous materials,2024,10.1016/j.jhazmat.2024.134312
35026182,Framework for risk assessment of PFAS utilizing experimental studies and in-silico models.,"Perfluoroalkyl substances (PFAS), especially PFOS and PFOA, are two widely used synthetic chemicals that can impact human health based on evidence from animal and epidemiologic studies. In this paper, we have reviewed and summarized the influence of PFAS exposure on health, pointing the quality of evidence, and applied translational techniques to integrate evidence for PFAS policy making. This is the first review where highly referred articles on PFAS used for policymaking by several regulatory agencies were collected and evaluated based on the review guidelines developed by the US National Toxicology Program's Office of Health Assessment and Translation (OHAT) review guidelines. Several limitations were observed, including co-exposure to multiple chemicals and limited measurement of primary and secondary outcomes related to specific toxicity. However, data from all the studies provided a moderate to strong level of confidence for link between PFAS exposure and different adverse outcomes. Secondly, for translating the risk to humans, an in-silico model and scaling approach was utilized. Physiologically based pharmacokinetic model (PBPK) was used to calculate the human equivalent dose (HED) from two widely accepted studies and compared with tolerable daily intakes (TDIs) established by various regulatory agencies. Inter-species dose extrapolation was done to compare with human the relevance of dosing scenarios used in animals. Overall, a framework for translation of risk was proposed based on the conclusions of this review with the goal of improving policymaking. The current paper can improve the methodological protocols for PFAS experimental studies and encourage the utilization of in-silico models for translating risk.",Deepika Deepika; Rovira Joaquim; Sabuz Óscar; Balaguer Jordina; Schuhmacher Marta,Environmental research,2022,10.1016/j.envres.2022.112722
39454776,Neurotoxicity of per- and polyfluoroalkyl substances: Evidence and future directions.,"Per- and polyfluoroalkyl substances (PFAS) are synthetic chemicals widely used in various products, including food packaging, textiles, and firefighting foam, owing to their unique properties such as amphiphilicity and strong CF bonds. Despite their widespread use, concerns have arisen due to their resistance to degradation and propensity for bioaccumulation in both environmental and human systems. Emerging evidence suggests a potential link between PFAS exposure and neurotoxic effects, spanning cognitive deficits, neurodevelopmental disorders, and neurodegenerative diseases. This review comprehensively synthesizes current knowledge on PFAS neurotoxicity, drawing insights from epidemiological studies, animal experiments, and mechanistic investigations. PFAS, known for their lipophilic nature, tend to accumulate in lipid-rich tissues, including the brain, breaching biological barriers such as the blood-brain barrier (BBB). The accumulation of PFAS within the central nervous system (CNS) has been implicated in a spectrum of neurological maladies. Neurotoxicity induced by PFAS manifests through a multitude of direct and indirect mechanisms. A growing body of research associated PFAS exposure with BBB disruption, calcium dysregulation, neurotransmitter alterations, neuroinflammation, oxidative stress, and mitochondrial dysfunction, all contributing to neuronal impairment. Despite notable strides in research, significant lacunae persist, necessitating further exploration to elucidate the full spectrum of PFAS-mediated neurotoxicity. Prospective research endeavors should prioritize developing biomarkers, delineating sensitive exposure windows, and exploring mitigation strategies aimed at safeguarding neurological integrity within populations vulnerable to PFAS exposure.",Bharal Bhagyashree; Ruchitha Chanda; Kumar Paarth; Pandey Rukmani; Rachamalla Mahesh,The Science of the total environment,2024,10.1016/j.scitotenv.2024.176941
39214403,Per- and polyfluoroalkyl substances (PFAS) in homegrown crops: Accumulation and human risk assessment.,"Homegrown crops can present a significant exposure source of per- and polyfluoroalkyl substances (PFAS) to humans. Field studies studying PFAS accumulation in multiple vegetable food categories and examining the potential influence of soil characteristics on vegetable bioavailability under realistic exposure conditions are very scarce. Crop PFAS accumulation depends on a complex combination of factors. The physicochemical differences among the numerous PFAS makes risk assessment very challenging. Thus, simplification of this complexity into key factors that govern crop PFAS accumulation is critical. This study analyzed 29 targeted legacy, precursor and emerging PFAS in the vertical soil profile (0-45 cm depth), rainwater and edible crop parts of 88 private gardens, at different distances from a major fluorochemical plant. Gardens closer to the plant site showed higher soil concentrations which could be linked with historical and recent industrial emissions. Most compounds showed little variation along the soil depth profile, regardless of the distance from the plant site, which could be due to gardening practices. Annual crops consistently accumulated higher sum PFAS concentrations than perennials. Highest concentrations were observed in vegetables, followed by fruits and walnuts. Single soil-crop relationships were weak, which indicated that other factors (e.g., porewater) may be better measures of bioavailability in homegrown crop accumulation. Regression models, which additionally considered soil characteristics showed limited predictive power (all R",Lasters Robin; Groffen Thimo; Eens Marcel; Bervoets Lieven,Chemosphere,2024,10.1016/j.chemosphere.2024.143208
36913391,Current per- and polyfluoroalkyl substance (PFAS) research points to a growing threat in animals.,"Per- and polyfluoroalkyl substances (PFAS) are man-made chemicals that are colorless, odorless, and oil and water repellent. Their widespread use in manufacturing and industrial processes has resulted in environmental contamination found across the world. Exposure to PFAS can lead to a variety of adverse human health outcomes such as increased cholesterol, liver damage, immune suppression, and disruption of endocrine and reproductive systems. Exposure to this family of chemicals is considered a significant public health threat. Though nearly every human and animal around the world has been exposed, most of what is known regarding health effects and toxicological processes of PFAS in animals stems from human epidemiological and laboratory animal studies. Discoveries of PFAS contamination on dairy farms and concerns for companion animals have increased interest in PFAS research related to our veterinary patients. In the limited studies published to date, PFAS has been demonstrated in serum, liver, kidneys, and milk of production animals and has been linked to changes in liver enzymes, cholesterol levels, and thyroid hormones in dogs and cats. This is further addressed in the companion Currents in One Health by Brake et al, AJVR, April 2023. There is a gap in understanding the routes of exposure, absorption of PFAS, and adverse health effects among our veterinary patients. The purpose of this review is to summarize the current literature on PFAS in animals and discuss the implications for our veterinary patients.",Brake Heather D; Langfeldt Antonia; Kaneene John B; Wilkins Melinda J,Journal of the American Veterinary Medical Association,2023,10.2460/javma.22.12.0582
33797238,"Per- and Polyfluoroalkyl Substance (PFAS) Transport from Groundwater to Streams near a PFAS Manufacturing Facility in North Carolina, USA.","We quantified per- and polyfluoroalkyl substance (PFAS) transport from groundwater to five tributaries of the Cape Fear River near a PFAS manufacturing facility in North Carolina (USA). Hydrologic and PFAS data were coupled to quantify PFAS fluxes from groundwater to the tributaries. Up to 29 PFAS were analyzed, including perfluoroalkyl acids and recently identified fluoroethers. Total quantified PFAS (ΣPFAS) in groundwater was 20-4773 ng/L (mean = 1863 ng/L); the range for stream water was 426-3617 ng/L (mean = 1717 ng/L). Eight PFAS constituted 98% of ΣPFAS; perfluoro-2-(perfluoromethoxy)propanoic acid (PMPA) and hexafluoropropylene oxide dimer acid (GenX) accounted for 61%. For PFAS discharge from groundwater to one tributary, values estimated from stream water measurements (18 ± 4 kg/yr) were similar to those from groundwater measurements in streambeds (22-25 ± 5 kg/yr). At baseflow, 32 ± 7 kg/yr of PFAS discharged from groundwater to the five tributaries, eventually reaching the Cape Fear River. Given the PFAS emission timeline at the site, groundwater data suggest the abundant fluoroethers moved through the subsurface to streams in ≪50 yr. Discharge of contaminated groundwater may lead to long-term contamination of surface water and impacts on downstream drinking water supplies. This work addresses a gap in the PFAS literature: quantifying PFAS mass transfer between groundwater and surface water using field data.",Pétré Marie-Amélie; Genereux David P; Koropeckyj-Cox Lydia; Knappe Detlef R U; Duboscq Sandrine,Environmental science & technology,2021,10.1021/acs.est.0c07978
38317999,Sorption of per- and poly-fluoroalkyl substances and their precursors on activated carbon under realistic drinking water conditions: Insights into sorbent variability and PFAS structural effects.,"Recent stringent drinking water quality standards create challenges for water utilities to meet these standards. Advanced treatment techniques will have to be applied on many drinking water production locations to meet these quality standards. This study investigated the sorption of per- and polyfluorinated-alkyl substances (PFAS) onto granular activated carbon (GAC). The study was performed at environmentally relevant PFAS concentrations and a realistic water-to-GAC ratio, providing a realism often overlooked in existing studies. Three different forms of GAC were evaluated, differing in micropore and mesopore structures. Tap water spiked with 5 ng/L of each of 31 PFAS was used in the sorption experiments, i.e. perfluorocarboxylic acids (C",Sadia Mohammad; Beut Lola Beltrán; Pranić Marko; Wezel Annemarie P van; Laak Thomas L Ter,Heliyon,2024,10.1016/j.heliyon.2024.e25130
34886275,Per- and Polyfluoroalkyl Substances (PFAS) in Integrated Crop-Livestock Systems: Environmental Exposure and Human Health Risks.,"Per- and polyfluoroalkyl substances (PFAS) are highly persistent synthetic organic contaminants that can cause serious human health concerns such as obesity, liver damage, kidney cancer, hypertension, immunotoxicity and other human health issues. Integrated crop-livestock systems combine agricultural crop production with milk and/or meat production and processing. Key sources of PFAS in these systems include firefighting foams near military bases, wastewater sludge and industrial discharge. Per- and polyfluoroalkyl substances regularly move from soils to nearby surface water and/or groundwater because of their high mobility and persistence. Irrigating crops or managing livestock for milk and meat production using adjacent waters can be detrimental to human health. The presence of PFAS in both groundwater and milk have been reported in dairy production states (e.g., Wisconsin and New Mexico) across the United States. Although there is a limit of 70 parts per trillion of PFAS in drinking water by the U.S. EPA, there are not yet regional screening guidelines for conducting risk assessments of livestock watering as well as the soil and plant matrix. This systematic review includes (i) the sources, impacts and challenges of PFAS in integrated crop-livestock systems, (ii) safety measures and protocols for sampling soil, water and plants for determining PFAS concentration in exposed integrated crop-livestock systems and (iii) the assessment, measurement and evaluation of human health risks related to PFAS exposure.",Jha Gaurav; Kankarla Vanaja; McLennon Everald; Pal Suman; Sihi Debjani,International journal of environmental research and public health,2021,10.3390/ijerph182312550
34666112,Issues in the hazard and risk assessment of perfluoroalkyl substance mixtures.,"In its 2020 Scientific Opinion on the Risk to human health related to the presence of perﬂuoroalkyl substances in food, EFSA had to tackle the challenging task to evaluate the risk(s) posed by the potential presence of per- and polyﬂuoroalkyl substances (PFAS). The assessment had to cover 27 perﬂuoroalkyl carboxylates (PFCAs) and sulfonates (PFSAs) of variable chain length (C4-C18). Grouping such a large number of structurally diverse compounds - many with a limited exposure and absent toxicity database - is a complex task. Our commentary summarizes some of the issues and pitfalls in this assessment.",Colnot Thomas; Dekant Wolfgang,Toxicology letters,2021,10.1016/j.toxlet.2021.10.005
37400030,Bioaccumulation and metabolic impact of environmental PFAS residue on wild-caught urban wetland tiger snakes (Notechis scutatus).,"PFAS contamination of urban waters is widespread but understanding the biological impact of its accumulation is limited to humans and common ecotoxicological model organisms. Here, we combine PFAS exposure and bioaccumulation patterns with whole organism responses and omics-based ecosurveillance methods to investigate the potential impacts of PFAS on a top predator of wetlands, the tiger snake (Notechis scutatus). Tiger snakes (18 male and 17 female) were collected from four wetlands with varying PFAS chemical profiles and concentrations in Perth, Western Australia. Tiger snake livers were tested for 28 known PFAS compounds, and Σ28PFAS in liver tissues ranged between 322 ± 193 μg/kg at the most contaminated site to 1.31 ± 0.86 μg/kg at the least contaminated site. The dominant PFAS compound detected in liver tissues was PFOS. Lower body condition was associated with higher liver PFAS, and male snakes showed signs of high bioaccumulation whereas females showed signs of maternal offloading. Biochemical profiles of snake muscle, fat (adipose tissue), and gonads were analysed using a combination of liquid chromatography triple quadrupole (QqQ) and quadrupole time-of-flight (QToF) mass spectrometry methodologies. Elevated PFAS was associated with enriched energy production and maintenance pathways in the muscle, and had weak associations with energy-related lipids in the fat tissue, and lipids associated with cellular genesis and spermatogenesis in the gonads. These findings demonstrate the bioavailability of urban wetland PFAS in higher-order reptilian predators and suggest a negative impact on snake health and metabolic processes. This research expands on omics-based ecosurveillance tools for informing mechanistic toxicology and contributes to our understanding of the impact of PFAS residue on wildlife health to improve risk management and regulation.",Lettoof D C; Nguyen T V; Richmond W R; Nice H E; Gagnon M M,The Science of the total environment,2023,10.1016/j.scitotenv.2023.165260
38714250,Towards process-based modelling and parameterisation of bioaccumulation in humans across PFAS congeners.,"Per- and polyfluoroalkyl substances (PFAS) are a large class of stable toxic chemicals which have ended up in the environment and in organisms in significant concentrations. Toxicokinetic models are needed to facilitate extrapolation of bioaccumulation data across PFAS congeners and species. For the present study, we carried out an inventory of accumulation processes specific for PFAS, deviating from traditional Persistent Organic Pollutants (POPs). In addition, we reviewed toxicokinetic models on PFAS reported in literature, classifying them according to the number of compartments distinguished as a one-compartment model (1-CM), two-compartment model (2- CM) or a multi-compartment model, (multi-CM) as well as the accumulation processes included and the parameters used. As the inventory showed that simple 1-CMs were lacking, we developed a generic 1-CM of ourselves to include PFAS specific processes and validated the model for legacy perfluoroalkyl acids. Predicted summed elimination constants were accurate for long carbon chains (>C6), indicating that the model properly represented toxicokinetic processes for most congeners. Results for urinary elimination rate constants were mixed, which might be caused by the exclusion of reabsorption processes (renal reabsorption, enterohepatic circulation). The 1-CM needs to be improved further in order to better predict individual elimination pathways. Besides that, more data on PFAS-transporter specific processes are needed to extrapolate across PFAS congeners and species.",Rispens Bjorn; Hendriks A Jan,Chemosphere,2024,10.1016/j.chemosphere.2024.142253
39414058,Unraveling the long-term gastrointestinal impact of perinatal perfluorobutane sulfonate exposure on rat offspring: Intestinal barrier dysfunction and Th17/Treg imbalance.,"Per- and polyfluoroalkyl substances (PFAS), especially long-chain perfluorooctanoic acid (PFOA) and perfluorooctane sulfonate (PFOS), are increasingly acknowledged as a potential inflammatory bowel diseases (IBD) risk factor. Perfluorobutane sulfonate (PFBS), one kind of shorter chain alternative, has been reported to exhibit similar health hazards to those long-chain PFAS. However, the underlying mechanism underpinning PFBS-induced colonic inflammation has not been sufficiently elucidated. The T-helper-17 (Th17)/regulatory T (Treg) imbalance is a crucial event for the pathogenesis of colonic inflammation. In this study, we aimed to reveal whether and how perinatal PFBS exposure leads to the Th17/Treg imbalance and colonic inflammation in offspring. We firstly demonstrated in vivo that early-life PFBS exposure (0.5 mg/kg, 5 mg/kg) led to increased intestinal permeability and colonic inflammation accompanied by decreased expressions of tight junction protein 1 (Tjp1) and claudin-4 (Cldn4) and increased expressions of interleukin 17A (IL-17A) in colon of rat offspring. Further results indicated that PFBS exposure induces the Th17/Treg imbalance through upregulating the expression of retinoic acid receptor-related orphan receptor gamma t (Ror-γt) and transforming growth factor beta (TGF-β) and downregulating of forkhead box protein 3 (Foxp3) and IL-10 in colon. Moreover, metabolomics analyses indicated that bile secretion metabolism was significantly altered under PFBS exposure. The reduction of lithocholic acid and deoxycholic acid was closely related to the changes of TGF-β and IL-10 in colon, and may contribute to the perturbation of Th17/Treg balance and colonic inflammation. These results provide evidences for the immunotoxicity of PFBS and reveal the potential contribution to colonic inflammation, which raises concern on the health effects and risk assessment of short-chain PFAS.",Liu Yongjie; Wang Yong; Ren Tai; Yu Guoqi; Meng Xi,The Science of the total environment,2024,10.1016/j.scitotenv.2024.176858
39615256,Cord plasma metabolomic signatures of prenatal per- and polyfluoroalkyl substance (PFAS) exposures in the Boston Birth Cohort.,"Prenatal per- and polyfluoroalkyl substance (PFAS) exposures are associated with adverse offspring health outcomes, yet the underlying pathological mechanisms are unclear. Cord blood metabolomics can identify potentially important pathways associated with prenatal PFAS exposures, providing mechanistic insights that may help explain PFAS' long-term health effects. The study included 590 mother-infant dyads from the Boston Birth Cohort. We measured PFAS in maternal plasma samples collected 24-72 h after delivery and metabolites in cord plasma samples. We used metabolome-wide association studies and pathway enrichment analyses to identify metabolites and pathways associated with individual PFAS, and quantile-based g-computation models to examine associations of metabolites with the PFAS mixture. We used False Discovery Rate to account for multiple comparisons. We found that 331 metabolites and 18 pathways were associated with ≥ 1 PFAS, and 38 metabolites were associated with the PFAS mixture, predominantly amino acids and lipids. Amino acids such as alanine and lysine and their pathways, crucial to energy generation, biosynthesis, and bone health, were associated with PFAS and may explain PFAS' effects on fetal growth restriction. Carnitines and carnitine shuttle pathway, associated with 7 PFAS and the PFAS mixture, are involved in mitochondrial fatty acid β-oxidation, which may predispose higher risks of fetal and child growth restriction and cardiovascular diseases. Lipids, such as glycerophospholipids and their related pathway, can contribute to insulin resistance and diabetes by modulating transporters on cell membranes, participating in β-cell signaling pathways, and inducing oxidative damage. Neurotransmission-related metabolites and pathways associated with PFAS, including cofactors, precursors, and neurotransmitters, may explain the PFAS' effects on child neurodevelopment. We observed stronger associations between prenatal PFAS exposures and metabolites in males. This prospective birth cohort study contributes to the limited literature on potential metabolomic perturbations for prenatal PFAS exposures. Future studies are needed to replicate our findings and link prenatal PFAS associated metabolomic perturbations to long-term child health outcomes.",Li Zeyu; Zhang Mingyu; Hong Xiumei; Wang Guoying; Choi Giehae,Environment international,2024,10.1016/j.envint.2024.109144
35568291,Effects of exposure to per- and polyfluoroalkyl substances on vaccine antibodies: A systematic review and meta-analysis based on epidemiological studies.,"Vaccines are essential for children to defend against infection. Per- and polyfluoroalkyl substances (PFAS) are emerging contaminants with the characteristics of persistence and bioaccumulation. PFAS exposure can affect the function of the nervous, endocrine, and immune system of animals and humans. We aimed to conduct a systematic review and meta-analysis of the epidemiological studies investigating potential relationships between PFAS exposure and vaccine antibody levels, and assessed whether PFAS would affect vaccine response in healthy children. A literature search was conducted in PubMed, Web of Science, and Scopus databases up to February 2022. We chose studies that measured serum vaccines antibodies and PFAS concentrations of the participants. Essential information, including mean difference of percentage change, regression coefficient, odds ratio, Spearman correlation coefficient, and 95% confidence intervals, were extracted from the selected studies to conduct descriptive analysis and meta-analysis where appropriate. The qualities of these studies were evaluated as well. Finally, nine epidemiological studies about children met our inclusion criteria. A high degree of heterogeneity is observed in terms of breastfeeding time, confounder control, and detection method. Exposure to perfluorooctanoic acid and perfluorohexane sulfonic acid is negatively associated with tetanus antibody level in children without heterogeneity by Cochran's Q test (p = 0.26; p = 0.55), and exposure to perfluorohexane sulfonate is negatively associated with tetanus antibody level but with heterogeneity (p = 0.04). This comprehensive review suggests that PFAS can have adverse health effects on children by hindering the production of vaccine antibodies. There are some consistent and negative associations between children exposure to certain PFAS and tetanus antibody level. The association of the other four vaccines (measles, rubella, mumps, and influenza) with PFAS remains uncertain, because very few studies are available. Further studies are needed to validate the possible associations.",Zhang Xin; Xue Liang; Deji Zhuoma; Wang Xin; Liu Peng,"Environmental pollution (Barking, Essex : 1987)",2022,10.1016/j.envpol.2022.119442
40754250,Predicting depression using serum perfluoroalkyl and polyfluoroalkyl substances levels via interpretable machine learning.,"Per- and polyfluoroalkyl substances (PFAS) are synthetic chemicals with widespread environmental persistence and human exposure. Currently, no studies have used machine learning (ML) to predict depression based on PFAS exposure. This study aimed to develop an interpretable ML model to predict depression risk based on serum PFAS levels. Data from the National Health and Nutrition Examination Survey (NHANES) from 2005 to 2018 were used, comprising 9074 participants with PFAS serum levels and depression assessments. A total of nine machine learning models were developed and evaluated based on metrics such as accuracy, area under the curve (AUC), sensitivity, and specificity. The dataset was split into training (80 %) and testing (20 %) sets, and hyperparameter tuning was performed using grid search to optimize performance. The CatBoost model was selected for its superior predictive accuracy. Interpretability was ensured using Partial Dependence Analysis (PDA) and SHapley Additive exPlanations (SHAP) to assess the key PFAS and the contribution of individual features to the model's predictions. Additionally, a web-based calculator was developed using the CatBoost model to facilitate real-time depression risk assessment. The CatBoost model demonstrated the best performance, achieving 73 % accuracy with an AUC of 0.75. Feature importance analysis identified PFOS as the most influential PFAS. PDA and SHAP analysis further revealed the relationship for PFOS and depression, with a threshold effect at 11.66 ng/ml, where it contributed to higher depression risk. This study highlights the link between PFAS exposure and depression using an interpretable ML approach, providing a framework to inform public health interventions and support personalized care strategies based on PFAS exposure. An interactive web calculator was also developed to translate these findings into clinical practice. An interactive web calculator was also developed to translate these findings into clinical practice.",Jin Hui; Wen Yang; Luo Shuai; Wang Cong; Liu Yi-Hao,Journal of affective disorders,2025,10.1016/j.jad.2025.119976
39271611,"Occurrence and health risk assessment of PFAS and possible precursors: a case study in a drinking water treatment plant and bottled water (south Catalonia, Spain).","The presence of PFAS in drinking water may pose a serious threat to human health. This study aims to determine the levels of these compounds and their precursors in water samples from a drinking water treatment plant (DWTP) located in l'Ampolla (Spain) and to assess their fate. Additionally, ten Spanish bottled waters were analyzed to compare the occurrence of PFAS in the mentioned matrices and in drinking water. Off-line solid phase extraction (SPE) followed by liquid chromatography-tandem mass spectrometry (HPLC-MS/MS) was applied to determine 26 PFAS and PFAS precursors after a total oxidizable precursor assay. The analytical method presents low quantification limits (0.25-5 ng/L). A total PFAS concentration of up to 16 ng/L in all the DWTP samples was obtained, and 6:2 FTS was the only precursor detected. Results are close to the quantification limits, resulting in a high degree of uncertainty, and for this, it is difficult to evaluate the DWTP PFAS removal efficiency. Regarding bottled water, total PFAS concentration found was up to 12 ng/L in one of ten samples, with no precursors detected. Exposure assessment revealed that there is no risk associated with the ingestion of the samples analyzed. Moreover, there were no differences in terms of risk between drinking water from l'Ampolla DWTP and bottled water.",Martínez Joana; Picardo Massimo; Peñalver Alejandra; Fabregas Josepa; Aguilar Carme,Environmental science and pollution research international,2024,10.1007/s11356-024-34805-6
39673872,Serum metabolome associated with novel and legacy per- and polyfluoroalkyl substances exposure and thyroid cancer risk: A multi-module integrated analysis based on machine learning.,"Exposure to per- and polyfluoroalkyl substances (PFAS) may linked to thyroid cancer (TC) risk, but inconsistent findings and a lack of studies on mixed exposures exist, especially regarding novel PFAS compounds. Additionally, little is known about the potential mechanisms underlying the association. Explore the effects of PFAS exposure on the serum metabolome and its correlation with TC. A 1:1 age- and sex-matched case-control study was administered with 746 TC cases and healthy controls. Liquid chromatography-high resolution mass spectrometry determined serum 11 PFAS and untargeted metabolome profile. ENET and LightGBM models were used to explore the exposure patterns and perform variable selection. The mixed exposure effects were assessed using Weighted quantile sum regression and Bayesian kernel machine regression. Metabolome-wide association analyses were performed to assess metabolic dysregulation associated with PFAS, and a structural synthesis analysis was used to detect latent groups of individuals with TC based on PFAS levels and metabolite patterns. Ten of the 11 PFAS were detected in > 80 % of the population. PFHxA and PFDoA exposure associated with increased TC risk, while PFHxS and PFOA associated with decreased TC risk in single compound models (all P < 0.05). Machine learning algorithms identified PFHxA, PFDoA, PFHxS, PFOA, and PFHpA as the key PFAS influencing the development of TC, and mixed exposures have an overall positive effect on TC risk, with PFHxA making the primary contribution. A novel integrative analysis identified a cluster of TC patients characterized by increased PFHxA, PFDoA, PFHpA and decreased PFOA, PFHxS levels, and altered metabolite patterns highlighted by the upregulation of free fatty acids. PFAS exposure is linked to a higher risk of TC, possibly through changes in fatty acid metabolism. Larger, prospective studies are needed to confirm these findings, and the role of short-chain PFAS requires more attention.",Wang Fei; Lin Yuanxin; Qin Lian; Zeng Xiangtai; Jiang Hancheng,Environment international,2025,10.1016/j.envint.2024.109203
36716880,Levels and distribution profiles of Per- and Polyfluoroalkyl Substances (PFAS) in a high Arctic Svalbard ice core.,"Per- and polyfluoroalkyl substances (PFAS) are a group of persistent organic contaminants of which some are toxic and bioaccumulative. Several PFAS can be formed from the atmospheric degradation of precursors such as fluorotelomer alcohols (FTOHs) as well as hydrochlorofluorocarbons (HFCs) and other ozone-depleting chlorofluorocarbon (CFC) replacement compounds. Svalbard ice cores have been shown to provide a valuable record of long-range atmospheric transport of contaminants to the Arctic. This study uses a 12.3 m ice core from the remote Lomonosovfonna ice cap on Svalbard to understand the atmospheric deposition of PFAS in the Arctic. A total of 45 PFAS were targeted, of which 26 were detected, using supercritical fluid chromatography (SFC) tandem mass spectrometry (MS/MS) and ultra-performance liquid chromatography (UPLC) MS/MS. C",Hartz William F; Björnsdotter Maria K; Yeung Leo W Y; Hodson Andrew; Thomas Elizabeth R,The Science of the total environment,2023,10.1016/j.scitotenv.2023.161830
35410624,Comprehending the Role of Endocrine Disruptors in Inducing Epigenetic Toxicity.,"Endocrine disruptors are natural or man-made chemicals that interfere with the body's endocrine system leading to hormone synthesis and production defects. These chemicals are categorized as plasticizers and cosmetic chemicals, heavy metals, phytoestrogens, pesticides, detergents, surfactants, and flame retardants. Some of the most common endocrine disruptors are dioxins, bisphenol A, phthalates, perchlorate, perfluoroalkyl, and poly-fluoroalkyl substances (PFAs), phytoestrogens, polybrominated diphenyl ethers (PBDEs), polychlorinated biphenyls (PCB), triclosan, atrazine, lead, arsenic, mercury, organophosphate pesticides, and glycol ethers. Epigenetic alterations such as DNA methylation, histone modification, and miRNA regulation have been observed to play a major role in many diseases such as cancer, neurodegenerative diseases, PCOS, cardiovascular diseases, and various other disorders. In recent times, there has been a focus on endocrine-disrupting chemicals in epigenetic alterations. This review concentrates on estrogen and androgen disrupting effects, placental, and fetal effects, thyroid disrupting effects, and transgenerational effects of endocrine disruptors.",Kirtana Arikath; Seetharaman Barathi,"Endocrine, metabolic & immune disorders drug targets",2022,10.2174/1871530322666220411082656
39146593,Lysosomal iron accumulation and subsequent lysosomes-mitochondria iron transmission mediate PFOS-induced hepatocyte ferroptosis.,"Perfluorooctane sulfonate (PFOS) is known as a persistent organic pollutant. A significant correlation between PFOS and liver ferroptosis has been unveiled, but the precise mechanism needs to be elucidated. In prior research, we found that PFOS treatment provoked mitochondrial iron overload. In this study, we observed a gradual increase in lysosomal iron in L-O2 cells after exposure to PFOS for 0.5-24 h. In PFOS-exposed L-O2 cells, suppressing autophagy relieved the lysosomal iron overload. Inhibiting transient receptor potential mucolipin 1 (TRPML1), a calcium efflux channel on the lysosomal membrane, led to a further rise in lysosomal iron levels and decreased mitochondrial iron overload during PFOS treatment. Suppressing VDAC1, a subtype of voltage-dependent anion-selective channels (VDACs) on the outer mitochondrial membrane, had no impact on PFOS-triggered mitochondrial iron overload, whereas restraining VDAC2/3 relieved this condition. Although silencing VDAC2 relieved PFOS-induced mitochondrial iron overload, it had no effect on PFOS-triggered lysosomal iron overload. Silencing VDAC3 alleviated PFOS-mediated mitochondrial iron overload and led to an additional increase in lysosomal iron. Therefore, we regarded VDAC3 as the specific VDACs subtype that mediated the lysosomes-mitochondria iron transfer. Additionally, in the presence of PFOS, an enhanced association between TRPML1 and VDAC3 was found in mice liver tissue and L-O2 cells. Our research unveils a novel regulatory mechanism of autophagy on the iron homeostasis and the effect of TRPML1-VDAC3 interaction on lysosomes-mitochondria iron transfer, giving an explanation of PFOS-induced ferroptosis and shedding some light on the role of classic calcium channels in iron transmission.",Li Jixun; Feng Ruzhen; Yang Wei; Liang Peiyao; Qiu Tianming,Ecotoxicology and environmental safety,2024,10.1016/j.ecoenv.2024.116890
41265816,Per- and polyfluoroalkyl substances trigger autoimmune diseases through inflammatory cytokines-IL-17/Th17 signaling axis.,"This study systematically investigates the mechanisms by which per- and polyfluoroalkyl substances (PFAS) promote immune dysregulation and trigger autoimmune diseases (ADs). Using an integrated network toxicology and bioinformatics approach, we identified core molecular interactions between PFAS and five ADs-rheumatoid arthritis (RA), systemic lupus erythematosus (SLE), Sjögren's syndrome (SS), ankylosing spondylitis (AS), and vasculitis. By combining data from STITCH, SwissTargetPrediction, Comparative Toxicogenomics Database, GeneCards, and OMIM, we identified shared targets linked to both PFAS exposure and AD pathogenesis. Functional enrichment analysis was performed using DAVID, and protein-protein interaction networks were constructed with STRING and visualized in Cytoscape to highlight core targets. Gene expression data from the GEO database revealed the upregulation or downregulation of these targets across these ADs. Molecular docking performed with CB-Dock2 confirmed robust binding between six PFAS and core targets, notably IL1B, TNF, IL6 and ALB. Importantly, we identified a common pathological mechanism involving PFAS-mediated disruption of the inflammatory cytokine axis (IL1B, TNF, IL6) and IL-17/Th17 signaling pathway, which triggers ADs. Furthermore, compared to PFOS, its alternative 6:2 Cl-PFESA showed higher binding affinity to core targets, suggesting greater environmental and health risks that warrant re-evaluation. In conclusion, our research has provided novel and important insights into environmental health and ADs by clarifying core targets and potential mechanisms, and has expanded the evidence into the molecular mechanism of PFAS-induced immunotoxicity and linking PFAS exposure to ADs.",Cheng Qi; Xie Yifan; Hou Yingying; Du Yan; Wu Huaxiang,Chemico-biological interactions,2026,10.1016/j.cbi.2025.111837
34627976,Exposure to environmental contaminants is associated with altered hepatic lipid metabolism in non-alcoholic fatty liver disease.,"Recent experimental models and epidemiological studies suggest that specific environmental contaminants (ECs) contribute to the initiation and pathology of non-alcoholic fatty liver disease (NAFLD). However, the underlying mechanisms linking EC exposure with NAFLD remain poorly understood and there is no data on their impact on the human liver metabolome. Herein, we hypothesized that exposure to ECs, particularly perfluorinated alkyl substances (PFAS), impacts liver metabolism, specifically bile acid metabolism. In a well-characterized human NAFLD cohort of 105 individuals, we investigated the effects of EC exposure on liver metabolism. We characterized the liver (via biopsy) and circulating metabolomes using 4 mass spectrometry-based analytical platforms, and measured PFAS and other ECs in serum. We subsequently compared these results with an exposure study in a PPARa-humanized mouse model. PFAS exposure appears associated with perturbation of key hepatic metabolic pathways previously found altered in NAFLD, particularly those related to bile acid and lipid metabolism. We identified stronger associations between the liver metabolome, chemical exposure and NAFLD-associated clinical variables (liver fat content, HOMA-IR), in females than males. Specifically, we observed PFAS-associated upregulation of bile acids, triacylglycerols and ceramides, and association between chemical exposure and dysregulated glucose metabolism in females. The murine exposure study further corroborated our findings, vis-à-vis a sex-specific association between PFAS exposure and NAFLD-associated lipid changes. Females may be more sensitive to the harmful impacts of PFAS. Lipid-related changes subsequent to PFAS exposure may be secondary to the interplay between PFAS and bile acid metabolism. There is increasing evidence that specific environmental contaminants, such as perfluorinated alkyl substances (PFAS), contribute to the progression of non-alcoholic fatty liver disease (NAFLD). However, it is poorly understood how these chemicals impact human liver metabolism. Here we show that human exposure to PFAS impacts metabolic processes associated with NAFLD, and that the effect is different in females and males.",Sen Partho; Qadri Sami; Luukkonen Panu K; Ragnarsdottir Oddny; McGlinchey Aidan,Journal of hepatology,2022,10.1016/j.jhep.2021.09.039
40367801,Integrative network and computational toxicology reveal the molecular mechanisms in PFOA-induced spermatogenic disorder.,"Perfluorooctanoic acid (PFOA), a widely used industrial chemical, poses significant environmental and biological toxicity, particularly affecting reproductive health. This study aimed to integrate network toxicology, machine learning, and molecular dynamics simulations (MDS) to uncover the molecular mechanisms of PFOA-induced spermatogenic toxicity. Toxicity profiling using admetSAR revealed that PFOA exhibited pronounced reproductive toxicity and a strong binding affinity to nuclear receptors, including estrogen, androgen, and PPAR gamma. By integrating PFOA targets derived from toxicology databases with differentially expressed genes associated with non-obstructive azoospermia, we pinpointed 256 differentially expressed spermatogenic toxicity targets from an initial pool of 4311 potential PFOA targets. Gene ontology (GO) and KEGG pathway enrichment analyses highlighted biological processes, such as spermatogenesis and cell cycle regulation, along with pathways related to cell division and intercellular communication. Protein-protein interaction networks and machine learning algorithms (LASSO, SVM-RFE, RF) pinpointed five core genes-RAD51, KIF15, PTTG1, BIRC5, and CDC25C-that serve as potential diagnostic biomarkers. Molecular docking revealed strong binding affinities between PFOA and these proteins, with RAD51 showing the highest binding stability (-8.467 kcal/mol). Furthermore, MDS confirmed stable interactions, with low RMSD, RMSF, and Rg values, indicating structural stability. In vivo studies showed that PFOA exposure (1 and 5 mg/kg) caused testicular damage in mice in a dose-dependent manner, with significant downregulation of core target proteins; in vitro experiments demonstrated a concentration-dependent reduction in GC1 cell viability and substantial alterations in its gene expression. This study highlights the critical roles of these mechanisms through which PFOA disrupts spermatogenesis, emphasizing core biomarkers that may serve as therapeutic targets. Our findings contribute insights into the reproductive toxicity of PFOA and similar environmental pollutants, offering a basis for developing strategies to protect male fertility.",Luo Yujia; Xue Erfei; Zhao Yixiang; Lu Huimin; Xiang Di,Journal of environmental management,2025,10.1016/j.jenvman.2025.125754
39141360,"Clinical Implications of New Drinking Water Regulation for ""Forever Chemicals"".",This Viewpoint describes new maximum contaminant levels set by the Environmental Protection Agency for specific perfluoroalkyl and polyfluoroalkyl substances (PFASs) and discusses the role clinicians can play in addressing their patients’ PFAS health concerns.,Criswell Rachel; Fleisch Abby F; Ducatman Alan,JAMA,2024,10.1001/jama.2024.12705
39306102,Per- and polyfluoroalkyl substances contamination of drinking water sources in Africa: Pollution sources and possible treatment methods.,"Despite the detection of poly- and perfluorinated alkyl substances (PFAS) in the water system in Africa, the effort towards mitigating PFAS in water in Africa needs to be better understood. Therefore, this review evaluated the contamination status and mitigation methods for handling PFAS-contaminated water systems in Africa. The findings revealed the presence of PFAS in wastewater treatment plant (WWTP) effluents, surface water and commercially available bottled and tap water in African countries. The concentration of PFAS in drinking water sources reviewed ranged from < limits of quantification to 778 ng L",Adewuyi Adewale; Li Qilin,Chemosphere,2024,10.1016/j.chemosphere.2024.143368
39151576,Perfluoroalkyl substances and immunotoxicity: An in vitro structure-activity relationship study in THP-1-derived monocytes and macrophages.,"Recently, PFASs toxicity for the human immune system has become a growing concern. However, there is currently limited information on PFASs immunotoxicity beyond PFHxS, PFOA, PFOS, and PFNA. Therefore, it is urgent to close the present knowledge gap by testing a wider range of compounds. In the present study, twelve compounds were tested for a relationship between the chain-length and headgroup of a PFAS and its cytotoxic for THP-1. As such, THP-1, either as monocytes or differentiated macrophages, were exposed to PFASs in a concentration range of 0-800 μM for either 3 or 24 h. After that, cell viability and reactive oxygen species (ROS) generation were assessed using MTT and DCFH assay, respectively. PFASs' cytotoxicity is dependent on both their chain-length and headgroups. Cell viability decreased with increasing chain-length, and FTOHs displayed markedly higher toxicity than PFCAs and PFSAs. PFASs were ranked based on their calculated Relative Potency Factor. The ranking for the cytotoxicity data on monocytes appears to be 6:2 FTOH ≫ PFNA > PFDA > PFOS > PFOA >4: 2 FTOH > PFHxS = PFHxA > PFBA. For macrophages, this ranking was as follows: 6:2 FTOH >4:2 FTOH > PFOS > PFDA > PFNA > PFOA > PFHxS. The results observed for the ROS generating potential differed as FTOHs generated no ROS. Here, the ranking in monocytes was PFOA > PFNA > PFOS > PFHxS > PFDA > PFHxA = PFBS = PFBA. The ranking for macrophages was PFNA > PFDA ≥ PFOA > PFOS > PFHxA > PFHxS > PFBA = PFBS. In conclusion, the carbon chain-length and functional headgroup of a PFAS are major determinants for their toxicity to THP-1 cells. Furthermore, our study demonstrates the most potent cytotoxic effect for FTOHs in vitro, which has not been observed before to the authors' knowledge.",Amstutz V H; Sijm D T H M; Vrolijk M F,Chemosphere,2024,10.1016/j.chemosphere.2024.143075
41348362,PFAS Exposure and Endocrine Disruption Among Women.,This cross-sectional study investigates the association between perfluoroalkyl and polyfluoroalkyl substances (PFAS) exposure and endocrine disruption among US women.,Ripon Rezaul Karim; Hossain Md Jamil; Volquez Mayra; Meda-Monzon Elizabeth; Saunik Sujata,JAMA network open,2025,10.1001/jamanetworkopen.2025.39425
40346447,The role of per- and polyfluoroalkyl substances in cognitive impairment and dementia.,"Per- and polyfluoroalkyl substances (PFAS) are ubiquitous persistent organic pollutants. The neurotoxic and cardiometabolic effects of PFAS are well documented, leading to the hypothesis that exposure increases dementia risk. However, empirical data on PFAS in relation to cognitive impairment and dementia are weak, limited, and inconsistent. This report reviews the literature on PFAS and cognitive impairment and provides a rationale and overview of the PFAS VascCog Longitudinal Study, a new study using the population-based Northern Manhattan Study cohort, to prospectively examine serum concentrations of 13 PFAS in relation to lipids, carotid atherosclerosis, cognitive impairment, and dementia. We hypothesize that PFAS deleteriously impact cognition through a pathway involving hyperlipidemia and atherosclerosis. Rigorous examination of PFAS exposure in relation to dementia is needed to inform public health policies on PFAS-containing products, support regulations to reduce community exposure, and provide new avenues to protect cognitive health and impact dementia at the individual and community levels. HIGHLIGHTS: PFAS exposure increases cardiometabolic risk factors and neurotoxicity. Data on PFAS in relation to cognitive health is limited, weak, and controversial. We hypothesize that PFAS exposure increases dementia risk. We hypothesize a mechanistic pathway involving hyperlipidemia and atherosclerosis. Rigorous study of PFAS exposure and dementia risk can inform public health policy.",Gardener Hannah; Levin Bonnie; Kannan Kurunthachalam; Rundek Tatjana,Alzheimer's & dementia : the journal of the Alzheimer's Association,2025,10.1002/alz.70226
41398131,Neurotoxicity and Potential Mechanisms of Exposure to Per- and Polyfluoroalkyl Substances (PFASs).,"Per- and polyfluoroalkyl substances (PFAS), a group of persistent organic pollutants characterized by C-F bonds, have been detected in various human samples and tend to accumulate in the brain, posing potential neurotoxic risks. Gaining insights into PFAS-induced neurotoxicity and its underlying molecular mechanisms is crucial for assessing health risks associated with human exposure, however, research in this area remains limited. This review summarizes studies on the processes of PFAS uptake, accumulation, and mechanisms within the brain: disruption of the blood-brain barrier (BBB) via tight junction interference and reliance on transporter proteins located at the BBB. Accumulation of PFAS in the brain has been linked to neurotoxic effects in the central nervous system (CNS), including attention-deficit/hyperactivity disorder (ADHD) in children and Parkinson's or Alzheimer's disease in older adults. Mechanistic investigations into neurotoxicity have focused on alterations in neurotransmitter levels, mitochondrial dysfunction, neuronal damage, and thyroid hormone signaling pathways. This study offers foundational support for a broader understanding of adverse neurological toxicity, mechanisms of brain penetration, and increased risks of behavioral and cognitive disorders due to PFAS exposure in humans.",Song Yang; Ma Ying; Huang Yuru; Song Dandan; Hu Chao,Molecular neurobiology,2025,10.1007/s12035-025-05573-2
30636624,Water and soil pollution as determinant of water and food quality/contamination and its impact on female fertility.,"A mounting body of the literature suggests that environmental chemicals found in food and water could affect female reproduction. Many worldwide daily-used products have been shown to contain chemicals that could incur adverse reproductive outcomes in the perinatal/neonatal periods, childhood, adolescence, and even adulthood. The potential impact of Bisphenol A (BPA), Phthalates and Perfluoroalkyl substances (PFAS) on female reproduction, in particular on puberty, PCOS pathogenesis, infertility, ovarian function, endometriosis, and recurrent pregnancy loss, in both humans and animals, will be discussed in this report in order to provide greater clinician and public awareness about the potential consequences of these chemicals. The effects of these substances could interfere with hormone biosynthesis/action and could potentially be transmitted to further generations. Thus proper education about these chemicals can help individuals decide to limit exposure, ultimately alleviating the risk on future generations.",Rashtian Justin; Chavkin Diana E; Merhi Zaher,Reproductive biology and endocrinology : RB&E,2019,10.1186/s12958-018-0448-5
34414831,"Microextraction and Determination of Poly- and Perfluoroalkyl Substances, Challenges, and Future Trends.","Per- and polyfluoroalkyl substances (PFAS) are fluorocarbon compounds in which hydrogen atoms have been partly or entirely replaced by fluorine. They have a very wide range of applications, while they are persistent in the environment and exhibit bioaccumulative and toxic properties. Neither chemical nor biological mechanisms can decompose PFAS due to their strong C-F bonds. PFAS have shown adverse effects on various organisms, even at trace levels. Accordingly, highly sensitive and selective analytical methods are required for their tracing in biological and environmental matrices. The physicochemical properties of PFAS like surfactant characteristics and high-water solubility are unique and different from other known pollutants. Accordingly, the number of articles on the analysis of PFAS is less than the other well-known contaminants. The routine PFAS sample preparation methods (like solvent extraction) coupled with chromatographic systems, face challenges such as high limits of detection, need for laborious derivatization, limited selectivity, and expensive instrumentation. Recent efforts to address these limitations have aroused considerable attention to the development of microextraction techniques, which are consistent with the principles of green chemistry and can be made easily portable and automated. Moreover, these methods have shown enough sensitivity and selectivity for the analysis of different analytes (including PFAS) in a wide range of samples with different matrices. This research aims to review the microextraction methods and detection techniques, applied for the sample pretreatment of PFAS in various matrices, along with a critical discussion of the challenges and potential future trends.",Jalili Vahid; Barkhordari Abdullah; Paull Brett; Ghiasvand Alireza,Critical reviews in analytical chemistry,2023,10.1080/10408347.2021.1964345
40863342,"Managing PFAS in Sewage Sludge: Exposure Pathways, Impacts, and Treatment Innovations.","Per- and polyfluoroalkyl substances (PFAS) are a global concern due to their persistence, ubiquity, and accumulation in living organisms. Found in soils, biosolids, water, and the food chain, they pose health risks such as hormone disruption, immune damage, reproductive issues, and cancer. Regulations mainly target older PFAS like PFOA and PFOS, while many newer PFAS, including breakdown products, are poorly understood in terms of distribution, behavior, and toxicity. To address this complex issue, this review offers a detailed overview of human exposure to PFAS and their toxic effects. It highlights biosolids as a key, understudied source of PFAS in the environment. The review also discusses limitations of testing, missing long-term cleanup data, and regulatory issues that neglect total exposure and vulnerable populations. Additionally, it evaluates, in the specific context of biosolids management, the effectiveness, scalability, benefits, and drawbacks of various treatment technologies, such as thermal processes (pyrolysis, incineration, smoldering combustion), advanced oxidation, adsorption, hydrothermal liquefaction, and biological degradation. This work combines environmental science, toxicology, and engineering to outline PFAS management in biosolids and proposes a research and policy plan. Focusing on regulating PFAS as a group, validating real-world results, and employing adaptable treatment strategies underscores the need for a coordinated, science-based effort to reduce PFAS risks worldwide.",Pascu Luoana Florentina; Petre Valentina Andreea; Cimpean Ioana Antonia; Paun Iuliana; Pirvu Florinela,Journal of xenobiotics,2025,10.3390/jox15040135
36592815,A systematic evidence map of chronic inflammation and immunosuppression related to per- and polyfluoroalkyl substance (PFAS) exposure.,"The ability to induce chronic inflammation and immunosuppression are two key characteristics of carcinogens and important forms of immunotoxicity. The National Toxicology Program (NTP) evaluated the immunotoxicity of two per- and polyfluoroalkyl substances (PFASs), PFOA (perfluorooctanoic acid) and PFOS (perfluorooctane sulfonate), in 2016. However, the potential pro-inflammatory and immunosuppressive effects of other PFASs remain largely uncharacterized. We developed an expanded set of search terms pertaining to the chronic inflammatory and immunosuppressive effects of PFASs based on those of the International Agency for Research on Cancer (IARC) and NTP. To confirm searching effectiveness and scope, we compared our search term results with those of IARC and NTP for both PFASs and two other known carcinogens, chromium (VI) and benzene. Systematic evidence maps (SEMs) were also produced using Tableau to visualize the distribution of study numbers and types reporting immunotoxic effects and specific biomarkers elicited by PFAS exposures. In total, 1155 PFAS studies were retrieved, of which 321 qualified for inclusion in our dataset. Using our search terms, we identified a greater number of relevant studies than those obtained using IARC and NTP's search terms. From the SEM findings, increased cytokine production strengthened an association between PFAS exposure and chronic inflammation, and decreased B-cell activation and altered levels of T-cell subtypes and immunoglobulins confirmed PFAS-induced immunosuppression. Our SEM findings confirm that several PFASs commonly found in both in the environment, including those that are lesser-known, may induce immunosuppression and chronic inflammation, two key characteristics of carcinogens. This approach, including development of search terms, study screening process, data coding, and evidence mapping visualizations, can be applied to other key characteristics of chemical carcinogens.",Zhang Luoping; Louie Allen; Rigutto Gabrielle; Guo Helen; Zhao Yun,Environmental research,2023,10.1016/j.envres.2022.115188
35202231,PFAS Molecules: A Major Concern for the Human Health and the Environment.,"Per- and polyfluoroalkyl substances (PFAS) are a group of over 4700 heterogeneous compounds with amphipathic properties and exceptional stability to chemical and thermal degradation. The unique properties of PFAS compounds has been exploited for almost 60 years and has largely contributed to their wide applicability over a vast range of industrial, professional and non-professional uses. However, increasing evidence indicate that these compounds represent also a serious concern for both wildlife and human health as a result of their ubiquitous distribution, their extreme persistence and their bioaccumulative potential. In light of the adverse effects that have been already documented in biota and human populations or that might occur in absence of prompt interventions, the competent authorities in matter of health and environment protection, the industries as well as scientists are cooperating to identify the most appropriate regulatory measures, substitution plans and remediation technologies to mitigate PFAS impacts. In this review, starting from PFAS chemistry, uses and environmental fate, we summarize the current knowledge on PFAS occurrence in different environmental media and their effects on living organisms, with a particular emphasis on humans. Also, we describe present and provisional legislative measures in the European Union framework strategy to regulate PFAS manufacture, import and use as well as some of the most promising treatment technologies designed to remediate PFAS contamination in different environmental compartments.",Panieri Emiliano; Baralic Katarina; Djukic-Cosic Danijela; Buha Djordjevic Aleksandra; Saso Luciano,Toxics,2022,10.3390/toxics10020044
38982538,Childhood PFAS exposure and immunotoxicity: a systematic review and meta-analysis of human studies.,"Exposure to poly- and perfluoroalkyl substances (PFAS) may affect infant and childhood health through immunosuppression. However, the findings of epidemiological literature examining relationships between prenatal/childhood PFAS exposure and vaccine response and infection in humans are still inconclusive. The aim of this review was to examine the effects of PFAS exposure on vaccine antibody response and infection in humans. The MEDLINE/Pubmed database was searched for publications until 1 February 2023 to identify human studies on PFAS exposure and human health. Eligible for inclusion studies had to have an epidemiological study design and must have performed logistic regression analyses of gestational or childhood exposure to PFAS against either antibody levels for pediatric vaccines or the occurrence of children's infectious diseases. Information on baseline exposure to PFAS (in ng/mL), the age of PFAS exposure (gestational or in years), and the outcome was measured, potentially leading to multiple exposure-outcome comparisons within each study was collected. Percentage change and standard errors of antibody titers and occurrence of infectious diseases per doubling of PFAS exposure were calculated, and a quality assessment of each study was performed. Seventeen articles were identified matching the inclusion criteria and were included in the meta-analysis. In general, a small decrease in antibody response and some associations between PFAS exposure and childhood infections were observed. This meta-analysis summarizes the findings of PFAS effects on infant and childhood immune health. The immunosuppression findings for infections yielded suggestive evidence related to PFAS exposure, particularly PFOS, PFOA, PFHxS, and PFNA but moderate to no evidence regarding antibody titer reduction. The research protocol of this systematic review is registered and accessible at the Open Science Framework ( https://doi.org/10.17605/OSF.IO/5M2VU ).",Antoniou Evangelia E; Dekant Wolfgang,Systematic reviews,2024,10.1186/s13643-024-02596-z
40024759,"Per- and polyfluoroalkyl substances: toxicokinetics, exposure and health risks.","Per- and polyfluoroalkyl substances (PFAS) are a group of chemicals containing stable per- or polyfluoroalkyl groups. Recent epidemiological studies have shown that PFAS cause health risks even at low concentrations. This review outlines the toxicokinetics, exposure and health risks of PFAS, with a focus on perfluorooctane sulfonic acid (PFOS), perfluorooctanoic acid (PFOA), and long-chain perfluoroalkyl carboxylic acids (LC-PFCAs). These compounds are known to interact with various proteins in vivo, including the peroxisomal proliferator-activated receptor-α (PPARα). PFOA and PFOS have been identified as carcinogenic. It is known that PFOA and PFOS are transported by transporters such as organic anion transporter. Significant species differences in the behavior of these compounds exist, with much longer half-lives in humans than in mice and rats. One of the reasons that the half-lives of PFOA and PFOS are long in humans is that their renal clearance is low in humans. For animal toxicity experiments, it is essential that the doses in animal experiments are converted to equivalent doses in humans using pharmacokinetic models. Compared with PFOA, some LC-PFCAs have longer half-lives and accumulate more in the liver. Although tap water is a source of exposure to PFAS, the most common exposure source is food, with seafood being an important source for exposure to PFAS in Japan. PFOS and PFOA concentrations in human blood in Japan have been decreasing in recent years. However, according to clinical guidance published in 2022 by the United States National Academies, most Japanese residents are still in the medium risk group (PFAS concentration in plasma or serum is greater than 2 ng/mL and less than 20 ng/mL) or above. Further research is needed to help reduce exposure, and further risk assessments are required.",Fujii Yukiko; Harada Kouji H,The Journal of toxicological sciences,2025,10.2131/jts.50.97
36473658,PFAS-induced lipidomic dysregulations and their associations with developmental toxicity in zebrafish embryos.,"Per- and polyfluoroalkyl substances (PFASs) are persistent environmental contaminants, posing developmental toxicity to fish and human. PFAS-induced lipid metabolism disorders were demonstrated using the zebrafish (Danio rerio) embryo model, but the detailed changes of lipid compositions and the influence of these changes on the biological development are still unclear. Herein, lipidomics analysis was performed to reveal the dysregulations of lipid metabolism in zebrafish embryos exposed to perfluorooctanoic acid (PFOA) or perfluorooctane sulfonate (PFOS) through microinjection. Various abnormal phenotypes were observed, including heart bleeding, pericardium edema, spinal curvature and increased heart rate at 72 h after fertilization, especially in the PFOS exposure groups. Lipidomic profiling found downregulated phosphatidylethanolamines in the PFAS-exposed embryos, especially those containing a docosahexaenoyl (DHA) chain, indicating an excessive oxidative damage to the embryos. Glycerolipids were mainly upregulated in the PFOA groups but downregulated in the PFOS groups. These aberrations may reflect oxidative stress, energy metabolism malfunction and proinflammatory signals induced by PFASs. However, supplement of DHA may not be effective in recovering the lipidomic dysregulations and protecting from the developmental toxicity induced by PFASs, showing the complexity of the toxicological mechanisms. This work has revealed the associations between the abnormal phenotypes and dysregulations of lipid metabolism in zebrafish embryos induced by PFASs from the aspect of lipidomics, and discovered the underlying molecular mechanisms of the developmental toxicity of PFASs.",Yang Zhiyi; Fu Lei; Cao Mengxi; Li Fang; Li Jingguang,The Science of the total environment,2023,10.1016/j.scitotenv.2022.160691
36947184,A review of cardiovascular effects and underlying mechanisms of legacy and emerging per- and polyfluoroalkyl substances (PFAS).,"Cardiovascular disease (CVD) poses the leading threats to human health and life, and their occurrence and severity are associated with exposure to environmental pollutants. Per- and polyfluoroalkyl substances (PFAS), a group of widely used industrial chemicals, are characterized by persistence, long-distance migration, bioaccumulation, and toxicity. Some PFAS, particularly perfluorooctane sulfonic acid (PFOS), perfluorooctanoic acid (PFOA) and perfluorohexanesulfonic acid (PFHxS), have been banned, leaving only legacy exposure to the environment and human body, while a number of novel PFAS alternatives have emerged and raised concerns, such as polyfluoroalkyl ether sulfonic and carboxylic acid (PFESA and PFECA) and sodium p-perfluorous nonenoxybenzene sulfonate (OBS). Overall, this review systematically elucidated the adverse cardiovascular (CV) effects of legacy and emerging PFAS, emphasized the dose/concentration-dependent, time-dependent, carbon chain length-dependent, sex-specific, and coexposure effects, and discussed the underlying mechanisms and possible prevention and treatment. Extensive epidemiological and laboratory evidence suggests that accumulated serum levels of legacy PFAS possibly contribute to an increased risk of CVD and its subclinical course, such as cardiac toxicity, vascular disorder, hypertension, and dyslipidemia. The underlying biological mechanisms may include oxidative stress, signaling pathway disturbance, lipid metabolism disturbance, and so on. Various emerging alternatives to PFAS also play increasingly prominent toxic roles in CV outcomes that are milder, similar to, or more severe than legacy PFAS. Future research is recommended to conduct more in-depth CV toxicity assessments of legacy and emerging PFAS and explore more effective surveillance, prevention, and treatment strategies, accordingly.",Wen Zeng-Jin; Wei Yi-Jing; Zhang Yi-Fei; Zhang Yin-Feng,Archives of toxicology,2023,10.1007/s00204-023-03477-5
39665760,Increased perfluorooctanoic acid accumulation facilitates the migration and invasion of lung cancer cells via remodeling cell mechanics.,"Perfluoroalkyl and polyfluoroalkyl substances (PFAS) are widely used in industrial and household products, raising serious concerns due to their environmental persistence and mobility. Epidemiological studies have reported potential carcinogenic risks of PFAS based on their widespread occurrence and population exposure. In this study, we observed that perfluorooctanoic acid (PFOA), a common PFAS, functions as a mechanical regulator in lung cancer cells. PFOA exposure reduces cell stiffness, thereby decreasing cell adhesion and enhancing immune evasion, ultimately exacerbating tumor metastasis. In various lung cancer models, more aggressive tumor metastases have been observed in the PFOA exposure group. Additionally, serum PFOA levels in patients with advanced lung adenocarcinoma were significantly higher than those in patients with early-stage disease. Mechanistically, the interaction between PFOA and transmembrane integrins in cancer cells triggers changes in cellular mechanical properties, leading to the reorganization of the cytoskeleton, and activation of the intracellular FAK-PI3K-Akt signaling pathway. Our findings demonstrate that in individuals with lung adenocarcinoma, PFOA can increase the risk of cancer metastasis even at daily exposure levels.",Mei Jie; Jiang Jipeng; Li Zhao; Pan Yue; Xu Ke,Proceedings of the National Academy of Sciences of the United States of America,2024,10.1073/pnas.2408575121
39454342,"Prenatal exposure to per- and polyfluoroalkyl substances, fetoplacental hemodynamics, and fetal growth.","The impact of legacy per- and polyfluoroalkyl substances (PFAS) on fetal growth has been well studied, but assessments of next-generation PFAS and PFAS mixtures are sparse and the potential role of fetoplacental hemodynamics has not been studied. We aimed to evaluate associations between prenatal PFAS exposure and fetal growth and fetoplacental hemodynamics. We included 747 pregnant women from the BiSC birth cohort (Barcelona, Spain (2018-2021)). Twenty-three PFAS were measured at 32 weeks of pregnancy in maternal plasma, of which 13 were present above detectable levels. Fetal growth was measured by ultrasound, as estimated fetal weight at 32 and 37 weeks of gestation, and weight at birth. Doppler ultrasound measurements for uterine (UtA), umbilical (UmA), and middle cerebral artery (MCA) pulsatility indices (PI), as well as the cerebroplacental ratio (CPR - ratio MCA to UmA), were obtained at 32 weeks to assess fetoplacental hemodynamics. We applied linear mixed effects models to assess the association between singular PFAS and longitudinal fetal growth and PI, and Bayesian Weighted Quantile Sum models to evaluate associations between the PFAS mixture and the aforementioned outcomes, controlled for the relevant covariates. Single PFAS and the mixture tended to be associated with reduced fetal growth and CPR PI, but few associations reached statistical significance. Legacy PFAS PFOS, PFHpA, and PFDoDa were associated with statistically significant decreases in fetal weight z-score of 0.13 (95%CI (-0.22, -0.04), 0.06 (-0.10, 0.01), and 0.05 (-0.10, 0.00), respectively, per doubling of concentration. The PFAS mixture was associated with a non-statistically significant 0.09 decrease in birth weight z-score (95%CI -0.22, 0.04) per quartile increase. This study suggests that legacy PFAS may be associated with reduced fetal growth, but associations for next generation PFAS and for the PFAS mixture were less conclusive. Associations between PFAS and fetoplacental hemodynamics warrant further investigation.",Knox Bethany; Güil-Oumrait Nuria; Basagaña Xavier; Cserbik Dora; Dadvand Payam,Environment international,2024,10.1016/j.envint.2024.109090
38648982,"Per-and polyfluoroalkyl (PFAS) eternal pollutants: Sources, environmental impacts and treatment processes.","Per- and polyfluoroalkyl substances (PFAS) have become a growing environmental concern due to their tangible impacts on human health. However, due to the large number of PFAS compounds and the analytical difficulty to identify all of them, there are still some knowledge gaps not only on their impact on human health, but also on how to manage them and achieve their effective degradation. PFAS compounds originate from man-made chemicals that are resistant to degradation because of the presence of the strong carbon-fluorine bonds in their chemical structure. This review consists of two parts. In the first part, the environmental effects of fluorinated compound contamination in water are covered with the objective to highlight how their presence in the environment adversely impacts the human health. In the second part, the focus is put on the different techniques available for the degradation and/or separation of PFAS compounds in different types of waters. Examples of removal/treatment of PFAS present in either surface or ground water are presented.",Rekik Hela; Arab Hamed; Pichon Loick; El Khakani My Ali; Drogui Patrick,Chemosphere,2024,10.1016/j.chemosphere.2024.142044
36255596,Occurrence and Risks of Per- and Polyfluoroalkyl Substances in Shellfish.,"Per- and polyfluoroalkyl substances (PFAS) are a diverse class of persistent, fluorinated surfactants used widely in industrial and commercial applications with known adverse health effects. Seafood consumption is thought to be an underappreciated source of PFAS exposure in the general population. This review synthesizes the current understanding of PFAS occurrence in shellfish, a term used to describe animals such as mollusk bivalves, certain gastropods (snails), cephalopods (e.g., octopuses and squid), and crustaceans, and highlights scientific gaps relative to bioaccumulation and the protection of shellfish consumers. A range of sampling methodologies are used across studies, and the suite of PFAS surveyed across studies is highly variable. Concentrations of PFAS observed in shellfish vary by geographic location, shellfish species, habitat, and across PFAS compounds, and studies informing estimates of bioaccumulation of PFAS in shellfish are extremely limited at this time. This review identifies several important opportunities for researchers to standardize PFAS sampling techniques, sample preparation, and analytical methodologies to allow for better comparison of PFAS analytes both within and across future studies. Increasing the range of geographic locations where samples are collected is also a critical priority to support a greater knowledge of worldwide PFAS contamination. When put into the context of risk to consumer, concentrations of PFAS, especially PFOS, found in shellfish collected from sites containing aqueous film-forming foam (AFFF) and industrial contamination may present risks to frequent consumers. Further research is needed to protect shellfish consumers and to inform shellfish advisories and health protective policies.",Giffard Nathan G; Gitlin Saige A; Rardin Marta; Petali Jonathan M; Chen Celia Y,Current environmental health reports,2022,10.1007/s40572-022-00379-z
40845633,Xenobiotic-induced liver injury: Molecular mechanisms and disease progression.,"Environmental xenobiotics comprising a wide array of natural and synthetic chemicals are an escalating global health concern due to their persistent presence in ecosystems and their profound impact on human liver health. The liver, as the body's principal detoxification organ, is especially vulnerable to these substances, which are commonly encountered through ingestion, inhalation, or dermal exposure. This review systematically categorizes key classes of environmental xenobiotics, including aflatoxins, alcohol, polychlorinated biphenyls (PCBs), per- and polyfluoroalkyl substances (PFAS), polycyclic aromatic hydrocarbons (PAHs), pesticides, heavy metals, bisphenol A (BPA), aristolochic acids, cyanotoxins, and nitrosamines, based on their sources and chemical properties. Drawing from both human and experimental studies, we examine a spectrum of hepatic outcomes ranging from steatosis, fibrosis, and cholestatic injury to hepatocellular carcinoma (HCC) and drug-induced liver injury (DILI). Evidence from recent cohort studies and in vivo models highlights that even low-dose, chronic exposures can lead to subtle yet progressive liver dysfunction, often modulated by host factors such as sex, age, diet, and pre-existing metabolic conditions. Mechanistically, xenobiotics exert hepatotoxic effects through pathways including cytochrome P450-mediated bioactivation, oxidative stress, mitochondrial impairment, DNA damage, inflammation, and immune dysregulation. We further explore how these chemicals disrupt critical signaling pathways involving nuclear receptors such as peroxisome proliferator-activated receptor alpha (PPARα), constitutive androstane receptor (CAR), and aryl hydrocarbon receptor (AhR), ultimately interfering with lipid homeostasis and bile acid metabolism. Additionally, the role of the gut-liver axis emerges as a crucial mediator, with alterations in gut microbiota composition influencing xenobiotic bioavailability and hepatic inflammation. Co-exposure scenarios, such as concurrent infections with hepatitis B or C viruses, appear to amplify liver injury, highlighting the complexity of environmental and biological interactions in liver disease pathogenesis. Taken together, this review underscores the urgent need for interdisciplinary research spanning toxicology, epidemiology, and systems biology to better understand the multifaceted effects of xenobiotics on liver health. These insights are critical to inform public health policies, refine risk assessment frameworks, and develop targeted interventions to mitigate liver-related morbidity and mortality associated with environmental exposures.",Wang Lu; Shao Zigong; Wang Xiaobei; Lu Wenqiu; Sun Hong,Ecotoxicology and environmental safety,2025,10.1016/j.ecoenv.2025.118854
38501493,"Per- and Polyfluoroalkyl Substances in Water (2008-2022) and Fish (2015-2022) in The Netherlands: Spatiotemporal Trends, Fingerprints, Mass Discharges, Sources, and Bioaccumulation Factors.","Per- and polyfluoroalkyl substances (PFAS) are persistent, bioaccumulative, and toxic synthetic chemicals of concern, which have been detected in nearly all environmental compartments. The present study provides a data analysis on PFAS concentrations in the Dutch inland and coastal national waters and fish sampled from 2008 to 2022 and 2015 to 2022, respectively. Although the fish database is relatively small, the water database is unique because of its temporal dimension. It appears that PFAS are omnipresent in Dutch water and fish, with relatively small spatial differences in absolute and relative concentrations (fingerprints) and few obvious temporal trends. Only perfluorooctanoic acid and perfluorooctanesulfonic acid (PFOS) aqueous concentrations in the rivers Rhine and Scheldt have substantially decreased since 2012. Still, PFOS concentrations exceed the European water quality standards at all and fish standards at many locations. Masses of PFAS entering the country and the North Sea are roughly 3.5 tonnes/year. Generally, the data suggest that most PFAS enter the Dutch aquatic environment predominantly through diffuse sources, yet several major point sources of specific PFAS were identified using fingerprints and monthly concentration profiles as identification tools. Finally, combining concentrations in fish and water, 265 bioaccumulation factors were derived, showing no statistically significant differences between freshwater and marine fish. Overall, the analysis provides new insights into PFAS bioaccumulation and spatiotemporal trends, mass discharges, and sources in The Netherlands. Environ Toxicol Chem 2024;43:965-975. © 2024 The Authors. Environmental Toxicology and Chemistry published by Wiley Periodicals LLC on behalf of SETAC.",Jonker Michiel T O,Environmental toxicology and chemistry,2024,10.1002/etc.5846
41043503,Gestational PFAS concentrations in association with maternal depression and perceived stress during pregnancy and postpartum in the ECHO cohort.,"Depression and perceived stress are common perinatal morbidities. We assessed associations between prenatal per- and polyfluoroalkyl substances (PFAS) with prenatal and postpartum depression and perceived stress. We analyzed concentrations of 7 PFAS in maternal plasma or serum in the Environmental influences on Child Health Outcomes (ECHO) cohort (n = 4403). We ascertained prenatal depression diagnosis; prenatal and postpartum depressive symptom severity using a Patient-Reported Outcomes Measurement Information System Depression (PROMIS-D) t-score; and prenatal and postpartum perceived stress using a Perceived Stress Scale (PSS) t-score. Linear and modified Poisson models assessed associations of PFAS with outcomes. Quantile g-computation assessed PFAS mixtures. We evaluated effect modification by nativity and Social Vulnerability Index. N-MeFOSAA was positively associated, PFDA was inversely associated, and PFOS and PFOA were nonlinearly associated with multiple outcomes. For example, the highest category of N-MeFOSAA was associated with 0.93 (95 %CI: -0.17, 2.03) units higher postpartum PROMIS-D t-scores, and 1.88 (95 %CI: 1.05, 2.72) units higher postpartum PSS t-scores. In contrast, the highest category of PFDA was associated with 25 % (risk ratio [RR]: 0.75 [95 %CI: 0.56, 1.01]) lower risk of depression diagnosis and 0.83 (95 %CI: 0.14, 1.51) units lower prenatal PSS t-scores. The middle and highest categories of PFOS were associated with 26 % (RR: 1.26 [95 %CI: 1.05,1.52]) higher and 38 % (RR: 0.62 [95 %CI: 0.37, 1.05]) lower risk of depression diagnosis; and 0.97 (95 %CI: 0.09, 1.84) units higher and 0.04 (95 %CI: -1.53, 1.62) units lower prenatal PSS t-score. Some PFAS may be associated with altered depressive symptoms and perceived stress; investigation into mechanisms is needed.",Mitro Susanna D; Yang Wei; Ferrara Assiamira; Hedderson Monique M; Aung Max,Environmental research,2025,10.1016/j.envres.2025.122997
40255499,"Constitutive androstane receptor, liver pathophysiology and chemical contaminants: current evidence and perspectives.","The Constitutive Androstane Receptor (CAR) (NR1I3), a pivotal member of the xenosensor family, plays a key role in the hepatic detoxification of xenobiotic and endobiotic chemicals through the induction of the expression of drug-metabolizing enzymes and transporters. CAR's involvement extends beyond detoxification, influencing gluconeogenesis, lipogenesis, bile acid regulation, and cellular processes such as proliferation, tissue regeneration, and carcinogenesis. This review explores CAR regulation by various factors, highlighting its role in mediating metabolic changes induced by environmental contaminants. A literature search was conducted to identify all articles on the PubMed website in which the CAR-contaminant and CAR-hepatic steatosis relationship is analyzed in both  Numerous contaminants, such as perfluorooctanoic acid (PFOA), Zearalenone mycotoxin, PCB, triazole fungicide propiconazole can activate hepatic nuclear receptors contributing to the development of steatosis through increased  Experimental and epidemiological data suggest that endocrine disruptors, especially pesticides, play a significant role in NAFLD's development and progression via CAR-regulated pathways. This review advocates for the inclusion of modern toxicological risk assessment tools, such as New Approach Methodologies (NAMs), Adverse Outcome Pathways (AOPs), and Integrated Approaches to Testing and Assessment (IATA), to elucidate CAR-mediated effects and enhance regulatory frameworks.",De Battistis Francesca; Djordjevic Aleksandra Buha; Saso Luciano; Mantovani Alberto,Frontiers in endocrinology,2025,10.3389/fendo.2025.1472563
37976959,"Environmental impacts, exposure pathways, and health effects of PFOA and PFOS.","Per- and polyfluoroalkyl substances (PFAS) are synthetic chemicals that have been widely utilized in various industries since the 1940s, and have now emerged as environmental contaminants. In recent years, perfluorooctanoic acid (PFOA) and perfluorooctane sulfonate (PFOS) have been restricted and replaced with several alternatives. The high persistence, bioaccumulation, and toxicity of these substances have contributed to their emergence as environmental contaminants, and several aspects of their behavior remain largely unknown and require further investigation. The trace level of PFAS makes the development of a monitoring database challenging. Additionally, the potential health issues associated with PFAS are not yet fully understood due to ongoing research and inadequate evidence (experimental and epidemiological studies), especially with regard to the combined effects of exposure to PFAS mixtures and human health risks from drinking water consumption. This in-depth review offers unprecedented insights into the exposure pathways and toxicological impacts of PFAS, addressing critical knowledge gaps in their behaviors and health implications. It presents a comprehensive NABC-Needs, Approach, Benefits, and Challenges-analysis to guide future strategies for the sustainable monitoring and management of these pervasive environmental contaminants.",Wee Sze Yee; Aris Ahmad Zaharin,Ecotoxicology and environmental safety,2023,10.1016/j.ecoenv.2023.115663
37220906,Review of the zebrafish as a model to investigate per- and polyfluoroalkyl substance toxicity.,"The existence of thousands of per- and polyfluoroalkyl substances (PFAS) and evidence that some cause adverse health effects has created immense need to better understand PFAS toxicity and to move beyond one-chemical-at-a-time approaches to hazard assessment for this chemical class. The zebrafish model enables rapid assessment of large libraries of PFAS, powerful comparison of compounds in a single in vivo system, and evaluation across life stages and generations, and has led to significant advances in PFAS research in recent years. The focus of this review is to assess contemporary findings regarding PFAS toxicokinetics, toxicity and apical adverse health outcomes, and potential modes of action using the zebrafish model. Much of the peer-reviewed literature has focused on a small subset of PFAS structural subclasses, such as the perfluoroalkyl sulfonic acids and perfluoroalkyl carboxylic acids. However, recent data on more diverse PFAS structures are enabling prioritization of compounds of concern. Structure-activity comparisons and the utilization of modeling and 'omics technologies in zebrafish have greatly contributed to our understanding of the hazard potential for a growing number of PFAS and will surely inform our understanding and predictive capabilities for many more PFAS in the future.",Rericha Yvonne; Simonich Michael T; Truong Lisa; Tanguay Robyn L,Toxicological sciences : an official journal of the Society of Toxicology,2023,10.1093/toxsci/kfad051
35416231,PFAS on atmospheric aerosol particles: a review.,"Per- and polyfluoroalkyl substances (PFAS) are persistent organic pollutants of concern to human health. These synthetic chemicals are in widespread use for consumer products, firefighting foams, and industrial applications. They have been detected all over the globe, including at remote locations distant from any possible point sources. One mechanism for long-range transport of PFAS is through sorption to aerosol particles in the atmosphere. PFAS can be transferred from the sea surface to sea spray aerosol particles through wave breaking and bubble bursting, and PFAS emitted to the atmosphere in the gas phase can sorb to particulate matter through gas-particle partitioning. Here we present a comprehensive review of global measurements of PFAS on ambient particulate matter dating back to the first reports from the early 2000s. We summarize findings for the historically important C8 species, perfluorooctanoic acid (PFOA) and perfluorooctane sulfonic acid (PFOS), including detection of isomers and size-segregated measurements, as well as studies of newer and emerging PFAS. We conclude that long-term monitoring of PFAS on particulate matter should be expanded to include more measurement sites in under-sampled regions of the world and that further non-targeted work to identify novel PFAS structures is needed as PFAS manufacturing and regulations continue to evolve.",Faust Jennifer A,Environmental science. Processes & impacts,2023,10.1039/d2em00002d
41411415,Risks of per- and polyfluoroalkyl substance exposure through marine fish consumption.,"Global food trade expansion has enriched diets worldwide but also heightened concerns about contaminant spread. Per- and polyfluoroalkyl substances (PFAS) can persist in the environment for decades, yet their risks through food trade remain unclear. The global median estimated daily intake (EDI) of C8-PFAS (perfluorooctanoic acid and perfluorooctane sulfonate) (0.023 nanograms per kilograms per day) was mapped from 212 marine fish species, which indicated higher EDIs in North America, Oceania, and Europe. Furthermore, European countries play a pivotal role in C8-PFAS trade flows, markedly reshaping exposure pathways and driving increased exposure in many nations. These dynamics highlight the importance of establishing food-safety regulations and international trade standards. Although perfluorooctane sulfonate hazard index decreased by 72% after its 2009 regulations, unregulated long-chain PFAS continue to pose elevated risks.",Qiu Wenhui; Yang Ge; Cao Ling; Niu Shan; Li Yuzhe,"Science (New York, N.Y.)",2025,10.1126/science.adr0351
40444251,Association between perfluoroalkyl and polyfluoroalkyl substances and adolescents' sleep disorders: NHANES 2005-2018.,"Previous research indicates that per- and polyfluoroalkyl substances (PFAS) can disrupt metabolism and neurological function via endocrine pathway interference and neuroinflammation. These effects may impair melatonin secretion and disrupt circadian rhythm regulation, suggesting potential links to sleep health. However, the impact of PFAS exposure on adolescent sleep remains unclear. This study examines the associations between PFAS exposure and sleep health indicators in U.S. adolescents. Data from 838 adolescents who participated in the 2005-2018 National Health and Nutrition Examination Survey (NHANES) were analyzed to investigate the association between PFAS exposure and physician-diagnosed sleep disorders. Eight PFAS compounds were identified. Multivariate logistic regression models, restricted cubic spline (RCS) curves, Bayesian kernel machine regression (BKMR), and weighted quantile sum (WQS) regression were used to assess single, linear, and combined effects on adolescent sleep disorders. Negative associations were observed between adolescent sleep disorders and three PFAS compounds, specifically perfluorooctanoic acid (PFOA), perfluorooctanesulfonic acid (PFOS), and perfluorononanoic acid (PFNA). RCS analysis revealed a significant linear relationship ( Our findings indicate a negative correlation between specific PFAS and specific sleep disorders in adolescents, with PFOS being the dominant effect component in the PFAS mixture and stronger effects observed in females. However, due to the cross-sectional nature of the study, a causal relationship cannot be established. These results highlight the potential public health impact of PFAS exposure and the need to further investigate the underlying mechanisms and causal pathways in future longitudinal or experimental studies.",Gao Bocheng; Gong Yanju; Lu Yan; Gou Shuhua; Lai Xingyue,Frontiers in nutrition,2025,10.3389/fnut.2025.1584281
35740585,Toward a Mechanistic Understanding of Poly- and Perfluoroalkylated Substances and Cancer.,"Poly- and perfluoroalkylated substances (PFAS) are chemicals that persist and bioaccumulate in the environment and are found in nearly all human populations through several routes of exposure. Human occupational and community exposure to PFAS has been associated with several cancers, including cancers of the kidney, testis, prostate, and liver. While evidence suggests that PFAS are not directly mutagenic, many diverse mechanisms of carcinogenicity have been proposed. In this mini-review, we organize these mechanisms into three major proposed pathways of PFAS action-metabolism, endocrine disruption, and epigenetic perturbation-and discuss how these distinct but interdependent pathways may explain many of the proposed pro-carcinogenic effects of the PFAS class of environmental contaminants. Notably, each of the pathways is predicted to be highly sensitive to the dose and window of exposure which may, in part, explain the variable epidemiologic and experimental evidence linking PFAS and cancer. We highlight testicular and prostate cancer as models to validate this concept.",Boyd Raya I; Ahmad Saeed; Singh Ratnakar; Fazal Zeeshan; Prins Gail S,Cancers,2022,10.3390/cancers14122919
31376490,Pollen food allergy syndrome (PFAS): A review of current available literature.,"Pollen food allergy syndrome (PFAS) is a complex syndrome posing a diagnostic and therapeutic challenge. Our objective was to summarize the available literature regarding its prevalence, pathogenesis, diagnosis, and treatment. A PubMed search was performed to include English language articles with the following search terms: pollen food syndrome, pollen food allergy syndrome, PFAS, oral allergy syndrome, OAS, food anaphylaxis, food components. Human articles discussing PFAS. Varying reports have been made of the prevalence of PFAS, ranging from 4.7% to greater than 20% in children and 13% to 58% in adults. Prevalence varies widely by geographic region. PFAS is typically the results of class II food allergens (e.g. sensitized to anaeroallergen, but reaction occurs due to cross reactivity from a food allergen). Commonly these reactions are limited to the oropharynx due to the lability of the proteins causing the reaction. As multiple families of proteins with varying stability cause PFAS, severe systemic reactions are also possible, as anaphylactic shock has been documented in up to 1.7% of reactions. Pollen food allergy syndrome therefore cannot be dismissed as a benign food allergy, but it needs to be approached individually based on known risk factors.",Carlson Geoffrey; Coop Christopher,"Annals of allergy, asthma & immunology : official publication of the American College of Allergy, Asthma, & Immunology",2019,10.1016/j.anai.2019.07.022
33443261,PFAS soil and groundwater contamination ,"In order to understand the extent to which airborne PFAS emission can impact soil and groundwater, we conducted a sampling campaign in areas of conserved forest lands near Bennington, VT/Hoosick Falls, NY. This has been home to sources of PFAS air-emissions from Teflon-coating operations for over 50 years. Since 2015, the Vermont and New York Departments of Environmental Conservation have documented ∼1200 residential wells and two municipal water systems across a 200 km2 area contaminated with perfluorooctanoic acid (PFOA). Given the large areal extent of the plume, and the fact that much of the contaminated area lies up-gradient and across rivers from manufactures, we seek to determine if groundwater contamination could have resulted primarily from air-emission, land deposition, and subsequent leaching to infiltrating groundwater. Sampling of soils and groundwater in the Green Mountain National Forest (GMNF) downwind of factories shows that both soil and groundwater PFOA contamination extend uninterrupted from inhabited areas into conserved forest lands. Groundwater springs and seeps in the GMNF located 8 km downwind, but >300 meters vertically above factories, contain up to 100 ppt PFOA. Our results indicate that air-emitted PFAS can contaminate groundwater and soil in areas outside of those normally considered down-gradient of a source with respect to regional groundwater flow.",Schroeder Tim; Bond David; Foley Janet,Environmental science. Processes & impacts,2021,10.1039/d0em00427h
33147335,Persistent organic pollutants and couple fecundability: a systematic review.,"Despite increasing regulation, exposure to persistent organic pollutants (POPs) remains a serious public health concern due to their accumulation in the environment and ability to biomagnify up the food chain. POPs are associated with endocrine-disrupting effects including adverse reproductive outcomes that could affect fecundability, i.e. the capacity to conceive a pregnancy, quantified as time to pregnancy (TTP). Results of epidemiologic studies that examine the impact of various chemical classes of POPs on TTP have not been synthesised. We undertook a systematic review to summarise the strength of evidence for associations of four common groups of POPs with couple fecundability and to identify gaps and limitations in the literature in order to inform policy decisions and future research. We performed an electronic search of literature published between 1 January 2007 and 6 August 2019 in MEDLINE, EMBASE.com, Global Health, DART/TOXLINE and POPLINE. We included empirical research papers that examined human exposure to organochlorine (OC) pesticides, brominated flame retardants, polychlorinated organic compounds and/or per- and polyfluoroalkyl substances (PFAS) and considered TTP or fecundability as an outcome. Standardised forms for screening, data extraction and study quality were developed using DistillerSR software, and all reviews were completed in duplicate. We used the Newcastle-Ottawa Scale to assess risk of bias and devised additional quality metrics based on specific methodological features of fecundability studies. The search returned 4573 articles, and 28 papers from 19 different studies met inclusion criteria. Among them, four studies measured TTP prospectively, three had data on participants' prenatal exposure, three examined associations in both male and female partners and one focused exclusively on males. Analyses varied widely in terms of exposure characterisation, precluding a meta-analytic approach. Evidence was strongest for adverse associations of female exposure to polychlorinated biphenyls with TTP, with some additional support for associations of female exposure to polybrominated diphenyl ethers and PFAS with longer TTP. Our review provided little or no support for associations between female exposure to OC pesticides or male exposure to any of the POP groups and TTP. Evidence suggests that female exposure to at least some POPs may reduce fecundability. Although many of these chemicals are no longer in production, they are still detectable in human biosamples because of their persistence in the environment. Replacement chemicals that are being introduced as older ones are restricted may have similar reproductive consequences. Future studies should examine these newer POPs, assess interactions between POPs and other chemical and non-chemical exposures, investigate how POPs are distributed in and metabolised by the human body and focus on populations that may be disproportionately exposed.",Kahn Linda G; Harley Kim G; Siegel Eva L; Zhu Yeyi; Factor-Litvak Pam,Human reproduction update,2021,10.1093/humupd/dmaa037
37204869,Predicting Interfacial Tension and Adsorption at Fluid-Fluid Interfaces for Mixtures of PFAS and/or Hydrocarbon Surfactants.,"Many per- and polyfluoroalkyl substances (PFAS) are surface-active and adsorb at fluid-fluid interfaces. The interfacial adsorption controls PFAS transport in multiple environmental systems, including leaching through soils, accumulation in aerosols, and treatment methods such as foam fractionation. Most PFAS contamination sites comprise mixtures of PFAS as well as hydrocarbon surfactants, which complicates their adsorption behaviors. We present a mathematical model for predicting interfacial tension and adsorption at fluid-fluid interfaces for multicomponent PFAS and hydrocarbon surfactants. The model is derived from simplifying a prior advanced thermodynamic-based model and applies to nonionic and ionic mixtures of the same charge sign with swamping electrolytes. The only required model inputs are the single-component Szyszkowski parameters obtained for the individual components. We validate the model using literature interfacial tension data of air-water and NAPL (non-aqueous phase liquid)-water interfaces covering a wide range of multicomponent PFAS and hydrocarbon surfactants. Application of the model to representative porewater PFAS concentrations in the vadose zone suggests competitive adsorption can significantly reduce PFAS retention (up to 7 times) at some highly contaminated sites. The multicomponent model can be readily incorporated into transport models to simulate the migration of mixtures of PFAS and/or hydrocarbon surfactants in the environment.",Guo Bo; Saleem Hassan; Brusseau Mark L,Environmental science & technology,2023,10.1021/acs.est.2c08601
37920427,Perspective on halogenated organic compounds.,"During the past century, a vast number of organic chemicals have been manufactured and used in industrial, agricultural, public health, consumer products, and other applications. The widespread use in bulk quantities of halogenated organic chemicals (HOCs; also called Organohalogens), including chlorinated, brominated, and fluorinated compounds, and their persistent nature have resulted in global environmental contamination. Increasing levels of HOCs in environmental media (i.e",Kodavanti Prasada Rao S; Costa Lucio G; Aschner Michael,Advances in neurotoxicology,2023,10.1016/bs.ant.2023.06.001
38609943,Associations of per- and polyfluoroalkyl substances (PFAS) and their mixture with risk of rheumatoid arthritis in the U.S. adult population.,"Per- and polyfluoroalkyl substances (PFAS) are known environmental contaminants with immunosuppressive properties. Their connection to rheumatoid arthritis (RA), a condition influenced by the immune system, is not well studied. This research explores the association between PFAS exposure and RA prevalence. This research utilized data from the NHANES, encompassing a sample of 10,496 adults from the 2003-2018 cycles, focusing on serum levels of several PFAS. The presence of RA was determined based on self-reports. This study used multivariable logistic regression to assess the relationship between individual PFAS and RA risk, adjusting for covariates to calculate odds ratios (ORs). The combined effects of PFAS mixtures were evaluated using BKMR, WQS regression, and quantile g-computation. Additionally, sex-specific associations were explored through stratified analysis. Higher serum PFOA (OR = 0.88, 95% CI: 0.79, 0.98), PFHxS (OR = 0.91, 95% CI: 0.83, 1.00), PFNA (OR = 0.87, 95% CI: 0.77, 0.98), and PFDA (OR = 0.89, 95% CI: 0.81, 0.99) concentration was related to lower odds of RA. Sex-specific analysis in single chemical models indicated the significant inverse associations were only evident in females. BKMR did not show an obvious pattern of RA estimates across PFAS mixture. The outcomes of sex-stratified quantile g-computation demonstrated that an increase in PFAS mixture was associated with a decreased odds of RA in females (OR: 0.76, 95% CI: 0.62, 0.92). We identified a significant interaction term of the WQS*sex in the 100 repeated hold out WQS analysis. Notably, a higher concentration of the PFAS mixture was significantly associated with reduced odds of RA in females (mean OR = 0.93, 95% CI: 0.88, 0.98). This study indicates potential sex-specific associations of exposure to various individual PFAS and their mixtures with RA. Notably, the observed inverse relationships were statistically significant in females but not in males. These findings contribute to the growing body of evidence indicating that PFAS may have immunosuppressive effects.",Qiao Jian-Chao; Li Zhen-Hua; Ma Yu-Bo; Ma Hui-Ya; Zhang Meng-Yue,Environmental health : a global access science source,2024,10.1186/s12940-024-01073-3
36848373,Bioaccumulation of Per- and Polyfluoroalkyl Substances (PFAS) in Ferns: Effect of PFAS Molecular Structure and Plant Root Characteristics.,"The present study assessed the bioaccumulation potential of per- and polyfluoroalkyl substances (PFAS) in ferns and linked root uptake behaviors to root characteristics and PFAS molecular structure. Tissue and subcellular-level behavioral differences between alternative and legacy PFAS were compared via an electron probe microanalyzer with energy dispersive spectroscopy (EPMA-EDS) and differential centrifugation. Our results show that ferns can accumulate PFAS from water, immobilize them in roots, and store them in harvestable tissue. The PFAS loading in roots was dominated by PFOS; however, a substantial amount of associated PFOS could be rinsed off by methanol. Correlation analyses indicated that root length, surface and project area, surface area per unit length of the root system, and molecular size and hydrophobicity of PFAS were the most significant factors affecting the magnitude of root uptake and upward translocation. EPMA-EDS images together with exposure experiments suggested that long-chain hydrophobic compounds tend to be adsorbed and retained on the root epidermis, while short-chain compounds are absorbed and quickly translocated upward. Our findings demonstrated the feasibility of using ferns in phytostabilization and phytoextraction initiatives of PFAS in the future.",Qian Shenhua; Lu Hongying; Xiong Tiantian; Zhi Yue; Munoz Gabriel,Environmental science & technology,2023,10.1021/acs.est.2c06883
37499541,Potential impact of bacteria on the transport of PFAS in porous media.,"The transport and fate of per- and poly-fluoroalkyl substances (PFAS) in soil and groundwater is a topic of critical concern. A number of factors and processes may influence the transport and fate of PFAS in porous media. One factor that has received minimal attention to date is the impact of bacteria on the retention and transport of PFAS, which is the focus of this current study. The first part of this work comprised a critical review of prior studies to delineate observed PFAS-bacteria interactions and to summarize the mechanisms of PFAS sorption and retention by bacteria. Retention of PFAS by bacteria can occur through sorption onto cell surfaces and/or by incorporation into the cell interior. Factors such as the molecular structure of PFAS, solution chemistry, and bacterial species can affect the magnitude of PFAS sorption. The influence of bacteria on the retention and transport of PFAS was investigated in the second part of the study with a series of batch and miscible-displacement experiments. Batch experiments were conducted using Gram-negative Pseudomonas aeruginosa and Gram-positive Bacillus subtilis to quantify the sorption of perfluorooctane sulfonic acid (PFOS). The results indicated that both bacteria showed strong adsorption of PFOS, with no significant difference in adsorption capacity. Miscible-displacement experiments were then conducted to examine the retention and transport of PFOS in both untreated sand and sand inoculated with Pseudomonas aeruginosa or Bacillus subtilis for 1 and 3 days. The transport of PFOS exhibited greater retardation for the experiments with inoculated sand. Furthermore, the enhanced sorption was greater for the 3-day inoculation compared to the 1-day, indicating that biomass is an important factor affecting PFOS transport. A mathematical model representing transport with nonlinear and rate-limited sorption successfully simulated the observed PFOS transport. This study highlights the need for future studies to evaluate the effect of bacteria on the transport of PFAS in soil and groundwater.",Dai Mengfan; Yan Ni; Brusseau Mark L,Water research,2023,10.1016/j.watres.2023.120350
40937346,"Characteristics of Spatial Distribution, Health Risk Assessment, and Regulation of PFAS in Global Drinking Water.","This study systematically evaluated the spatial distribution, health risks, and regulation of per- and polyfluoroalkyl substances (PFAS) in global drinking water using the PubMed and Web of Science databases (January 1, 2000 to February 25, 2025). Among the 122 studies reviewed, perfluorooctanoic acid (PFOA) and perfluorooctane sulfonate (PFOS) received the greatest research attention (detected in 102 and 100 studies, respectively) and showed the highest detection rates (64.69% and 60.72%, respectively). Several other compounds, including perfluorooctane sulfonamide, perfluorobutanesulfonamide, and perfluoropropane sulfonate, also exhibited high detection rates but remain underregulated, underscoring the need for further research and regulatory oversight. The three countries with the highest concentrations of [Formula: see text] were the Republic of Korea, the United States, and China. Risk assessments indicated that perfluorohexanoic acid, perfluorobutanoic acid, and perfluorobutanesulfonic acid posed negligible health risks, while perfluorohexane sulfonic acid (PFHxS), PFOA, PFOS, and perfluorononanoic acid (PFNA) showed descending levels of health risk (PFHxS > PFOA > PFOS > PFNA). Regulatory approaches are shifting from compound-specific standards to integrated mixture-based frameworks, reinforced by progressively stringent limits.",Ma Jinsha; Shao Muzhi; Fan Weiwei; Chen Fengge; Hao Yuantao,China CDC weekly,2025,10.46234/ccdcw2025.196
33744484,Environmental exposure to per- and polyfluoroalkyl substances mixture and male reproductive hormones.,"Previous epidemiological studies on the relationship between per- and polyfluoroalkyl substances (PFAS) exposure and male reproductive hormones were mainly limited to a few legacy PFAS and ignored the possible mixture effects. To assess the associations of PFAS mixture, branched isomers and emerging alternatives of PFAS with male reproductive hormones. A total of 902 men (mean age: 31.3 years) were recruited in this cross-sectional study. We quantified 24 targeted PFAS, including 7 branched PFOS isomers, 2 branched PFOA isomers and 2 components of F-53B, in blood plasma. Five reproductive hormones, including total testosterone (TT), estradiol (E After adjusting for confounders, we found that PFAS mixture was significantly and inversely associated with E Our findings provided the evidence that PFAS mixture may reduce E",Luo Kai; Liu Xiaotu; Nian Min; Wang Yuqing; Qiu Jin,Environment international,2021,10.1016/j.envint.2021.106496
39486543,"The trends of per-and polyfluoroalkyl substances (pfas) in drinking water systems in Maryland, United States.","Per- and polyfluoroalkyl substances (PFAS) have become a major concern in water quality management because of their persistence in the environment and associated health risks. In Maryland, the diverse water resources and densely populated areas, faces unique challenges culminating from PFAS contamination. This research paper presents a comprehensive overview of PFAS contamination trends in Maryland's drinking water systems across four distinct phases, spanning from 2019 to 2022, it highlights the trends of PFAS contamination, environmental and public health risks, and strategies for effective management. Utilizing data from extensive monitoring efforts conducted in the state, the study reveals a persistent and evolving environmental health challenge characterized by the dominance of different PFAS compounds, particularly PFOS and PFOA, found at concerning concentrations. Mean concentrations of total PFOA/PFOS across the sampling periods were at 18.78 ng/L, 7.28 ng/L, 14.60 ng/L, 12.46 ng/L, significantly surpassing the EPA's 2024 maximum contaminant levels of 4 ng/L for PFOA and PFOS. Despite fluctuations observed across sampling phases, PFAS levels consistently surpass EPA health advisory levels, indicating widespread contamination. Potential sources, such as industrial sites and wastewater treatment plants, underscore the need for robust regulatory enforcement and innovative remediation strategies to safeguard public health. The findings emphasize the necessity for continuous monitoring and multi-faceted mitigation approaches to address PFAS contamination effectively, ensuring the safety of Maryland's water resources and the health of its residents.",Duru Chichedo I; Kang Dong Hee; Sherchan Samendra P,The Science of the total environment,2024,10.1016/j.scitotenv.2024.177152
39550829,Prenatal exposure to per- and polyfluoroalkyl substances (PFAS) and their influence on inflammatory biomarkers in pregnancy: Findings from the LIFECODES cohort.,"Per- and polyfluoroalkyl substances (PFAS) are fluorinated chemicals linked to adverse pregnancy and birth outcomes. However, the underlying mechanisms, specifically their effects on maternal inflammatory processes, are not well characterized. We examined associations between prenatal PFAS exposure and repeated measures of inflammatory biomarkers, including C-reactive protein (CRP) and four cytokines [Interleukin-10 (IL-10), IL-1β, IL-6, and tumor necrosis factor-α (TNF-α)]. We analyzed data from 469 pregnant women in a nested case-control study of preterm birth at Brigham and Women's Hospital in Boston, Massachusetts (2006-2008). We measured nine PFAS in early pregnancy plasma samples (median gestation: 10 weeks), with inflammatory biomarkers measured at median gestations of 10, 18, 26, and 35 weeks. We used linear mixed models for repeated measures and multivariable regression for visit-specific analysis to examine associations between each PFAS and inflammation biomarker, adjusting for maternal demographics, pre-pregnancy BMI, and parity. We examined the effects of PFAS mixture using sum of all PFAS (∑PFAS) and quantile-based g-computation approaches. We observed consistent inverse associations between most PFAS and cytokines, specifically IL-10, IL-6, and TNF-α, in both single pollutant and mixture analyses. For example, an interquartile range increase in perfluorooctanesulfonic acid was associated with -10.87 (95% CI: -19.75, -0.99), -13.91 (95% CI: -24.11, -2.34), and -8.63 (95% CI: -14.51, -2.35) percent change in IL-10, IL-6, and TNF-α levels, respectively. Fetal sex, maternal race, and visit-specific analyses showed associations between most PFAS and cytokines were generally stronger in mid-pregnancy and among women who delivered males or identified as African American. The observed suppression of both regulatory (IL-10) and pro-inflammatory (TNF-α) cytokines suggests that PFAS may alter maternal inflammatory processes or immune functions during pregnancy. Further research is needed to understand the effects of both legacy and newer PFAS on inflammatory pathways and their broader clinical implications.",Siwakoti Ram C; Harris Sean M; Ferguson Kelly K; Hao Wei; Cantonwine David E,Environment international,2024,10.1016/j.envint.2024.109145
39183960,An Umbrella Review of Meta-Analyses Evaluating Associations between Human Health and Exposure to Major Classes of Plastic-Associated Chemicals.,,Symeonides Christos; Aromataris Edoardo; Mulders Yannick; Dizon Janine; Stern Cindy,Annals of global health,2024,10.5334/aogh.4459
37261084,Occurrence and Bioaccumulation Patterns of Per- and Polyfluoroalkyl Substances (PFAS) in the Marine Environment.,"Per- and polyfluoroalkyl substances (PFAS) are a group of synthetic compounds used in commercial applications, household products, and industrial processes. The concern around the environmental persistence, bioaccumulation and toxicity of this vast contaminant class continues to rise. We conducted a review of the scientific literature to compare patterns of PFAS bioaccumulation in marine organisms and identify compounds of potential concern. PFAS occurrence data in seawater, sediments, and several marine taxa was analyzed from studies published between the years 2000 and 2020. Taxonomic and tissue-specific differences indicated elevated levels in protein-rich tissues and in air-breathing organisms compared to those that respire in water. Long-chain perfluoroalkyl carboxylic acids, particularly perfluoroundecanoic acid, were detected at high concentrations across several taxa and across temporal studies indicating their persistence and bioaccumulative potential. Perfluorooctanesulfonic acid was elevated in various tissue types across taxa. Precursors and replacement PFAS were detected in several marine organisms. Identification of these trends across habitats and taxa can be applied towards biomonitoring efforts, determination of high-risk taxa, and criteria development. This review also highlights challenges related to PFAS biomonitoring including (i) effects of environmental and biological variables, (ii) evaluation of protein binding sites and affinities, and (iii) biotransformation of precursors.",Khan Bushra; Burgess Robert M; Cantwell Mark G,ACS ES&T water,2023,10.1021/acsestwater.2c00296
35738199,Coupled high and low-frequency ultrasound remediation of PFAS-contaminated soils.,"Solids such as soils and sediments contaminated with per- and polyfluorinated alkyl substances (PFAS) from exposure to impacted media, e.g., landfill leachate or biosolids, direct contaminated discharge, and contaminant transport from atmospheric deposition, have caused significant environmental pollution. Such solids can act as secondary sources of PFAS for groundwater and surface water contamination. There are currently no proven technologies that can degrade PFAS in soil and sediments in a cost-effective, environmentally-friendly, and energy-efficient manner. This study examines the use of coupled high and low-frequency ultrasound in desorbing and degrading PFAS in soil, thereby achieving concurrent treatment and destruction of PFAS in soil. Two common PFAS, namely perfluorooctanoic acid (PFOA) and perfluorooctane sulfonic acid (PFOS), were used to evaluate treatment performance in soils with both low and high organic matter contents. The test results showed that the ultrasound treatment could significantly reduce PFAS concentrations in artificially contaminated soil; however, no significant degradation was achieved. Ultrasound treatment did improve desorption of PFAS from solid particles, particularly from the highly absorbent organic soil; 68.8 ± 1.8% of PFOA and 45.4 ± 4.1% of PFOS were leached from the soil after ultrasound treatment compared to only 28 ± 0.2% of PFOA and 1 ± 3.1% of PFOSafter desorption in water. This work shows that sonication treatment is an effective technology for the removal of PFAS from solids, however, the presence of solids in the solid-liquid slurry can negatively impact ultrasonic cavitation, inhibiting the sonolytic degradation of desorbed PFAS.",Kewalramani Jitendra A; Wang Boran; Marsh Richard W; Meegoda Jay N; Rodriguez Freire Lucia,Ultrasonics sonochemistry,2022,10.1016/j.ultsonch.2022.106063
39955867,Association between exposure to per- and polyfluoroalkyl substances (PFAS) and chronic cough in American adults: Results from NHANES 2003-2012.,"Chronic cough, which affects approximately 10 % of the global population, is recognized as a significant health issue, especially among females. Recent research suggests that chronic cough may be an independent disease rather than merely a symptom of other conditions. This study focuses on the potential role of exposure to perfluoroalkyl and polyfluoroalkyl substances (PFAS) in the development of chronic cough, noting that PFAS exposure has been linked to various adverse health outcomes. We aimed to explore the association between PFAS exposure and the risk of chronic cough in the U.S. population, analyzing data from the National Health and Nutrition Examination Survey (NHANES) from 2003 to 2012 and examining potential sex-based differences. Our findings reveal several factors independently associated with an increased incidence of chronic cough, including elevated levels of serum perfluorobutane sulfonic acid (PFBS) and perfluoroheptanoic acid (PFHP). The multi-pollutant models consistently demonstrated a significant positive correlation between PFAS exposure and a higher risk of chronic cough in adult males, with PFBS and PFHP as the primary contributors. However, due to the cross-sectional design of the NHANES study, further research is necessary to elucidate the precise mechanisms by which PFAS contribute to chronic cough.",Wu Wenlong; Wang Yue; Li Wenhao; Shen Jiran; Zhang Binbin,Ecotoxicology and environmental safety,2025,10.1016/j.ecoenv.2025.117901
35569538,Health-related toxicity of emerging per- and polyfluoroalkyl substances: Comparison to legacy PFOS and PFOA.,"Per- and polyfluoroalkyl substances (PFAS) are highly persistent, manufactured chemicals used in various manufacturing processes and found in numerous commercial products. With over 9000 compounds belonging to this chemical class, there is increasing concern regarding human exposure to these compounds due to their persistent, bioaccumulative, and toxic nature. Human exposure to PFAS may occur from a variety of exposure sources, including, air, food, indoor dust, soil, water, from the transfer of PFAS from non-stick wrappers to food, use of cosmetics, and other personal care products. This critical review presents recent research on the health-related impacts of PFAS exposure, highlighting compounds other than Perfluorooctanoic acid (PFOA) and Perfluoroctane sulfonate (PFOS) that cause adverse health effects, updates the current state of knowledge on PFAS toxicity, and, where possible, elucidates cause-and-effect relationships. Recent reviews identified that exposure to PFAS was associated with adverse health impacts on female and male fertility, metabolism in pregnancy, endocrine function including pancreatic dysfunction and risk of developing Type 2 diabetes, lipid metabolism and risk of childhood adiposity, hepatic and renal function, immune function, cardiovascular health (atherosclerosis), bone health including risk for dental cavities, osteoporosis, and vitamin D deficiency, neurological function, and risk of developing breast cancer. However, while cause-and-effect relationships for many of these outcomes were not able to be clearly elucidated, it was identified that 1) the evidence derived from both animal models and humans suggested that PFAS may exert harmful impacts on both animals and humans, however extrapolating data from animal to human studies was complicated due to differences in exposure/elimination kinetics, 2) PFAS precursor kinetics and toxicity mechanism data are still limited despite ongoing exposures, and 3) studies in humans, which provide contrasting results require further investigation of the long-term-exposed population to better evaluate the biological toxicity of chronic exposure to PFAS.",Jane L Espartero Lore; Yamada Miko; Ford Judith; Owens Gary; Prow Tarl,Environmental research,2022,10.1016/j.envres.2022.113431
39788533,PFAS Exposure and Male Reproductive Health: Implications for Sperm Epigenetics.,"Per- and polyfluoroalkyl substances (PFASs) are persistent environmental contaminants found in human tissues and persist in the environment, posing significant risks to reproductive health. This review examines the impact of PFAS exposure on male reproductive health, with a focus on sperm epigenetics. PFASs disrupt endocrine function by altering key reproductive hormones and impairing sperm motility, quality, and viability. Epidemiologic and animal studies highlight inconsistent yet concerning associations between PFAS exposure and semen parameters, as well as altered gene expression and DNA methylation patterns. Moreover, PFAS exposure during critical windows of development has been linked to differential impacts on male versus female pubertal development, cognitive outcomes, and reproductive physiology, emphasizing the complexity of PFAS interactions. This comprehensive analysis highlights the need for continued research into the mechanisms by which PFASs influence reproductive health and development with potential implications for sperm epigenetics. The review emphasizes the importance of understanding the epigenetic mechanisms behind these disruptions, particularly DNA methylation and its role in heritable changes. Investigating the epigenetic modifications driven by PFAS exposure is crucial for elucidating the mechanisms by which these chemicals influence reproductive health. Future research should focus on understanding these epigenetic changes in both immediate fertility outcomes and transgenerational health risks.",Maxwell DruAnne L; Petriello Michael C; Pilsner J Richard,Seminars in reproductive medicine,2024,10.1055/s-0044-1801363
40434424,Neurodevelopmental toxicity and mechanism of chlorinated polyfluoroalkyl ether sulfonate alternative F-53B in pubertal male rats.,"F-53B, a substitute for perfluorooctane sulfonate (PFOS), has attracted considerable concerns due to its frequent detection in environment matrices. However, the potential health risks to mammals, especially neurodevelopmental toxicity, remain unclear. In this study, 3-week-old pubertal male rats were exposed to F-53B at concentrations of 0, 0.15, 1.5, and 15 μg/kg for 3 weeks continuously. Diminished cognitive abilities were observed by morris water maze (MWM) test, F-53B exposure increased the escape latency and decreased the time spent in the target quadrant of rats. Furthermore, F-53B significantly altered neurotransmitter levels in the hippocampus. Molecular docking studies indicated that F-53B might bind to metabotropic glutamate receptor 5 (mGluR5), potentially entering neurons and causing further neurotoxicity. qRT-PCR and western blot analyses were used to assess the expression of genes and proteins related to calcium pathways. Results revealed that F-53B exposure downregulated mRNA expression of ryanodine receptors (RyRs) and the phosphorylation of inositol trisphosphate receptors (IP3Rs), while upregulating sarco/endoplasmic reticulum Ca",Sun Lu; Chen Yao; Chen Junyan; Mao Guanghua; Feng Weiwei,Archives of toxicology,2025,10.1007/s00204-025-04093-1
40992191,Retention and transport of PFAS precursor 6:2 FTS in heterogeneous variably saturated porous media.,"Many widely detected perfluoroalkyl contaminants are transformation products of perfluoroalkyl acids (PFAA) precursors, whose transport behavior has received minimal attention. This study provides the first experimental investigation of spatially resolved retention of 6:2 fluorotelomer sulfonate (6:2 FTS) in a variably saturated porous medium, influenced by adsorption at the air-water interface (AWI) and porous-medium heterogeneities. An instrumented column apparatus was constructed, equipped with 5 ports to collect in-situ porewater samples and 5 accompanying sensors to measure water content. This approach allowed quantification of in-situ retardation factors (R) at multiple depths across a wide range of water saturations (S",Hu Haiying; Yan Ni; Yin Hang; Brusseau Mark L; Liu Yao,Ecotoxicology and environmental safety,2025,10.1016/j.ecoenv.2025.119084
38941944,Quantifying levels of per- and polyfluoroalkyl Substances (PFAS) in water and serum after contamination from agricultural biosolid application.,"The National Academies of Sciences, Engineering, and Medicine recommends per- and polyfluoroalkyl substance (PFAS) blood testing for patients with risk of elevated exposure, and the Agency for Toxic Substances and Disease Registry (ATSDR) suggests PFAS blood testing based on exposure. Barriers to PFAS blood testing include cost, access to labs, and evolving laboratory methods. We quantify water and serum PFAS levels among a highly-exposed cohort in an area with groundwater contaminated by historical agricultural biosolid application. We compare the gold standard PFAS serum test with a commercial test and results from a one-compartment toxicokinetic model. Participants were adults (n = 30) whose household (n = 19) water had levels of the sum of six PFAS > 500 ng/L. Serum PFAS were measured using liquid chromatography-tandem mass spectrometry. Demographic and water consumption data were collected via telephone. Serum PFAS results from the commercial test were accessed via medical record. Statistical analysis included descriptive statistics and bivariate plots of serum levels. Perfluorohexanoic acid, perfluoroheptanoic acid (PFHpA), perfluorooctanoic acid (PFOA), perfluorononanoic acid (PFNA), perfluorobutanesulfonic acid, perfluorohexanesulfonic acid (PFHxS), and perfluorooctanesulfonic acid (PFOS) were detected in 19 wells, and PFHpA, PFOA, PFNA, perfluorodecanoic acid, perfluoroundecanoic acid, PFHxS, and PFOS were detected in at least 19 participants' serum. In well water, PFOA and PFOS levels had geometric means (GMs) of 1749 ng/L (geometric standard deviation [GSD] 2.4) and 887 ng/L (GSD 19.7), respectively. In serum, PFOA and PFOS had GMs of 116.2 µg/L (GSD 13.5) and 58.3 µg/L (GSD 13.8), respectively. Our results are comparable with and had a wider mix of PFAS than other high-exposure cohorts. There was good agreement between the commercial and gold standard tests for PFOA, PFNA, and PFHxS, and mixed agreement between the gold standard test and modeled predictions, suggesting water-based toxicokinetic models of serum PFAS may be inadequate for assessing exposure in this population.",Criswell Rachel L; Simones Thomas; Chatterjee Madhumita; Waite Jasmine; Diaz Steven,Environment international,2024,10.1016/j.envint.2024.108850
32691654,Update on pollen-food allergy syndrome.,"Allergies affect 20-30% of the population and respiratory allergies are mostly due to pollen grains from anemophilous plants. One to 5% of people suffer from food allergies and clinicians report increasing numbers of pollen-food allergy syndrome (PFAS), such that the symptoms have broadened from respiratory to gastrointestinal, and even to anaphylactic shock in the presence of cofactors. Thirty to 60% of food allergies are associated with pollen allergy while the percentage of pollen allergies associated to food allergy varies according to local environment and dietary habits. Articles published in peer-reviewed journals, covered by PubMed databank, clinical data are discussed including symptoms, diagnosis, and management. A chapter emphasizes the role of six well-known allergen families involved in PFAS: PR10 proteins, profilins, lipid transfer proteins, thaumatin-like proteins, isoflavone reductases, and β-1,3 glucanases. The relevance in PFAS of three supplementary allergen families is presented: oleosins, polygalacturonases, and gibberellin-regulated proteins. To support the discussion a few original relevant results were added. Both allergenic sources, pollen and food, are submitted to the same stressful environmental changes resulting in an increase of pathogenesis-related proteins in which numerous allergens are found. This might be responsible for the potential increase of PFAS.",Poncet Pascal; Sénéchal Hélène; Charpin Denis,Expert review of clinical immunology,2020,10.1080/1744666X.2020.1774366
33984575,"Environmental exposure to perfluoroalkyl substances in early pregnancy, maternal glucose homeostasis and the risk of gestational diabetes: A prospective cohort study.","Humans are widely exposed to environmental perfluoroalkyl substances (PFAS), which may affect glucose homeostasis. However, research linking PFAS exposure to glucose homeostasis during pregnancy is limited and the results were inconsistent. We aimed to investigate the association between PFAS exposure and glucose homeostasis in pregnancy in a large prospective cohort. A total of 2747 pregnant women who participated in the Shanghai Birth Cohort, had blood samples in early pregnancy and completed a 75 g oral glucose tolerance test (OGTT) at 24-28 gestational weeks were included. 10 PFAS were determined by high-performance liquid chromatography/tandem mass spectrometry (HPLC/MS-MS) in the plasma samples in early pregnancy. Logistic regression was used to explore the associations between PFAS concentrations and gestational diabetes mellitus (GDM), while multiple linear regression was used to model the associations between PFAS and OGTT fasting, 1-h and 2-h glucose levels. Potential confounders were adjusted. Bayesian kernel machine regression (BKMR) and a quantile-based g-computation approach (qgcomp) were employed to explore the joint and independent effects of PFAS on glucose homeostasis. The incidence of GDM was 11.8%. One log-unit increment in plasma concentrations in early pregnancy was associated with an increased risk of GDM for perfluorobutane sulfonate (PFBS) (adjusted odd ratio (aOR) = 1.23, 95% confidence interval (95% CI): 1.05, 1.44) and perfluoroheptanoic acid (PFHpA) (aOR = 1.25, 95% CI: 1.07, 1.46). Perfluorooctane sulfonic acid (PFOS), perfluorononanoic acid (PFNA), perfluorodecanoic acid (PFDA), perfluorohexanesulfonate (PFHxS) and PFHpA were positively correlated with 1-h and 2-h glucose levels. Results of the mixed exposure model showed that the joint effects of PFAS were significantly associated with abnormal glucose homeostasis; In the BKMR model, PFAS mixture exposure was positively associated with the GDM incidence, 1-h and 2-h glucose levels and negatively correlated with FBG level. A similar trend could be observed in qgcomp and the positive correlation between PFAS and 2-h glucose level was significant (β = 0.12, 95% CI: 0.04, 0.20). PFOS, PFNA and PFHpA may be the main contributors after controlling for other PFAS congeners. PFOS was significantly correlated with GDM incidence and 2-h glucose level, and PFHpA was significantly associated with FBG and 2-h glucose levels. The above associations were more prominent among women with a normal prepregnant BMI. Environmental exposure to PFAS may affect glucose homeostasis in pregnancy and increase the risk of GDM, especially in normal weight women.",Yu Guoqi; Jin Minfei; Huang Ying; Aimuzi Ruxianguli; Zheng Tao,Environment international,2021,10.1016/j.envint.2021.106621
37355130,PFAS levels in paired drinking water and serum samples collected from an exposed community in Central North Carolina.,"The community of Pittsboro, North Carolina has been documented to have extensive per- and polyfluoroalkyl substances (PFAS) contamination in its drinking water source, the Haw River, over the last 20 years. However, a detailed exposure assessment has never been conducted. In this study, we sought to characterize the PFAS in paired drinking water and blood samples collected from a small cohort of Pittsboro residents (n = 49). Drinking water and serum from blood were collected from adults in late 2019 and early 2020 and were analyzed to quantify 13 PFAS analytes. In order to explore potential health effects of PFAS exposure, serum was further analyzed for clinical chemistry endpoints that could be potentially associated with PFAS (e.g., cholesterol, liver function biomarkers). PFAS were detected in all serum samples, and some serum PFAS concentrations were 2 to 4 times higher than the median U.S. serum concentrations reported in the general U.S. population. Of the 13 PFAS in drinking water, perfluorohexanoic acid (PFHxA) was measured at the highest concentrations. PFAS levels in the current drinking water were not associated with current serum PFAS, suggesting that the serum PFAS in this cohort likely reflects historical exposure to PFAS with long half-lives (e.g., PFOS and PFOA). However, one PFAS with a shorter half-life (PFHxA) was observed to increase in serum, reflecting the temporal variability of PFHxA in river and drinking water. Statistical analyses indicated that serum PFOA and PFHxS were positively associated with total cholesterol and non-HDL cholesterol. No serum PFAS was associated with HDL cholesterol. In the clinical chemistry analyses, serum PFHxA was found to be negatively associated with electrolytes and liver enzymes (e.g., AST and ALT), and serum PFOS was found to be positively associated with the ratio of blood urea nitrogen to creatinine (BUN:Cre). While small in size, this study revealed extensive exposure to PFAS in Pittsboro and associations with clinical blood markers, suggesting potential health impacts in community residents.",Hall Samantha M; Zhang Sharon; Tait George H; Hoffman Kate; Collier David N,The Science of the total environment,2023,10.1016/j.scitotenv.2023.165091
41260040,"Multi-dimensional insights into the association between PFOA exposure and NAFLD: An integrative analysis of epidemiology, transcriptomics, and molecular docking.","Perfluorooctanoic acid (PFOA), a persistent organic pollutant from the PFAS family, is widely detected in the environment and human blood, raising significant concerns about its long-term health effects. This study explores the potential association between serum PFOA exposure and non-alcoholic fatty liver disease (NAFLD) by integrating data from the NHANES 2003-2012 cohort, global disease burden data (GBD 2021), and toxicogenomic analyses. Weighted logistic regression revealed that individuals in the highest tertile of PFOA exposure had a significantly increased risk of NAFLD (adjusted OR = 1.45, 95 % CI: 1.01-2.07). Restricted cubic spline analysis further supported a nonlinear dose-response relationship. Transcriptomic analysis identified five hub genes (IL6, IL1B, FOS, MYC, CDKN1A) potentially involved in lipid metabolism, inflammation, and cell cycle regulation. Molecular docking suggested high binding energy between PFOA and the encoded proteins, indicating possible interference with key hepatic functions. Together, these findings offer preliminary insights into potential mechanisms by which environmentally relevant levels of PFOA might be involved in NAFLD development. This integrative approach serves as a hypothesis-generating framework for future studies on biomarker discovery, risk assessment, and environmental health policy.",Hong Yanggang; Qiao Li-Chun; Wang Yi; Song Sihan; Meng Yuan,Ecotoxicology and environmental safety,2025,10.1016/j.ecoenv.2025.119408
40215916,Maternal exposure to per- and polyfluoroalkyl substances and epitope level antibody response to vaccines against measles and rubella in children from the Boston birth cohort.,"Previous studies suggest that per- and polyfluoroalkyl substances (PFAS) may act as immune suppressants. However, research about the impact of PFAS exposure on antibody responses to the measles, mumps, rubella (MMR) vaccine is limited and inconsistent. This report includes 748 mother-child pairs from the Boston Birth Cohort, with 8 PFAS compounds measured in maternal plasma shortly after delivery. IgG reactivities to measles and rubella were profiled in cord blood and venous blood plasma during early childhood, using Phage ImmunoPrecipitation Sequencing. Linear regression models were applied to assess the relationships between log2-transformed PFAS and IgG reactivities as measured by Viral Aggregate Reactivity score (VARscore, with inverse normal transformation) for measles and rubella. Quantile g-computation was applied to evaluate the PFAS mixture - VARscore associations. The detection rate for 8 PFAS compounds ranged from 90 % to 100 % in maternal plasma. Maternal PFAS burden score (P = 0.01), but not individual PFAS compounds, was associated with lower VARscore for measles in cord blood. In 348 children after receiving the MMR vaccine, three maternal PFAS compounds (Me-PFOSA-AcOH, PFHpS and PFHxS) were significantly associated with lower measles VARscore (P < 0.05). Me-PFOSA-AcOH and PFHxS were significantly associated with higher risk of having low reactivity to measles defined as VARscore < 25th percentile. PFAS mixture analysis revealed a significant inverse association between quantile of the PFAS mixture and measles VARscore (P = 0.025) in children after vaccination, with PFHxS as an important contributor to this association. These inverse associations were more pronounced in Black children (compared to non-Black children) and in preterm children (compared to term children). In comparison, no associations were found for rubella VARscore. This prospective birth cohort study provides suggestive evidence that maternal PFAS exposure is associated with a reduced immune response to the measles vaccine, especially, among Black or preterm children.",Hong Xiumei; Morgenlander William R; Nadeau Kari; Wang Guoying; Frischmeyer-Guerrerio Pamela A,Environment international,2025,10.1016/j.envint.2025.109433
29405365,Immunotoxicity in green mussels under perfluoroalkyl substance (PFAS) exposure: Reversible response and response model development.,"The immunotoxicity of 4 commonly detected perfluoroalkyl substances (PFASs), namely, perfluorooctanesulfonate (PFOS), perfluorooctanoic acid (PFOA), perfluorononanoic acid (PFNA), and perfluorodecanoic acid (PFDA) was investigated by measuring biomarkers of the immune profile of green mussels, Perna viridis. The biomarkers included neutral red retention, phagocytosis, and spontaneous cytotoxicity, all of which were tested on mussel hemocytes. Hemocytes are an important component of the invertebrate immune system. We found that exposure to PFASs could lead to reduced hemocyte cell viability and suppress immune function by up to 50% of normal performance within the experimental exposure range. The results indicate that PFASs have an immunotoxic potential and thus could pose severe health risks to aquatic organisms. The reported immunotoxicity is likely to result from the compounds' direct and indirect interactions with the hemocyte membrane, and therefore likely to affect the functionality of these cells. The immunotoxic response was found to be related to the organism's burden of PFASs, and was reversible when the compounds were removed from the test organisms. Based on this relationship, models using an organism's PFAS concentration and bioaccumulation factor (BAF) as the independent variables were established to quantify PFAS-induced immunotoxicity. The models help us to gain a better understanding of the toxic mechanism of PFASs, and provide a tool to evaluate adverse effects for the whole group of compounds with one mathematical equation. Environ Toxicol Chem 2018;37:1138-1145. © 2018 SETAC.",Liu Changhui; Gin Karina Yew-Hoong,Environmental toxicology and chemistry,2018,10.1002/etc.4060
38900403,A review of electrooxidation systems treatment of poly-fluoroalkyl substances (PFAS): electrooxidation degradation mechanisms and electrode materials.,"The prevalence of polyfluoroalkyls and perfluoroalkyls (PFAS) represents a significant challenge, and various treatment techniques have been employed with considerable success to eliminate PFAS from water, with the ultimate goal of ensuring safe disposal of wastewater. This paper first describes the most promising electrochemical oxidation (EO) technology and then analyses its basic principles. In addition, this paper reviews and discusses the current state of research and development in the field of electrode materials and electrochemical reactors. Furthermore, the influence of electrode materials and electrolyte types on the deterioration process is also investigated. The importance of electrode materials in ethylene oxide has been widely recognised, and therefore, the focus of current research is mainly on the development of innovative electrode materials, the design of superior electrode structures, and the improvement of efficient electrode preparation methods. In order to improve the degradation efficiency of PFOS in electrochemical systems, it is essential to study the oxidation mechanism of PFOS in the presence of ethylene oxide. Furthermore, the factors influencing the efficacy of PFAS treatment, including current density, energy consumption, initial concentration, and other parameters, are clearly delineated. In conclusion, this study offers a comprehensive overview of the potential for integrating EO technology with other water treatment technologies. The continuous development of electrode materials and the integration of other water treatment processes present a promising future for the widespread application of ethylene oxide technology.",Shi Lifeng; Leng Chunpeng; Zhou Yunlong; Yuan Yue; Liu Lin,Environmental science and pollution research international,2024,10.1007/s11356-024-34014-1
39424036,Enhancement of PFAS stress tolerance and wastewater treatment efficiency by arbuscular mycorrhizal fungi in constructed wetlands.,"This study aims to explore the effects of arbuscular mycorrhizal fungi (AMF) on the growth of Iris pseudacorus L. and treatment efficacy in constructed wetlands (CWs) subjected to stress from per-and poly-fluoroalkyl substances (PFASs). The findings reveal that PFASs exposure induces oxidative damage and inhibits the growth of I. pseudacorus. However, AMF symbiosis enhances plant tolerance to PFAS stress by modulating oxidative responses. AMF treatment not only promoted plant growth but also improved photosynthetic efficiency under PFAS exposure. Compared to non-AMF treatment, those with AMF treatment exhibited significantly increased levels of peroxidases and antioxidant enzymes, including peroxidase and superoxide dismutase, along with a notable reduction in lipid peroxidation. Additionally, AM symbiosis markedly enhanced the efficacy of CWs in the remediation of wastewater under PFASs-induced stress, with removal efficiencies for COD, TP, TN, and NH",Wang Yuchen; Li Xue; You Lexing; Hu Shanshan; Fang Jinfu,Environmental research,2024,10.1016/j.envres.2024.120148
39060683,[Not Available].,,,"Bundesgesundheitsblatt, Gesundheitsforschung, Gesundheitsschutz",2024,10.1007/s00103-024-03929-y
41257450,A comparative toxicological and epidemiological evaluation of dioxins and PFAS chemicals.,"Regulatory frameworks, informed by robust and transparent scientific evidence, can significantly benefit society when thoughtful and measured regulation is promulgated. However, regulations founded on incomplete or misinterpreted science often result in unintended consequences. As was the case with the polychlorinated dibenzodioxin and polychlorinated dibenzofuran (PCDD/PCDF) chemicals, for the past 50 years, there has been a lack of scientific consensus on the adverse health effects of per- and polyfluoroalkyl substances (PFAS) in humans at current blood concentrations (about 4 ppb TEQ) or even concentrations 10-300-fold higher (40-1200 ppb TEQ). Despite their distinctly different chemical structures, the dioxins, particularly 2,3,7,8-tetrachlorodibenzo-p-dioxin (TCDD), and perfluorooctanoic acid (PFOA)/perfluorooctanesulfonic acid (PFOS), share notable similarities: environmental persistence, biological recalcitrance, slightly unpredictable acute toxicity, a lack of genotoxicity, and suggestive data on adverse health effects in humans; across a wide range of doses. Both substances display varying degrees of acute toxicity across species, and both have been associated with the onset of wasting syndrome in certain animals at fairly high doses, but wasting syndrome is not seen in humans. Although there is moderate to high acute toxicity in multiple animal species for both families of chemicals, there is low acute toxicity in humans. In humans, both compounds interact with fatty acid metabolism. The evidence indicates that both are either weakly genotoxic or non-genotoxic. The dioxins can cause cancer in a variety of animal species, but even in humans exposed to high doses, no increased cancer risk is apparent. PFAS chemicals are similar; weakly carcinogenic in animals and, perhaps, lacking carcinogenic potency in humans. However, unlike with dioxins, high human exposure to PFAS has only occurred in the workplace; thus, few data from highly exposed human populations are available to rigorously evaluate the human cancer risk or other potential effects at elevated doses. Similar to the widespread presence of dioxins reported in the 1970s-1980s, PFAS chemicals are now globally ubiquitous, with detectable concentrations in nearly every individual, fish, and wildlife species. As awareness has increased over time, pressure to prevent the release or manufacture of PFOA and PFOS has decreased the blood concentrations in Americans by 10-fold over the past 15 years, paralleling trends observed with the dioxins when global concerns surfaced. The dioxins were regulated in a heavy-handed manner despite scientific uncertainty regarding their human health risks over a range of exposure levels, as well as a lack of consensus on dose-response relationships, thresholds for adverse effects, and human relevance of high-dose animal studies. The regulatory actions that occurred with the dioxins ultimately resulted in substantial economic and societal costs, even in the face of much uncertainty. This paper examines the parallels between the development of scientific understanding of the health hazards and the eventual regulation of dioxins and PFAS chemicals. For both families of chemicals, the precautionary principle was followed by most agencies rather than solid scientific data during the rulemaking process.",Paustenbach Dennis; Kissell Karmen; Shakya Aryatara,Critical reviews in toxicology,2025,10.1080/10408444.2025.2560827
33354517,Human Health and Ocean Pollution.,"Pollution - unwanted waste released to air, water, and land by human activity - is the largest environmental cause of disease in the world today. It is responsible for an estimated nine million premature deaths per year, enormous economic losses, erosion of human capital, and degradation of ecosystems. Ocean pollution is an important, but insufficiently recognized and inadequately controlled component of global pollution. It poses serious threats to human health and well-being. The nature and magnitude of these impacts are only beginning to be understood. (1) Broadly examine the known and potential impacts of ocean pollution on human health. (2) Inform policy makers, government leaders, international organizations, civil society, and the global public of these threats. (3) Propose priorities for interventions to control and prevent pollution of the seas and safeguard human health. Topic-focused reviews that examine the effects of ocean pollution on human health, identify gaps in knowledge, project future trends, and offer evidence-based guidance for effective intervention. Pollution of the oceans is widespread, worsening, and in most countries poorly controlled. It is a complex mixture of toxic metals, plastics, manufactured chemicals, petroleum, urban and industrial wastes, pesticides, fertilizers, pharmaceutical chemicals, agricultural runoff, and sewage. More than 80% arises from land-based sources. It reaches the oceans through rivers, runoff, atmospheric deposition and direct discharges. It is often heaviest near the coasts and most highly concentrated along the coasts of low- and middle-income countries. Plastic is a rapidly increasing and highly visible component of ocean pollution, and an estimated 10 million metric tons of plastic waste enter the seas each year. Mercury is the metal pollutant of greatest concern in the oceans; it is released from two main sources - coal combustion and small-scale gold mining. Global spread of industrialized agriculture with increasing use of chemical fertilizer leads to extension of Harmful Algal Blooms (HABs) to previously unaffected regions. Chemical pollutants are ubiquitous and contaminate seas and marine organisms from the high Arctic to the abyssal depths. Ocean pollution has multiple negative impacts on marine ecosystems, and these impacts are exacerbated by global climate change. Petroleum-based pollutants reduce photosynthesis in marine microorganisms that generate oxygen. Increasing absorption of carbon dioxide into the seas causes ocean acidification, which destroys coral reefs, impairs shellfish development, dissolves calcium-containing microorganisms at the base of the marine food web, and increases the toxicity of some pollutants. Plastic pollution threatens marine mammals, fish, and seabirds and accumulates in large mid-ocean gyres. It breaks down into microplastic and nanoplastic particles containing multiple manufactured chemicals that can enter the tissues of marine organisms, including species consumed by humans. Industrial releases, runoff, and sewage increase frequency and severity of HABs, bacterial pollution, and anti-microbial resistance. Pollution and sea surface warming are triggering poleward migration of dangerous pathogens such as the  Methylmercury and PCBs are the ocean pollutants whose human health effects are best understood. Exposures of infants  Ocean pollution is a global problem. It arises from multiple sources and crosses national boundaries. It is the consequence of reckless, shortsighted, and unsustainable exploitation of the earth's resources. It endangers marine ecosystems. It impedes the production of atmospheric oxygen. Its threats to human health are great and growing, but still incompletely understood. Its economic costs are only beginning to be counted.Ocean pollution can be prevented. Like all forms of pollution, ocean pollution can be controlled by deploying data-driven strategies based on law, policy, technology, and enforcement that target priority pollution sources. Many countries have used these tools to control air and water pollution and are now applying them to ocean pollution. Successes achieved to date demonstrate that broader control is feasible. Heavily polluted harbors have been cleaned, estuaries rejuvenated, and coral reefs restored.Prevention of ocean pollution creates many benefits. It boosts economies, increases tourism, helps restore fisheries, and improves human health and well-being. It advances the Sustainable Development Goals (SDG). These benefits will last for centuries. World leaders who recognize the gravity of ocean pollution, acknowledge its growing dangers, engage civil society and the global public, and take bold, evidence-based action to stop pollution at source will be critical to preventing ocean pollution and safeguarding human health.Prevention of pollution from land-based sources is key. Eliminating coal combustion and banning all uses of mercury will reduce mercury pollution. Bans on single-use plastic and better management of plastic waste reduce plastic pollution. Bans on persistent organic pollutants (POPs) have reduced pollution by PCBs and DDT. Control of industrial discharges, treatment of sewage, and reduced applications of fertilizers have mitigated coastal pollution and are reducing frequency of HABs. National, regional and international marine pollution control programs that are adequately funded and backed by strong enforcement have been shown to be effective. Robust monitoring is essential to track progress.Further interventions that hold great promise include wide-scale transition to renewable fuels; transition to a circular economy that creates little waste and focuses on equity rather than on endless growth; embracing the principles of green chemistry; and building scientific capacity in all countries.Designation of Marine Protected Areas (MPAs) will safeguard critical ecosystems, protect vulnerable fish stocks, and enhance human health and well-being. Creation of MPAs is an important manifestation of national and international commitment to protecting the health of the seas.",Landrigan Philip J; Stegeman John J; Fleming Lora E; Allemand Denis; Anderson Donald M,Annals of global health,2020,10.5334/aogh.2831
39173387,Neurotoxicity and intestinal microbiota dysbiosis induced by per- and polyfluoroalkyl substances in crucian carp (Carassius auratus).,"Per- and polyfluoroalkyl substances (PFAS) have been called ""forever chemicals"" due to their inherent chemical stability. Their potential toxic effects on aquatic animals and health risk assessments have not been fully elucidated. In this study, we investigated the toxic effects of PFASs at environmentally relevant concentrations (200 ng/L) on crucian carp (Carassius auratus). The results showed that PFAS reduced the comfort behaviour of crucian carp and was associated with reduced levels of acetylcholinesterase and dopamine in the brain. PFAS exposure also decreased the activities of total superoxide dismutase, catalase and glutathione peroxidase, while increasing the levels of malondialdehyde. PFAS caused over-expression of the pro-inflammatory cytokines TNF-α, IFN-γ and stress-related genes Caspase-3, HSP-70 in the fish brain. Pathological staining showed that PFAS caused multifocal demyelination and perineural vacuolization in brain, intestinal tissue also showed reduced villus length and focal damage. PFASs altered the composition of the gut microbiota of crucian carp, significantly increasing the abundance of potentially pathogenic bacteria and the potential pathogenicity of the microbiota. It is suggested that PFASs may cause varying degrees of tissue damage by destabilising the gut microbiota. These results provide insights for assessing the toxicity of PFAS contaminants at aquatic environmental concentrations.",Zhao Yang; Wang Minyu; Chu Weihua,Journal of hazardous materials,2024,10.1016/j.jhazmat.2024.135611
39255941,"Per- and polyfluoroalkyl substances (PFAS) and cancer: Detection methodologies, epidemiological insights, potential carcinogenic mechanisms, and future perspectives.","Per- and polyfluoroalkyl substances (PFAS), known as ""forever chemicals,"" are synthetic chemicals which have been used since the 1940s. Given their remarkable thermostability and chemical stability, PFAS have been widely utilized in commercial products, including textiles, surfactants, food packages, nonstick coatings, and fire-fighting foams. Thus, PFAS are widely distributed worldwide and have been detected in human urine, blood, breast milk, tissues and other substances. Growing concerns over the risks of PFAS, including their toxicity and carcinogenicity, have attracted people's attention. Recent reviews have predominantly emphasized advancements in the detection, adsorption, and degradation of PFAS through their chemical structures and toxic properties; however, further examination of the literature is needed to determine the link between PFAS exposure and cancer risk. Here, we introduced different PFAS detection methods based on sensors and liquid chromatography-mass spectrometry (LC-MS). Then, we discussed epidemiological investigations on PFAS levels and cancer risks in recent years, as well as the mechanisms underlying the carcinogenesis. Finally, we proposed the ""4C principles"" for ongoing exploration and refinement in this field. This review highlights PFAS-cancer associations to fill knowledge gaps and provide evidence-based strategies for future research.",Zheng Jie; Liu Sheng; Yang Junjie; Zheng Shujian; Sun Boshi,The Science of the total environment,2024,10.1016/j.scitotenv.2024.176158
37235269,"Maternal Serum, Cord and Human Milk Levels of Per- and Polyfluoroalkyl Substances (PFAS), Association with Predictors and Effect on Newborn Anthropometry.","The understanding of per- and polyfluoroalkyl substances (PFAS) health effects is rapidly advancing among critical populations. Therefore, the objective of this study was to assess PFAS serum levels among Lebanese pregnant women, cord serum and human milk levels, their determinants, and effects on newborn anthropometry. We measured concentrations of six PFAS (PFHpA, PFOA, PFHxS, PFOS, PFNA and PFDA) using liquid chromatography MS/MS for 419 participants, of which 269 had sociodemographic, anthropometric, environmental and dietary information. The percentage of detection for PFHpA, PFOA, PFHxS and PFOS was 36.3-37.7%. PFOA and PFOS levels (95th percentile) were higher than HBM-I and HBM-II values. While PFAS were not detected in cord serum, five compounds were detected in human milk. Multivariate regression showed that fish/shellfish consumption, vicinity to illegal incineration and higher educational level were associated with an almost twice higher risk of elevated PFHpA, PFOA, PFHxS and PFOS serum levels. Higher PFAS levels in human milk were observed with higher eggs and dairy products consumption, in addition to tap water (preliminary findings). Higher PFHpA was significantly associated with lower newborn weight-for-length Z-score at birth. Findings establish the need for further studies, and urgent action to reduce exposure among subgroups with higher PFAS levels.",Mahfouz Maya; Harmouche-Karaki Mireille; Matta Joseph; Mahfouz Yara; Salameh Pascale,Toxics,2023,10.3390/toxics11050455
41240996,Ophthalmotoxicology of polyhalogenated compounds.,"Polyhalogenated compounds (PHCs), including polychlorinated biphenyls (PCBs), polybrominated diphenyl ethers (PBDEs), polychlorinated dibenzodioxins (PCDDs), polychlorinated dibenzofurans (PCDFs) and per- and polyfluoroalkyl substances (PFAS), are persistent organic pollutants that bioaccumulate in tissues and are increasingly recognized as threats to human health. While their neurotoxic and endocrine-disrupting effects are often described, their potential impact on the ocular system remains underexplored. However, recent evidence suggests that chronic PHC exposure may contribute to a spectrum of ocular pathologies, such as retinal degeneration, cataracts and retinoblastoma. To clarify these emerging risks, this review synthesizes findings at the intersection of toxicology, ophthalmology, and environmental health, highlighting mechanistic insights into how PHCs impair ocular function. Epidemiological studies linking environmental contaminant exposure to visual deficits are discussed alongside experimental data from animal models and in vitro systems, with a particular focus on oxidative stress, mitochondrial dysfunction, endocrine disruption, and altered retinoid signaling as plausible pathways mediating PHC-induced visual toxicity. Given the widespread nature of PHC exposure and the increasing global burden of visual impairment, further research and regulatory oversight are urgently needed to bridge the gap between environmental toxicology and ocular health, ultimately aiming to better understand and mitigate the visual risks posed by these persistent pollutants.",Louzon Maxime; Chiquet Christophe; Kamel Mohamed; Aleya Lotfi; Blanc Hugo,Toxicology,2026,10.1016/j.tox.2025.154337
34695467,Per- and polyfluoroalkyl substances in water and wastewater: A critical review of their global occurrence and distribution.,"Per- and polyfluoroalkyl substances (PFAS) are a family of fluorinated organic compounds of anthropogenic origin. Due to their unique chemical properties, widespread production, environmental distribution, long-term persistence, bioaccumulative potential, and associated risks for human health, PFAS have been classified as persistent organic pollutants of significant concern. Scientific evidence from the last several decades suggests that their widespread occurrence in the environment correlates with adverse effects on human health and ecology. The presence of PFAS in the aquatic environment demonstrates a close link between the anthroposphere and the hydrological cycle, and concentrations of PFAS in surface and groundwater range in value along the ng L",Kurwadkar Sudarshan; Dane Jason; Kanel Sushil R; Nadagouda Mallikarjuna N; Cawdrey Ryan W,The Science of the total environment,2022,10.1016/j.scitotenv.2021.151003
35997778,[Human Biomonitoring for Europe (HBM4EU)-first insights into the results of the initiative].,"Human biomonitoring measures the internal exposure of humans to chemicals from various sources, such as food, everyday objects, or the air we breathe, by analyzing blood and urine, for example. To promote and coordinate human biomonitoring in Europe, the European Human Biomonitoring Initiative (HBM4EU) was launched in 2017 and involves 30 countries, the European Environment Agency, and the European Commission. The project was completed in June 2022.Comparable and reliable exposure data were collected and consistently assessed for a wide range of environmental chemicals. Other important achievements of the initiative were the establishment of a quality assurance program, a concept for standardizing future HBM studies, a common strategy for deriving health-based guidance values (HBM-GVs), and the establishment of national committees in the partner countries. The exposure data generated are accessible via the Information Platform for Chemical Monitoring (IPCHEM) and the EU HBM Dashboard. Publications are freely available through the HBM4EU online library.Overall, the results show that exposures of the EU population to many chemicals are too high, such as phthalates and perfluorinated alkyl substances (PFAS), and that policy action is still needed. The knowledge generated in the HBM4EU project can support policymakers in improving chemical, environment, and health policies. Beim Human-Biomonitoring wird die innere Schadstoffbelastung des Menschen aus verschiedenen Quellen wie Nahrung, Alltagsgegenständen oder Atemluft erfasst, indem z. B. Blut und Urin analysiert werden. Um das Human-Biomonitoring in Europa zu fördern und zu koordinieren, wurde 2017 das Projekt „Human-Biomonitoring für Europa“ (HBM4EU) begonnen, an dem sich 30 Länder, die Europäische Umweltagentur und die Europäische Kommission beteiligt haben. Im Juni 2022 wurde das Projekt abgeschlossen.Vergleichbare und zuverlässige Belastungsdaten konnten für eine breite Palette von Umweltchemikalien erfasst und einheitlich bewertet werden. Weitere wichtige Erfolge der Initiative waren die Etablierung eines Kontrollprogramms zur Qualitätssicherung, ein Konzept zur Vereinheitlichung zukünftiger HBM-Studien, eine gemeinsame Strategie zur Ableitung von gesundheitsbezogenen Beurteilungswerten (HBM Guidance Values – HBM-GVs) und die Einrichtung nationaler Gremien. Die gewonnenen Belastungsdaten sind über die Informationsplattform für die Überwachung von Chemikalien (IPCHEM) und das EU HBM-Dashboard zugänglich. Publikationen sind über die HBM4EU-Onlinebibliothek frei verfügbar.Insgesamt zeigen die Ergebnisse, dass die Belastungen der EU-Bevölkerung für viele Chemikalien wie etwa Phthalate und perfluorierte Alkylsubstanzen (PFAS) zu hoch sind und weiterhin Handlungsbedarf seitens der Politik besteht. Das im Projekt HBM4EU generierte Wissen kann die politischen Entscheidungsträger:innen bei der Verbesserung der Chemikalien‑, Umwelt- und Gesundheitspolitik unterstützen.",Weise Philipp; Apel Petra; Kolossa-Gehring Marike,"Bundesgesundheitsblatt, Gesundheitsforschung, Gesundheitsschutz",2022,10.1007/s00103-022-03578-z
39523560,Bioturbation Affects Bioaccumulation: PFAS Uptake from Sediments by a Rooting Macrophyte and a Benthic Invertebrate.,"Despite the widespread presence of per- and polyfluoroalkyl substances (PFAS) in freshwater environments, only a few studies have addressed their bioaccumulation in macrophytes and benthic invertebrates. This study therefore aimed at investigating the presence of 40 PFAS in sediments, assessing their bioaccumulation in a rooting macrophyte (",Gkika Ioanna S; Kraak Michiel H S; van Gestel Cornelis A M; Ter Laak Thomas L; van Wezel Annemarie P,Environmental science & technology,2024,10.1021/acs.est.4c03868
39277013,Microplastics and PFAS air-water interaction and deposition.,"Although microplastics (MPs) and per- and polyfluoroalkyl substances (PFAS) have received tremendous attention separately, understanding their ubiquitous presence in the environment, persistence and toxicity requires comprehensive study of the fate and transport of co-existing MPs and PFAS. MPs may have large sorption capacity and can serve as vectors for PFAS to undergo long-range transport in water. Atmospheric deposition of both PFAS and MPs has been reported in urban, rural, and remote areas. This review identifies types and levels of PFAS and MPs in air, their interactions, and environmental factors contributing to their air-water deposition. MPs in combination with PFAS may carry combined toxicity and pose elevated risks to ecosystems and human health. Our review shows that air-water deposition of MPs and PFAS can be governed by environmental factors including precipitation, humidity, UV, wind, and particulate matter levels in the air. Increasing humidity may increase MP particle size due to hygroscopic growth, which affects its distribution and deposition rate. Humidity has been observed to have both positive and negative impacts on PFAS partitioning onto MPs. More attention should be paid to MPs and PFAS co-occurrence when addressing their transport behavior in air and deposition to aquatic systems.",Wang Yuxin; Good Kelly D,The Science of the total environment,2024,10.1016/j.scitotenv.2024.176247
37600128,"Dataset of surveyed PFAS in water, sediment, and soil of Fountain Creek Watershed, Colorado, USA.","Per- and polyfluoroalkyl substances (PFAS) are widespread and highly persistent organic chemicals with adverse health effects. The US Environmental Protection Agency has issued health advisory limits of 70 ng/L for aqueous concentrations of PFOA + PFOS. In the Colorado Springs, Colorado (USA), metro area, the Widefield Aquifer (groundwater) and Fountain Creek Watershed (surface water) have been contaminated by PFAS from aqueous film-forming foams. Here we present the concentrations of selected linear and branched isomers of legacy PFAS found in surface water (n = 95), soil (n = 83), and sediment (n = 34) samples collected from several creeks of the Fountain Creek Watershed. Collected samples were prepared for high-performance liquid chromatography tandem mass spectrometry (LC/MS/MS) analysis via liquid/liquid extraction and/or solid phase extraction (SPE). This dataset includes the geographic locations of sampled creeks, LC/MS/MS instrumental conditions, method verification data including percent recovery to assess method accuracy and background contamination of PFAS in laboratory reagents and supplies, and determined concentrations of PFAS in water, soil, and sediment samples. These locations were surveyed monthly for a full year and provide a rich dataset to assess influence of sampling location, temporal variability in concentration, and overall contaminant persistence.",Davalos Jose Caleb Quezada; Michaud Michael A; Lowe Luis E; Hanson Emily N; Gaulke Eric P,Data in brief,2023,10.1016/j.dib.2023.109280
36969097,The Minderoo-Monaco Commission on Plastics and Human Health.,"Plastics have conveyed great benefits to humanity and made possible some of the most significant advances of modern civilization in fields as diverse as medicine, electronics, aerospace, construction, food packaging, and sports. It is now clear, however, that plastics are also responsible for significant harms to human health, the economy, and the earth's environment. These harms occur at every stage of the plastic life cycle, from extraction of the coal, oil, and gas that are its main feedstocks through to ultimate disposal into the environment. The extent of these harms not been systematically assessed, their magnitude not fully quantified, and their economic costs not comprehensively counted. The goals of this Minderoo-Monaco Commission on Plastics and Human Health are to comprehensively examine plastics' impacts across their life cycle on: (1) human health and well-being; (2) the global environment, especially the ocean; (3) the economy; and (4) vulnerable populations-the poor, minorities, and the world's children. On the basis of this examination, the Commission offers science-based recommendations designed to support development of a Global Plastics Treaty, protect human health, and save lives. This Commission report contains seven Sections. Following an Introduction, Section 2 presents a narrative review of the processes involved in plastic production, use, and disposal and notes the hazards to human health and the environment associated with each of these stages. Section 3 describes plastics' impacts on the ocean and notes the potential for plastic in the ocean to enter the marine food web and result in human exposure. Section 4 details plastics' impacts on human health. Section 5 presents a first-order estimate of plastics' health-related economic costs. Section 6 examines the intersection between plastic, social inequity, and environmental injustice. Section 7 presents the Commission's findings and recommendations. Plastics are complex, highly heterogeneous, synthetic chemical materials. Over 98% of plastics are produced from fossil carbon- coal, oil and gas. Plastics are comprised of a carbon-based polymer backbone and thousands of additional chemicals that are incorporated into polymers to convey specific properties such as color, flexibility, stability, water repellence, flame retardation, and ultraviolet resistance. Many of these added chemicals are highly toxic. They include carcinogens, neurotoxicants and endocrine disruptors such as phthalates, bisphenols, per- and poly-fluoroalkyl substances (PFAS), brominated flame retardants, and organophosphate flame retardants. They are integral components of plastic and are responsible for many of plastics' harms to human health and the environment.Global plastic production has increased almost exponentially since World War II, and in this time more than 8,300 megatons (Mt) of plastic have been manufactured. Annual production volume has grown from under 2 Mt in 1950 to 460 Mt in 2019, a 230-fold increase, and is on track to triple by 2060. More than half of all plastic ever made has been produced since 2002. Single-use plastics account for 35-40% of current plastic production and represent the most rapidly growing segment of plastic manufacture.Explosive recent growth in plastics production reflects a deliberate pivot by the integrated multinational fossil-carbon corporations that produce coal, oil and gas and that also manufacture plastics. These corporations are reducing their production of fossil fuels and increasing plastics manufacture. The two principal factors responsible for this pivot are decreasing global demand for carbon-based fuels due to increases in 'green' energy, and massive expansion of oil and gas production due to fracking.Plastic manufacture is energy-intensive and contributes significantly to climate change. At present, plastic production is responsible for an estimated 3.7% of global greenhouse gas emissions, more than the contribution of Brazil. This fraction is projected to increase to 4.5% by 2060 if current trends continue unchecked. The plastic life cycle has three phases: production, use, and disposal. In production, carbon feedstocks-coal, gas, and oil-are transformed through energy-intensive, catalytic processes into a vast array of products. Plastic use occurs in every aspect of modern life and results in widespread human exposure to the chemicals contained in plastic. Single-use plastics constitute the largest portion of current use, followed by synthetic fibers and construction.Plastic disposal is highly inefficient, with recovery and recycling rates below 10% globally. The result is that an estimated 22 Mt of plastic waste enters the environment each year, much of it single-use plastic and are added to the more than 6 gigatons of plastic waste that have accumulated since 1950. Strategies for disposal of plastic waste include controlled and uncontrolled landfilling, open burning, thermal conversion, and export. Vast quantities of plastic waste are exported each year from high-income to low-income countries, where it accumulates in landfills, pollutes air and water, degrades vital ecosystems, befouls beaches and estuaries, and harms human health-environmental injustice on a global scale. Plastic-laden e-waste is particularly problematic. Plastics and plastic-associated chemicals are responsible for widespread pollution. They contaminate aquatic (marine and freshwater), terrestrial, and atmospheric environments globally. The ocean is the ultimate destination for much plastic, and plastics are found throughout the ocean, including coastal regions, the sea surface, the deep sea, and polar sea ice. Many plastics appear to resist breakdown in the ocean and could persist in the global environment for decades. Macro- and micro-plastic particles have been identified in hundreds of marine species in all major taxa, including species consumed by humans. Trophic transfer of microplastic particles and the chemicals within them has been demonstrated. Although microplastic particles themselves (>10 µm) appear not to undergo biomagnification, hydrophobic plastic-associated chemicals bioaccumulate in marine animals and biomagnify in marine food webs. The amounts and fates of smaller microplastic and nanoplastic particles (MNPs <10 µm) in aquatic environments are poorly understood, but the potential for harm is worrying given their mobility in biological systems. Adverse environmental impacts of plastic pollution occur at multiple levels from molecular and biochemical to population and ecosystem. MNP contamination of seafood results in direct, though not well quantified, human exposure to plastics and plastic-associated chemicals. Marine plastic pollution endangers the ocean ecosystems upon which all humanity depends for food, oxygen, livelihood, and well-being. Coal miners, oil workers and gas field workers who extract fossil carbon feedstocks for plastic production suffer increased mortality from traumatic injury, coal workers' pneumoconiosis, silicosis, cardiovascular disease, chronic obstructive pulmonary disease, and lung cancer. Plastic production workers are at increased risk of leukemia, lymphoma, hepatic angiosarcoma, brain cancer, breast cancer, mesothelioma, neurotoxic injury, and decreased fertility. Workers producing plastic textiles die of bladder cancer, lung cancer, mesothelioma, and interstitial lung disease at increased rates. Plastic recycling workers have increased rates of cardiovascular disease, toxic metal poisoning, neuropathy, and lung cancer. Residents of ""fenceline"" communities adjacent to plastic production and waste disposal sites experience increased risks of premature birth, low birth weight, asthma, childhood leukemia, cardiovascular disease, chronic obstructive pulmonary disease, and lung cancer.During use and also in disposal, plastics release toxic chemicals including additives and residual monomers into the environment and into people. National biomonitoring surveys in the USA document population-wide exposures to these chemicals. Plastic additives disrupt endocrine function and increase risk for premature births, neurodevelopmental disorders, male reproductive birth defects, infertility, obesity, cardiovascular disease, renal disease, and cancers. Chemical-laden MNPs formed through the environmental degradation of plastic waste can enter living organisms, including humans. Emerging, albeit still incomplete evidence indicates that MNPs may cause toxicity due to their physical and toxicological effects as well as by acting as vectors that transport toxic chemicals and bacterial pathogens into tissues and cells.Infants in the womb and young children are two populations at particularly high risk of plastic-related health effects. Because of the exquisite sensitivity of early development to hazardous chemicals and children's unique patterns of exposure, plastic-associated exposures are linked to increased risks of prematurity, stillbirth, low birth weight, birth defects of the reproductive organs, neurodevelopmental impairment, impaired lung growth, and childhood cancer. Early-life exposures to plastic-associated chemicals also increase the risk of multiple non-communicable diseases later in life. Plastic's harms to human health result in significant economic costs. We estimate that in 2015 the health-related costs of plastic production exceeded $250 billion (2015 Int$) globally, and that in the USA alone the health costs of disease and disability caused by the plastic-associated chemicals PBDE, BPA and DEHP exceeded $920 billion (2015 Int$). Plastic production results in greenhouse gas (GHG) emissions equivalent to 1.96 gigatons of carbon dioxide (CO The adverse effects of plastics and plastic pollution on human health, the economy and the environment are not evenly distributed. They disproportionately affect poor, disempowered, and marginalized populations such as workers, racial and ethnic minorities, ""fenceline"" communities, Indigenous groups, women, and children, all of whom had little to do with creating the current plastics crisis and lack the political influence or the resources to address it. Plastics' harmful impacts across its life cycle are most keenly felt in the Global South, in small island states, and in disenfranchised areas in the Global North. Social and environmental justice (SEJ) principles require reversal of these inequitable burdens to ensure that no group bears a disproportionate share of plastics' negative impacts and that those who benefit economically from plastic bear their fair share of its currently externalized costs. It is now clear that current patterns of plastic production, use, and disposal are not sustainable and are responsible for significant harms to human health, the environment, and the economy as well as for deep societal injustices.The main driver of these worsening harms is an almost exponential and still accelerating increase in global plastic production. Plastics' harms are further magnified by low rates of recovery and recycling and by the long persistence of plastic waste in the environment.The thousands of chemicals in plastics-monomers, additives, processing agents, and non-intentionally added substances-include amongst their number known human carcinogens, endocrine disruptors, neurotoxicants, and persistent organic pollutants. These chemicals are responsible for many of plastics' known harms to human and planetary health. The chemicals leach out of plastics, enter the environment, cause pollution, and result in human exposure and disease. All efforts to reduce plastics' hazards must address the hazards of plastic-associated chemicals. To protect human and planetary health, especially the health of vulnerable and at-risk populations, and put the world on track to end plastic pollution by 2040, this Commission supports urgent adoption by the world's nations of a strong and comprehensive Global Plastics Treaty in accord with the mandate set forth in the March 2022 resolution of the United Nations Environment Assembly (UNEA).International measures such as a Global Plastics Treaty are needed to curb plastic production and pollution, because the harms to human health and the environment caused by plastics, plastic-associated chemicals and plastic waste transcend national boundaries, are planetary in their scale, and have disproportionate impacts on the health and well-being of people in the world's poorest nations. Effective implementation of the Global Plastics Treaty will require that international action be coordinated and complemented by interventions at the national, regional, and local levels.This Commission urges that a cap on global plastic production with targets, timetables, and national contributions be a central provision of the Global Plastics Treaty. We recommend inclusion of the following additional provisions:The Treaty needs to extend beyond microplastics and marine litter to include all of the many thousands of chemicals incorporated into plastics.The Treaty needs to include a provision banning or severely restricting manufacture and use of unnecessary, avoidable, and problematic plastic items, especially single-use items such as manufactured plastic microbeads.The Treaty needs to include requirements on extended producer responsibility (EPR) that make fossil carbon producers, plastic producers, and the manufacturers of plastic products legally and financially responsible for the safety and end-of-life management of all the materials they produce and sell.The Treaty needs to mandate reductions in the chemical complexity of plastic products; health-protective standards for plastics and plastic additives; a requirement for use of sustainable non-toxic materials; full disclosure of all components; and traceability of components. International cooperation will be essential to implementing and enforcing these standards.The Treaty needs to include SEJ remedies at each stage of the plastic life cycle designed to fill gaps in community knowledge and advance both distributional and procedural equity.This Commission encourages inclusion in the Global Plastic Treaty of a provision calling for exploration of listing at least some plastic polymers as persistent organic pollutants (POPs) under the Stockholm Convention.This Commission encourages a strong interface between the Global Plastics Treaty and the Basel and London Conventions to enhance management of hazardous plastic waste and slow current massive exports of plastic waste into the world's least-developed countries.This Commission recommends the creation of a Permanent Science Policy Advisory Body to guide the Treaty's implementation. The main priorities of this Body would be to guide Member States and other stakeholders in evaluating which solutions are most effective in reducing plastic consumption, enhancing plastic waste recovery and recycling, and curbing the generation of plastic waste. This Body could also assess trade-offs among these solutions and evaluate safer alternatives to current plastics. It could monitor the transnational export of plastic waste. It could coordinate robust oceanic-, land-, and air-based MNP monitoring programs.This Commission recommends urgent investment by national governments in research into solutions to the global plastic crisis. This research will need to determine which solutions are most effective and cost-effective in the context of particular countries and assess the risks and benefits of proposed solutions. Oceanographic and environmental research is needed to better measure concentrations and impacts of plastics <10 µm and understand their distribution and fate in the global environment. Biomedical research is needed to elucidate the human health impacts of plastics, especially MNPs. This Commission finds that plastics are both a boon to humanity and a stealth threat to human and planetary health. Plastics convey enormous benefits, but current linear patterns of plastic production, use, and disposal that pay little attention to sustainable design or safe materials and a near absence of recovery, reuse, and recycling are responsible for grave harms to health, widespread environmental damage, great economic costs, and deep societal injustices. These harms are rapidly worsening.While there remain gaps in knowledge about plastics' harms and uncertainties about their full magnitude, the evidence available today demonstrates unequivocally that these impacts are great and that they will increase in severity in the absence of urgent and effective intervention at global scale. Manufacture and use of essential plastics may continue. However, reckless increases in plastic production, and especially increases in the manufacture of an ever-increasing array of unnecessary single-use plastic products, need to be curbed.Global intervention against the plastic crisis is needed now because the costs of failure to act will be immense.",Landrigan Philip J; Raps Hervé; Cropper Maureen; Bald Caroline; Brunner Manuel,Annals of global health,2023,10.5334/aogh.4056
26492286,Perfluoroalkyl and polyfluoroalkyl substances and indicators of immune function in children aged 12-19 y: National Health and Nutrition Examination Survey.,"Perfluoroalkyl and polyfluoroalkyl substances (PFAS) are immunotoxic in laboratory studies. Human studies of immune effects are inconsistent. Using the US National Health and Nutrition Examination Survey (NHANES), we examined PFAS serum concentration and indicators of prevalent immune function among 12-19-y-old children. In this cross-sectional study, we examined PFAS serum concentration in relation to measles, mumps, and rubella antibody concentrations in NHANES 1999-2000 and 2003-2004 (n = 1,191) and to allergic conditions and allergic sensitization in NHANES 2005-2006 (n = 640). In adjusted, survey-weighted models, a doubling of perfluorooctane sulfonate (PFOS) concentration among seropositive children was associated with a 13.3% (95% confidence interval (CI): -19.9, -6.2) decrease in rubella antibody concentration and a 5.9% decrease in mumps antibody concentration (95% CI: -9.9, -1.6). We observed no adverse association between exposure and current allergic conditions, including asthma. Children with higher PFOS concentration were less likely to be sensitized to any allergen (odds ratio (OR): 0.74; 95% CI: 0.58, 0.95). Increased exposure to several PFAS was associated with lower levels to mumps and rubella antibody concentrations, especially among seropositive individuals. These lower antibody concentrations may indicate a less robust response to vaccination or greater waning of vaccine-derived immunity over time.",Stein Cheryl R; McGovern Kathleen J; Pajak Ashley M; Maglione Paul J; Wolff Mary S,Pediatric research,2016,10.1038/pr.2015.213
41411208,Main Pollen Allergens and Their Cross-Reactivity Allergens in Spring in Beijing.,"In Beijing, China, the key pollen allergen components associated with spring allergic rhinitis (AR) and their potential link to pollen-food allergy syndrome (PFAS) remain incompletely characterized. This study aimed to identify the major pollen allergens that trigger AR in spring and the key pollen components that drive PFAS in Beijing. A total of 125 patients with spring AR symptoms were enrolled during the spring pollen season in Beijing. Serum-specific IgE against pollen allergen components and food allergens was detected using ImmunoCAP and enzyme-linked immunosorbent assay. Inhibition assays were performed to verify cross-reactivity between pollen and food proteins. SPSS 26.0 software was used to analyze the correlation between pollen allergen components and PFAS-related food sensitization. Among the 125 allergic patients, the main spring pollen allergens were cypress, Fraxinus chinensis, plane tree, willow, Populus, white birch and elm, while Artemisia sieversiana, sunflower, and goosefoot were the main autumn pollen allergens. The highest positive rate of Cup a 1 (60.9%) was observed for cypress, the highest positive rate of Art an 2 (64.8%) for Artemisia annua, and the highest positive rate of Che a 2 (80%) for goosefoot. Spearman's correlation analysis indicated that Art an 4 cross-reacted with peach (r = 0.766, p < 0.0001), and Che a 2 cross-reacted with peach (r = 0.914, p < 0.001), which were confirmed by inhibition assay. Spring AR patients should be alert for the possible cross-reactivity to some food and autumn pollen allergy. We found Art an 4 profilin sensitization has much impact on peach Pru p 4 and goosefoot pollen Che a 2 positivity, highlighting the need to detect both spring and autumn pollen components for early PFAS risk screening in spring.",Ming Wenhua; Ma Tingting; Gao Zhong-Shan; Zhao Lan; Cheng Zilu,International archives of allergy and immunology,2026,10.1159/000550066
38488937,"Emerging organic contaminants in the soil-plant-receptor continuum: transport, fate, health risks, and removal mechanisms.","There is a lack of comprehensive reviews tracking emerging organic contaminants (EOCs) within the soil-plant continuum using the source-pathway-receptor-impact-mitigation (SPRIM) framework. Therefore, this review examines existing literature to gain insights into the occurrence, behaviour, fate, health hazards, and strategies for mitigating EOCs within the soil-plant system. EOCs identified in the soil-plant system encompass endocrine-disrupting chemicals, surfactants, pharmaceuticals, personal care products, plasticizers, gasoline additives, flame retardants, and per- and poly-fluoroalkyl substances (PFAS). Sources of EOCs in the soil-plant system include the land application of biosolids, wastewater, and solid wastes rich in EOCs. However, less-studied sources encompass plastics and atmospheric deposition. EOCs are transported from their sources to the soil-plant system and other receptors through human activities, wind-driven processes, and hydrological pathways. The behaviour, persistence, and fate of EOCs within the soil-plant system are discussed, including sorption, degradation, phase partitioning, (bio)transformation, biouptake, translocation, and bioaccumulation in plants. Factors governing the behaviour, persistence, and fate of EOCs in the soil-plant system include pH, redox potential, texture, temperature, and soil organic matter content. The review also discusses the environmental receptors of EOCs, including their exchange with other environmental compartments (aquatic and atmospheric), and interactions with soil organisms. The ecological health risks, human exposure via inhalation of particulate matter and consumption of contaminated food, and hazards associated with various EOCs in the soil-plant system are discussed. Various mitigation measures including removal technologies of EOCs in the soil are discussed. Finally, future research directions are presented.",Masinga Privilege; Simbanegavi Tinoziva T; Makuvara Zakio; Marumure Jerikias; Chaukura Nhamo,Environmental monitoring and assessment,2024,10.1007/s10661-023-12282-7
39547057,Exposure to perfluorodecanoic acid impairs follicular development via inducing granulosa cell necroptosis.,"Per- and polyfluoroalkyl substances (PFAS) have attracted significant attention due to their environmental toxicity. However, the detrimental impact of PFAS on the development of the female reproductive system remains controversial. In this study, we investigated the effects of three specific PFAS compounds perfluorooctanoic acid (PFOA), perfluorononanoic acid (PFNA), and perfluorodecanoic acid (PFDA) on ovarian development. Among these compounds, PFDA demonstrated the most pronounced cytotoxic effect on ovarian granulosa cells. The results showed that a 200 μM concentration of PFDA induced cell apoptosis via the intrinsic pathway by elevating reactive oxygen species (ROS) levels and activating Caspase-9 and Caspase-3. Furthermore, 200 μM PFDA triggered necroptosis, a form of regulated cell death (RCD), through the receptor-interacting serine/threonine kinase 1 (RIPK1), receptor interacting protein kinase 3 (RIPK3), and mixed-lineage kinase domain-like protein (MLKL) axis, mediated by inhibition of the canonical apoptosis proteolytic enzyme Caspase-8. In vivo experiments confirmed that mice exposed to PFDA displayed a significantly reduced ovarian index compared to the control group, accompanied by evident follicular atresia. Ovarian tissues from the PFDA-exposed group showed upregulated necroptosis markers, which were effectively mitigated by inhibiting the phosphorylation of RIPK1 at Ser166. Importantly, this study provides the first evidence that PFDA disrupts ovarian development through a novel mechanism involving the RIPK1-mediated necroptosis pathway, alongside the detection of the intrinsic apoptosis pathway. This greatly expands our insight into the effects of PFDA on cell death. This finding highlights the potential public health hazards associated with PFDA exposure and emphasizes the need for further research to fully understand its broader implications.",Liu Zekun; Cui Zhenyan; Li Chunming; Lu Kean; Chen Kelie,Ecotoxicology and environmental safety,2024,10.1016/j.ecoenv.2024.117268
39256853,"Adverse health effects of exposure to plastic, microplastics and their additives: environmental, legal and policy implications for Israel.","Israel is a regional ""hotspot"" of plastic pollution, with little discussion of potential adverse health effects from exposure to plastic. This review aims to stimulate discussion and drive policy by focusing on these adverse health effects. Plastics are synthetic polymers containing additives which can leach from food- and beverage-contact plastic into our food and beverages, and from plastic textiles onto our skin. Plastics persist in the environment for generations, fragmenting into MNPs: Micro (1 micron-5 mm)-Nano (1 nm-1 micron)-Plastic, which contaminate our atmosphere, water, and food chain. MNP can enter the human body through ingestion, inhalation and touch. MNP < 10 microns can cross epithelial barriers in the respiratory and gastrointestinal systems, and fragments < 100 nm can cross intact skin, enabling entry into body tissues. MNP have been found in multiple organs of the human body. Patients with MNP in atheromas of carotid arteries have increased risk of a combined measure of stroke, cardiovascular disease, and death. Toxic additives to plastics include bisphenols, phthalates, and PFAS, endocrine-disrupting chemicals (EDCs) which cause dysregulation of thyroid function, reproduction, and metabolism, including increased risk of obesity, diabetes, endometriosis, cancer, and decreased fertility, sperm count and quality. Fetal exposure to EDCs is associated with increased rates of miscarriages, prematurity and low birth weight. There is likely no safe level of exposure to EDCs, with increasing evidence of trans-generational and epigenetic effects. There are several existing Israeli laws to reduce plastic use and waste. Taxes on single-use plastic (SUP) were recently cancelled. There are many gaps in regulatory standards for food-, beverage- and child- safe plastic. Existing standards are poorly enforced. Reduction in production and use of plastic, promotion of recycling and reduction of leaching of toxic additives into our food and beverages are essential policy goals. Specific recommendations: Periodic monitoring of MNP in bottled beverages, food, indoor air; Strengthen enforcement of standards for food-, beverage-, and child-safe plastic; Renew tax on SUPs; National ban on SUP at public beaches, nature reserves and parks; Ban products manufactured with MNP; Increase research on sources and health outcomes of exposure to MNP and EDCs.",Belmaker Ilana; Anca Evelyn D; Rubin Lisa P; Magen-Molho Hadas; Miodovnik Anna,Israel journal of health policy research,2024,10.1186/s13584-024-00628-6
34426018,Remediation and mineralization processes for per- and polyfluoroalkyl substances (PFAS) in water: A review.,"Per- and polyfluoroalkyl substances (PFAS) are synthetic organic molecules used to manufacture various consumer and industrials products. In PFAS, the CF bond is stable, which renders these compounds chemically stable and prevents their breakdown. Several PFAS treatment processes such as adsorption, photolysis and photocatalysis, bioremediation, sonolysis, electrochemical oxidation, etc., have been explored and are being developed. The present review article has critically summarized degradative technologies and provides in-depth knowledge of photodegradation, electrochemical degradation, chemical oxidation, and reduction mineralization mechanism. Also, novel non-degradative technologies, including nano-adsorbents, natural and surface-modified clay minerals/zeolites, calixarene-based polymers, and molecularly imprinted polymers and adsorbents derived from biomaterials are discussed in detail. Of these novel approaches photocatalysis combined with membrane filtration or electrochemical oxidation via a treatment train approach shows promising results in removing PFAS in natural waters. The photocatalytic mineralization mechanism of PFOA is discussed, leading to recommendations for future research on novel remediation strategies for removing PFAS from water.",Verma Sanny; Varma Rajender S; Nadagouda Mallikarjuna N,The Science of the total environment,2021,10.1016/j.scitotenv.2021.148987
38724241,Effects of PFAS on human liver transporters: implications for health outcomes.,"Per- and polyfluoroalkyl substances (PFAS) have become internationally recognized over the past three decades as persistent organic pollutants used in the production of various consumer and industrial goods. Research efforts continue to gauge the risk that historically used, and newly produced, PFAS may cause to human health. Numerous studies report toxic effects of PFAS on the human liver as well as increased serum cholesterol levels in adults. A major concern with PFAS, also dubbed ""forever chemicals,"" is that they accumulate in the liver and kidney and persist in serum. The mechanisms responsible for their disposition and excretion in humans are poorly understood. A better understanding of the interaction of PFAS with liver transporters, as it pertains to the disposition of PFAS and other xenobiotics, could provide mechanistic insight into human health effects and guide efforts toward risk assessment of compounds in development. This review summarizes the current state of the literature on the emerging relationships (eg, substrates, inhibitors, modulators of gene expression) between PFAS and specific hepatic transporters. The adaptive and toxicological responses of hepatocytes to PFAS that reveal linkages to pathologies and epidemiological findings are highlighted. The evidence suggests that our understanding of the molecular landscape of PFAS must improve to determine their impact on the expression and function of hepatocyte transporters that play a key role in PFAS or other xenobiotic disposition. From here, we can assess what role these changes may have in documented human health outcomes.",Vujic Ena; Ferguson Stephen S; Brouwer Kim L R,Toxicological sciences : an official journal of the Society of Toxicology,2024,10.1093/toxsci/kfae061
39755359,Insights into toxicological mechanisms of per-/polyfluoroalkyl substances by using omics-centered approaches.,"The extensive presence of per-/polyfluoroalkyl substances (PFASs) in the environment and their adverse effects on organisms have garnered increasing concern. With the shift of industrial development from legacy to emerging PFASs, expanding the understanding of molecular responses to legacy and emerging PFASs is essential to accurately assess their risks to organisms. Compared with traditional toxicological approaches, omics technologies including transcriptomics, proteomics, metabolomics/lipidomics, and microbiomics allow comprehensive analysis of the molecular changes that occur in organisms after PFAS exposure. This paper comprehensively reviews the insights of omics approaches, especially the multi-omics approach, on the toxic mechanisms of both legacy and emerging PFASs in recent five years, focusing on hepatotoxicity, developmental toxicity, immunotoxicity, reproductive toxicity, neurotoxicity, and the endocrine-disrupting effect. PFASs exert various toxic effects via lipid and amino acid metabolism disruption, perturbations in several cell signal pathways, and binding to nuclear receptors. Notably, integrating multi-omics offers a thorough insight into the mechanisms of toxicity associated with PFASs. The gut microbiota plays an essential regulatory role in the toxic mechanisms of PFAS-induced hepatotoxicity. Finally, further research directions for PFAS toxicology based on omics technologies are prospected.",Zhou Xinyi; Hu Fanglin; Chen Yafang; Xie Kun; Hong Wen-Jun,"Environmental pollution (Barking, Essex : 1987)",2025,10.1016/j.envpol.2025.125634
41443768,Developmental Toxicity of Photolithography-Relevant Per- and Polyfluoroalkyl Substances (PFAS) Reveals Concerns for Less-Studied Functional Groups.,"Per- and polyfluoroalkyl substances (PFAS) are used throughout semiconductor manufacturing, including photolithography, yet many remain toxicologically uncharacterized. This study used the zebrafish embryo assay to assess developmental toxicity and gene expression changes (",Cao Yuexin; Smaili Hajar; Shanks Hazel Q; Tvermoes Brooke E; Niu Shan,Environmental science & technology,2026,10.1021/acs.est.5c09577
36573587,Occupational exposure and serum levels of per- and polyfluoroalkyl substances (PFAS): A review.,"Per- and polyfluoroalkyl substances, or PFAS, are a class of chemicals used in nearly all sectors of industry and many consumer products. Their resistance to degradation, however, means that PFAS are ubiquitous in the environment and bioaccumulate. PFAS exposure has also been linked to a variety of adverse health effects. Occupational PFAS exposure is of particular concern as research on PFAS exposure in worker populations has historically been limited and generally restricted to fluorochemical plant workers involved in PFAS production. A comprehensive review of peer-reviewed scientific literature was conducted to investigate which worker populations may experience occupational exposure to PFAS. Serum PFAS levels reported in various occupations were analyzed and compared to serum PFAS levels published on the general public exposed to PFAS-contaminated drinking water and the study population of the National Health and Nutrition Examination Survey (NHANES). Our analysis indicates that professional ski waxers and firefighters may be exposed to several different PFAS at levels often similar to or higher than levels among fluorochemical plant workers and individuals in communities with PFAS-contaminated drinking water, and higher than levels in the general public. PFAS serum level data on other occupations were largely absent. Results highlight a need for additional research on occupational PFAS exposures and concomitant environmental exposures in these populations. Research on exposure levels in occupations and industries known or suspected to utilize PFAS is critically needed to foster informed recommendations for exposure mitigation measures to protect workers from adverse health effects of PFAS exposure.",Lucas Katherine; Gaines Linda G T; Paris-Davila Tamara; Nylander-French Leena A,American journal of industrial medicine,2023,10.1002/ajim.23454
38701889,"Predicting PFAS fate in fish: Assessing the roles of dietary, respiratory, and dermal uptake in bioaccumulation modeling.","An increasing number of per- and polyfluoroalkyl substances (PFAS) exposed to the environment may pose a threat to organisms and human beings. However, there is a lack of simulations comprehensively addressing and comparing the bioaccumulation of PFAS across all three major exposure routes (oral, inhalation, and dermal), especially for dermal uptake. In this study, we proposed a physiologically based kinetic (PBK) model for PFAS, aiming to predict bioaccumulation factors (BAF) in fish by considering these diverse exposure routes. 15 PFAS were used for model validation, and 11 PFAS from Taihu Lake were used for exposure contribution modeling. Approximately 64% of estimations fell within 10-fold model bias from measurements in Taihu Lake, underscoring the potential efficacy of the developed PBK model in predicting BAFs for fish. The dermal route emerges as a contributor to short-chain PFAS exposure. For example, it ranged widely from 46% to 75% (mean) for all modeling short-chain PFAS (C6-C7) in Taihu Lake. It indicated the criticality of considering dermal exposure for PFAS in fish, highlighting a gap in field studies to unravel cutaneous intake mechanisms and contributions. For longer carbon chains of PFAS (C8-C12), dermal exposure accounted for 2%-27% for all species of aquatic organisms. The fish's lipid fraction and water content played a significant role in the contribution of PFAS intake through cutaneous exposure and inhalation. K",Xiong Jie; Li Zijian,Environmental research,2024,10.1016/j.envres.2024.119036
39050784,Advancing PFAS risk assessment: Integrative approaches using agent-based modelling and physiologically-based kinetic for environmental and health safety.,"Per- and polyfluoroalkyl substances (PFAS), ubiquitous in a myriad of consumer and industrial products, and depending on the doses of exposure represent a hazard to both environmental and public health, owing to their persistent, mobile, and bio accumulative properties. These substances exhibit long half-lives in humans and can induce potential immunotoxic effects at low exposure levels, sparking growing concerns. While the European Food Safety Authority (EFSA) has assessed the risk to human health related to the presence of PFAS in food, in which a reduced antibody response to vaccination in infants was considered as the most critical human health effect, a comprehensive grasp of the molecular mechanisms spearheading PFAS-induced immunotoxicity is yet to be attained. Leveraging modern computational tools, including the Agent-Based Model (ABM) Universal Immune System Simulator (UISS) and Physiologically Based Kinetic (PBK) models, a deeper insight into the complex mechanisms of PFAS was sought. The adapted UISS serves as a vital tool in chemical risk assessments, simulating the host immune system's reactions to diverse stimuli and monitoring biological entities within specific adverse health contexts. In tandem, PBK models unravelling PFAS' biokinetics within the body i.e. absorption, distribution, metabolism, and elimination, facilitating the development of time-concentration profiles from birth to 75 years at varied dosage levels, thereby enhancing UISS-TOX's predictive abilities. The integrated use of these computational frameworks shows promises in leveraging new scientific evidence to support risk assessments of PFAS. This innovative approach not only allowed to bridge existing data gaps but also unveiled complex mechanisms and the identification of unanticipated dynamics, potentially guiding more informed risk assessments, regulatory decisions, and associated risk mitigations measures for the future.",Iulini Martina; Russo Giulia; Crispino Elena; Paini Alicia; Fragki Styliani,Computational and structural biotechnology journal,2024,10.1016/j.csbj.2024.06.036
35121495,Human exposure to F-53B in China and the evaluation of its potential toxicity: An overview.,"Chlorinated polyfluoroalkyl ether sulfonic acid (Cl-PFESAs, trade name F-53B), an alternative to perfluorooctane sulfonate (PFOS), has been widely used as a mist suppressant in the Chinese electroplating industry since the 1970 s. Due to greater restrictions on PFOS globally in recent years, the production and use of F-53B correspondingly increased, consequently causing more emissions into the environment. In China, an increasing number of studies report frequent detection and broad exposure to F-53B in the natural environment, various wildlife and the human body. In human blood, the detection rate of F-53B is almost 80%, accounting for 8.69 to 28% of ∑per- and polyfluoroalkyl substances (PFASs). F-53B is the most biopersistent PFAS in humans to date, with a half-life of 15.3 years. In addition, F-53B displays protein binding affinity and high human placental permeability. Recently, some epidemiological studies have reported the health risks associated with F-53B in humans, including abnormal serum lipid metabolism, vascular dysfunction, endocrine disorders and even adverse birth outcomes. Various in vivo and in vitro studies have demonstrated the toxicity of F-53B, such as hepatotoxicity, interference effects on the endocrine system, as well as reproductive and developmental toxicity. Our aims are to review studies on human F-53B exposure levels, trends and associated health effects; evaluate the potential toxicity; and predict directions for future research.",He Yanxia; Lv Di; Li Chuanhai; Liu Xiuqin; Liu Wendong,Environment international,2022,10.1016/j.envint.2022.107108
41347043,Decoding PFAS immunotoxicity: a NAMs-based comparison of short vs. long chains.,"Per- and polyfluoroalkyl substances (PFAS) are persistent environmental pollutants with potential immunotoxic effects. Most toxicological studies have focused on long-chain PFAS such as perfluorooctanesulfonic acid (PFOS) and perfluorooctanoic acid (PFOA). However, short-chain and ultra-short-chain alternatives, including trifluoroacetic acid (TFA), are increasingly used despite limited toxicological data. This study evaluated and compared the immunotoxic effects of PFAS with varying chain lengths-long-, short-, ultra-short-chain compounds, and fluoropolymer representatives (polytetrafluoroethylene, PTFE)-using human-relevant new approach methodologies (NAMs). Two complementary in vitro models were employed. Peripheral blood mononuclear cells (PBMCs) from healthy donors to assess antibody (IgG and IgM) production. THP-1-derived dendritic cells (DCs) to evaluate maturation marker expression (CD83, CD86, HLA-DR). Environmentally and occupationally relevant PFAS concentrations were tested. PFOS, PFOA, and perfluorononanoic acid (PFNA) suppressed antibody production and impaired DC maturation in a concentration-dependent manner, consistent with previous in vivo and epidemiological data. Short-chain PFAS (PFHxS, PFBS, PFHxA, PFBA) showed modest to intermediate immunomodulatory activity, with subtle immunosuppressive trends in female donors. Notably, TFA reduced antibody production at levels comparable to PFOS, indicating that chain length alone is not a reliable predictor of immunotoxic potential. PTFE exhibited no suppressive effects; instead, increased antibody release was observed in female donors, suggesting possible sex-dependent immunostimulation. Findings support a nuanced, compound-specific approach to PFAS risk assessment rather than a simple long- vs. short-chain distinction. In vitro NAMs provided mechanistic, human-relevant insights and reinforce their integration into regulatory frameworks.",Iulini Martina; Galbiati Valentina; Marinovich Marina; Corsini Emanuela,Frontiers in toxicology,2025,10.3389/ftox.2025.1665163
33751946,Epigenetic changes by per- and polyfluoroalkyl substances (PFAS).,"Increasing studies are examining per- and polyfluoroalkyl substances (PFAS) induced toxicity and resulting health outcomes, including epigenetic modifications (e.g., DNA methylation, histone modification, microRNA expression). We critically reviewed current evidence from human epidemiological, in vitro, and animal studies, including mammalian and aquatic model organisms. Epidemiological studies identified the associations between perfluorooctane sulfonate (PFOS) or perfluorooctanoic acid (PFOA) exposure and epigenetic changes in both adult populations and birth cohorts. For in vitro studies, various cell types including neuroblasts, preadipocytes, and hepatocytes have been employed to understand epigenetic effects of PFAS. In studies with animal models, effects of early life exposure to PFAS have been examined using rodent models, and aquatic models (e.g., zebrafish) have been more frequently used in recent years. Several studies highlighted oxidative stress as a key mediator between epigenetic modification and health effects. Collectively, previous research clearly suggest involvement of epigenetic mechanisms in PFAS induced toxicity, though these efforts have primarily focused on specific PFASs (i.e. mainly PFOS and PFOA) or endpoints (i.e. cancer). Additional studies are necessary to define specific linkages among epigenetic mechanisms and related biomarkers or phenotypical changes. In addition, future research is also needed for understudied PFAS and complex mixtures. Studies of epigenetic effects elicited by individual PFAS and mixtures are needed within an adverse outcome pathways framework, which will advance an understanding of PFAS risks to public health and the environment, and support efforts to design less hazardous chemicals.",Kim Sujin; Thapar Isha; Brooks Bryan W,"Environmental pollution (Barking, Essex : 1987)",2021,10.1016/j.envpol.2021.116929
41304483,Cumulative Exposure and Health Risk Assessment of PFAS in Animal-Derived Foods Using the Relative Potency Factor Approach.,"Per- and polyfluoroalkyl substances (PFASs) are persistent and bioaccumulative contaminants frequently detected in animal-derived foods, raising concerns for consumer health. In 2020, the European Food Safety Authority (EFSA) established a group tolerable weekly intake (TWI) of 4.4 ng/kg bw per week for four PFAS (PFOA, PFNA, PFOS, PFHxS) based on immunotoxicity, prompting the European Commission to set maximum levels in food. However, many other PFAS are present in the diet, and their cumulative risk is poorly characterized. This study applied the Relative Potency Factor (RPF) approach, using hepatic toxicity as the reference endpoint. The RPF approach addresses a key challenge in assessing human dietary exposure to PFAS by enabling cumulative risk assessment for complex mixtures found in food, moving beyond single-compound evaluations. Occurrence data from EFSA's 2020 opinion were combined with European consumption data for fish, meat, eggs, and milk across four population groups (toddlers, adolescents, adults, elderly). Exposure estimates, expressed in PFOA equivalents, were compared with the group TWI. Results showed toddlers as the most vulnerable, with cumulative exposure approaching or exceeding TWI through fish, meat, and eggs, while milk contributed less. PFOS and PFOA were the main contributors across all food categories, with PFNA and PFDA also relevant, especially in younger populations. The findings highlight the added value of the RPF approach for cumulative PFAS risk assessment and emphasize the need for updated monitoring, refinement of potency factors for under-studied PFAS, and continued regulatory measures to protect high-risk consumers.",Rampazzo Giulia; Arioli Francesco; Pagliuca Giampiero; Depau Giacomo; Zironi Elisa,Toxics,2025,10.3390/toxics13110931
39389246,"Exposure to PFOA, PFOS, and PFHxS induces Alzheimer's disease-like neuropathology in cerebral organoids.","Per- and polyfluoroalkyl substances (PFASs), a class of ubiquitous synthetic organic chemicals, are widely utilized across various industrial applications. However, the long-term neurological health effects of PFAS mixture exposure in humans remain poorly understood. To address this gap, we have designed a comprehensive study to predict and validate cell-type-specific neurotoxicity of PFASs using single-cell RNA sequencing (scRNA-seq) and cerebral organoids. Cerebral organoids were exposed to a PFAS mixture at concentrations of 1 × (10 ng/ml PFOS and PFOA, and 1 ng/ml PFHxS), 30 × , and 900 × over 35 days, with a follow-up analysis at day 70. Pathological alterations and lipidomic profiles were analyzed to identify disrupted molecular pathways and mechanisms. The scRNA-seq data revealed a significant impact of PFASs on neurons, suggesting a potential role in Alzheimer's Disease (AD) pathology, as well as intellectual and cognitive impairments. PFAS-treated cerebral organoids exhibited Aβ accumulation and tau phosphorylation. Lipidomic analyses further revealed lipid disturbances in response to PFAS mixture exposure, linking PFAS-induced AD-like neuropathology to sphingolipid metabolism disruption. Collectively, our findings provide novel insights into the PFAS-induced neurotoxicity, highlighting the significance of sphingolipid metabolism in the development of AD-like neuropathology. The use of cerebral organoids and scRNA-seq offers a powerful methodology for evaluating the health risks associated with environmental contaminants, particularly those with neurotoxic potential.",Lu Shiya; Zhu Xizhi; Zeng Pinli; Hu Linxia; Huang Yan,"Environmental pollution (Barking, Essex : 1987)",2024,10.1016/j.envpol.2024.125098
34010737,"A review of the occurrence, transformation, and removal of poly- and perfluoroalkyl substances (PFAS) in wastewater treatment plants.","Poly- and perfluoroalkyl substances (PFAS) comprise more than 4,000 anthropogenically manufactured compounds with widescale consumer and industrial applications. This critical review compiles the latest information on the worldwide distribution of PFAS and evaluates their fate in wastewater treatment plants (WWTPs). A large proportion (>30%) of monitoring studies in WWTPs were conducted in China, followed by Europe (30%) and North America (16%), whereas information is generally lacking for other parts of the world, including most of the developing countries. Short and long-chain perfluoroalkyl acids (PFAAs) were widely detected in both the influents (up to 1,000 ng/L) and effluents (15 to >1,500 ng/L) of WWTPs. To date, limited data is available regarding levels of PFAS precursors and ultra-short chain PFAS in WWTPs. Most WWTPs exhibited low removal efficiencies for PFAS, and many studies reported an increase in the levels of PFAAs after wastewater treatment. The analysis of the fate of various classes of PFAS at different wastewater treatment stages (aerobic and/aerobic biodegradation, photodegradation, and chemical degradation) revealed biodegradation as the primary mechanism responsible for the transformation of PFAS precursors to PFAAs in WWTPs. Remediation studies at full scale and laboratory scale suggest advanced processes such as adsorption using ion exchange resins, electrochemical degradation, and nanofiltration are more effective in removing PFAS (~95-100%) than conventional processes. However, the applicability of such treatments for real-world WWTPs faces significant challenges due to the scaling-up requirements, mass-transfer limitations, and management of treatment by-products and wastes. Combining more than one technique for effective removal of PFAS, while addressing limitations of the individual treatments, could be beneficial. Considering environmental concentrations of PFAS, cost-effectiveness, and ease of operation, nanofiltration followed by adsorption using wood-derived biochar and/or activated carbons could be a viable option if introduced to conventional treatment systems. However, the large-scale applicability of the same needs to be further verified.",Lenka Swadhina Priyadarshini; Kah Melanie; Padhye Lokesh P,Water research,2021,10.1016/j.watres.2021.117187
38583295,Inconsistencies in the EU regulatory risk assessment of PFAS call for readjustment.,"Recognition of per- and polyfluoroalkyl substances (PFAS) as widespread environmental pollutants and a consequent risk to human health, has recently made the European Union (EU) adopt several regulatory measures for their management. The coherence of these measures is challenged by the diversity and the ubiquitous occurrence of PFAS, which also complicates the EU's endeavor to advance justified, harmonized, and transparent approaches in the regulatory assessment of chemical risks. Our study critically reviews the European approach for the risk assessment of PFAS, by applying a comparative analysis of the current and pending regulatory thresholds issued for these chemicals in water bodies, drinking water, and certain foodstuffs. Our study shows that the level of health protection embedded in the studied thresholds may differ by three orders of magnitude, even in similar exposure settings. This is likely to confuse the common understanding of the toxicity and health risks of PFAS and undermine reasonable decision-making and the equal treatment of different stakeholders. We also indicate that currently, no consensus exists on the appropriate level of required health protection regarding PFAS and that the recently adopted tolerable intake value in the EU is too cautious. Based on our analysis, we propose some simple solutions on how the studied regulations and their implicit PFAS thresholds or their application could be improved. We further conclude that instead of setting EU-wide PFAS thresholds for all the environmental compartments, providing the member states with the flexibility to consider case-specific factors, such as regional background concentrations or food consumption rates, in their national regulatory procedures would likely result in more sustainable management of environmental PFAS without compromising the scientific foundation of risk assessment, the legitimacy of the EU policy framework and public health.",Reinikainen Jussi; Bouhoulle Elodie; Sorvari Jaana,Environment international,2024,10.1016/j.envint.2024.108614
35981038,Low-temperature mineralization of perfluorocarboxylic acids.,"Per- and polyfluoroalkyl substances (PFAS) are persistent, bioaccumulative pollutants found in water resources at concentrations harmful to human health. Whereas current PFAS destruction strategies use nonselective destruction mechanisms, we found that perfluoroalkyl carboxylic acids (PFCAs) could be mineralized through a sodium hydroxide-mediated defluorination pathway. PFCA decarboxylation in polar aprotic solvents produced reactive perfluoroalkyl ion intermediates that degraded to fluoride ions (78 to ~100%) within 24 hours. The carbon-containing intermediates and products were inconsistent with oft-proposed one-carbon-chain shortening mechanisms, and we instead computationally identified pathways consistent with many experiments. Degradation was also observed for branched perfluoroalkyl ether carboxylic acids and might be extended to degrade other PFAS classes as methods to activate their polar headgroups are identified.",Trang Brittany; Li Yuli; Xue Xiao-Song; Ateia Mohamed; Houk K N,"Science (New York, N.Y.)",2022,10.1126/science.abm8868
31896004,Treatment train approaches for the remediation of per- and polyfluoroalkyl substances (PFAS): A critical review.,"Per- and polyfluoroalkyl substances (PFAS) have recently drawn great attention due to their ubiquitous presence in aquatic environments and potential toxicity to human health and the environment. A number of recent studies have demonstrated that ""passive"" removal approaches, such as adsorption, filtration, and reverse osmosis or ""active"" degradation technologies, such as enhanced photolysis, electrochemical oxidation, and sonochemical destruction, are all able to individually conduct remedial measures for PFAS contamination at some level. However, drawbacks, specifically high energy consumption, low cost-efficiency, and extreme operating conditions, are commonly observed from these studies which significantly suppress the future for commercialization of these innovative technologies. Since 2015, a new trend of PFAS remediation has emerged that uses multiple synergetic technologies simultaneously (known as treatment train processes) to effectively achieve in-situ remediation of PFAS. This paper provides new insight of the recently reported treatment train studies selected from approximately 150 different publications with regards to the remediation of PFAS and discusses their innovative designs, remediation performances, present limits, and possible improvements. Based on a comprehensive review of the current treatment train studies, this review work proposes a new design that consists of three individual technologies, namely, nanofiltration, electrochemical anodic oxidation, and electro-Fenton degradation, to maximize economic and environmental benefits of PFAS remedial measures.",Lu Dingnan; Sha Sha; Luo Jiayue; Huang Zhuangrong; Zhang Jackie Xiaoqi,Journal of hazardous materials,2020,10.1016/j.jhazmat.2019.121963
41222812,Assessing PFAS mixture exposure and thyroid function in U.S. adolescents: insights from NHANES 2011-2012.,"Per- and polyfluoroalkyl substances (PFASs) are persistent endocrine-disrupting chemicals widely detected in human serum. Epidemiological studies suggest that PFAS exposure may disrupt thyroid function by interfering with hormone production, transport, and metabolism; however, findings remain inconsistent, particularly regarding sex-specific effects. This study aimed to (1) examine associations between serum PFAS mixtures and thyroid hormone levels in adolescents and (2) identify mixture patterns and explore sex-specific associations using a nationally representative dataset. We investigated the association between serum PFAS mixtures and thyroid function markers-including thyroid-stimulating hormone (TSH), thyroid hormones, and thyroglobulin-among 12- to 20-year-olds in NHANES 2011-2012. Principal component analysis (PCA) identified three factors: Factor 1 (long-chain carboxylates: PFUnA, PFDA, PFNA), Factor 2 (sulfonates: PFHxS, PFOS, MeFOSAA, and PFOA), and Factor 3 (PFHpA). Multivariable linear regression estimated associations between PFAS factors and thyroid hormone concentrations. Higher exposure to Factor 1 was significantly positively associated with free T4 in males but negatively associated with total T4 in females. PFASs may alter hormone clearance or interfere with feedback regulation. Factor 2 exposure was negatively associated with total T4 and positively associated with TSH in males, with statistical significance. Greater exposure to Factor 3 was significantly associated with increased total T4 in males. Overall, exposure to Factors 1 and 2 was predominantly linked to lower thyroid hormone levels, whereas Factor 3 was positively associated with thyroid hormones. These findings highlight the importance of evaluating PFAS mixtures rather than individual compounds and suggest sex-specific thyroid hormone disruptions.",Begum Thoin F; Byrne Samuel C; Carpenter David O,Environmental science and pollution research international,2025,10.1007/s11356-025-37134-4
37429082,Exposures to perfluoroalkyl substances and asthma phenotypes in childhood: an investigation of the COPSAC2010 cohort.,"Exposure to perfluoroalkyl substances may affect offspring immune development and thereby increase risk of childhood asthma, but the underlying mechanisms and asthma phenotype affected by such exposure is unknown. In the Danish COPSAC2010 cohort of 738 unselected pregnant women and their children plasma PFOS and PFOA concentrations were semi-quantified by untargeted metabolomics analyses and calibrated using a targeted pipeline in mothers (gestation week 24 and 1 week postpartum) and children (age ½, 1½ and 6 years). We examined associations between pregnancy and childhood PFOS and PFOA exposure and childhood infections, asthma, allergic sensitization, atopic dermatitis, and lung function measures, and studied potential mechanisms by integrating data on systemic low-grade inflammation (hs-CRP), functional immune responses, and epigenetics. Higher maternal PFOS and PFOA exposure during pregnancy showed association with a non-atopic asthma phenotype by age 6, a protection against sensitization, and no association with atopic asthma or lung function, or atopic dermatitis. The effect was primarily driven by prenatal exposure. There was no association with infection proneness, low-grade inflammation, altered immune responses or epigenetic changes. Prenatal exposure to PFOS and PFOA, but not childhood exposure, specifically increased the risk of low prevalent non-atopic asthma, whereas there was no effect on atopic asthma, lung function, or atopic dermatitis. All funding received by COPSAC are listed on www.copsac.com. The Lundbeck Foundation (Grant no R16-A1694); The Novo Nordic Foundation (Grant nos NNF20OC0061029, NNF170C0025014, NNF180C0031764); The Ministry of Health (Grant no 903516); Danish Council for Strategic Research (Grant no 0603-00280B); and The Capital Region Research Foundation have provided core support to the COPSAC research center. COPSAC acknowledges the National Facility for Exposomics (SciLifeLab, Sweden) for supporting calibration of the untargeted metabolomics PFAS data. BC and AS has received funding for this project from the European Union's Horizon 2020 research and innovation programme (BC: grant agreement No. 946228 DEFEND; AS: grant agreement No. 864764 HEDIMED).",Sevelsted Astrid; Pedersen Casper-Emil Tingskov; Gürdeniz Gözde; Rasmussen Morten Arendt; Schullehner Jörg,EBioMedicine,2023,10.1016/j.ebiom.2023.104699
37589402,Research Priorities for the Environmental Risk Assessment of Per- and Polyfluorinated Substances.,"Per- and polyfluorinated substances (PFAS) are a group of thousands of ubiquitously applied persistent industrial chemicals. The field of PFAS environmental research is developing rapidly, but suffers from substantial biases toward specific compounds, environmental compartments, and organisms. The aim of our study was therefore to highlight current developments and to identify knowledge gaps and subsequent research needs that would contribute to a comprehensive environmental risk assessment for PFAS. To this end, we consulted the open literature and databases and found that knowledge of the environmental fate of PFAS is based on the analysis of <1% of the compounds categorized as PFAS. Moreover, soils and suspended particulate matter remain largely understudied. The bioavailability, bioaccumulation, and food web transfer studies of PFAS also focus on a very limited number of compounds and are biased toward aquatic biota, predominantly fish, and less frequently aquatic invertebrates and macrophytes. The available ecotoxicity data revealed that only a few PFAS have been well studied for their environmental hazards, and that PFAS ecotoxicity data are also strongly biased toward aquatic organisms. Ecotoxicity studies in the terrestrial environment are needed, as well as chronic, multigenerational, and community ecotoxicity research, in light of the persistency and bioaccumulation of PFAS. Finally, we identified an urgent need to unravel the relationships among sorption, bioaccumulation, and ecotoxicity on the one hand and molecular descriptors of PFAS chemical structures and physicochemical properties on the other, to allow predictions of exposure, bioaccumulation, and toxicity. Environ Toxicol Chem 2023;42:2302-2316. © 2023 The Authors. Environmental Toxicology and Chemistry published by Wiley Periodicals LLC on behalf of SETAC.",Gkika Ioanna S; Xie Ge; van Gestel Cornelis A M; Ter Laak Thomas L; Vonk J Arie,Environmental toxicology and chemistry,2023,10.1002/etc.5729
40268267,Mitigation of PFAS toxicity through sorbent treatment in Sprague-Dawley rats during prenatal and postnatal exposure.,"PFAS (per- and polyfluoroalkyl substances) are prevalent and persistent environmental pollutants with significant toxicity, especially during critical windows of exposure such as pregnancy and lactation. This study investigated the prenatal and postnatal effects of PFAS exposure on the serum and liver of Sprague-Dawley rats, and the mitigating efficacy of orally administered sorbents. Animal groups included vehicle control, PFAS (0.95 mg/kg-bw/day), and PFAS co-treated with calcium montmorillonite (CM), CM-carnitine, CM-choline, activated carbon (AC), or acid processed montmorillonite (APM). Oral administration of PFAS resulted in accumulation in serum and liver by postnatal day (PND) 21, especially for PFOS. PFAS exposure also reduced body weight gain by 24 % in females and 35 % in males via reduced food and water conversion rates, impaired liver histopathological structure, caused hepatocellular hypertrophy, disrupted serum biochemistry, and reduced vitamins A and B2 in both sexes. Additionally, PFAS exposure increased oxidative stress and liver damage as evidenced by reduced antioxidants (GSH, SOD, GST), induced ALT, AST and pro-inflammatory cytokines (TGF-β and TNF-α), and suppressed CRP. Importantly, CM-carnitine and CM-choline were the most effective mitigating sorbents, significantly reducing PFAS bioavailability in the liver and serum and restoring biochemical parameters such as cholesterol, total protein, and glucose in serum. All sorbent treatments alleviated oxidative stress, normalized inflammatory markers, and improved nutrient levels in both serum and liver. Furthermore, the study revealed sex-specific responses, with females showing greater susceptibility to PFAS-induced metabolic changes and a more prominent response to sorbent mitigation. This study highlights the toxic effect of PFAS exposure in serum and liver during vulnerable windows of exposure such as pregnancy and lactation, and establishes the proof of concept for the oral administration of sorbents, particularly CM-carnitine, CM-choline, and a mixture of sorbents, as preventive mitigation strategies.",Wang Meichen; Oladele Johnson O; Rivenbark Kelly J; Phillips Timothy D,Toxicology,2025,10.1016/j.tox.2025.154156
41418635,PFOS-induced black liver and hepatic aging in mice: A new paradigm in environmental hepatotoxicology.,"Perfluorooctanesulfonic acid (PFOS), a persistent environmental contaminant still imported and widely used in industrial and consumer products, poses poorly defined risks under chronic occupational exposure, with limited research on its role in environmental liver aging. Here, we identify previously unrecognized hepatotoxicity of PFOS in mice exposed to an occupationally relevant dose (10 mg/kg) over subacute (25-day) and chronic (105-day) periods. While both exposures induced mild metabolic-associated steatotic liver disease (MASLD) without fibrosis, only chronic exposure produced a distinct ""black liver"" phenotype marked by pigmentation, hepatic atrophy, and aging. The black liver discoloration was associated with hepatic congestion and the consequential blood stasis likely contributed to the darkened liver appearance. PFOS also disrupted bile canaliculi by downregulating ZO-1 and mislocalizing BSEP and MRP2, resulting in cholestasis mimicking the Dubin-Johnson Syndrome which displays black liver appearance. Most notably, PFOS activated aging hallmarks, including oxidative stress (superoxide, 4-HNE), genomic instability (γH2AX, 8-oxo-dG), cellular senescence (SA-β-Gal, p21",Stevenson Camille K; Wang Jiang; Du Chunying,Environment international,2026,10.1016/j.envint.2025.109999
36274037,Environmental toxicants and placental function.,"The placenta is a temporary endocrine organ that facilitates gas, nutrient, and waste exchange between maternal and fetal compartments, partially shielding the fetus from potentially hazardous environmental toxicants. However, rather than being ""opaque"", the placenta is translucent or even transparent to some potential fetal developmental hazards, including toxic trace elements (TEs), perfluoroalkyl and polyfluoroalkyl substances (PFAS), and environmental phenols (EPs) to which women with pregnancy are frequently exposed. These agents are both passively and actively transferred to the fetal compartment, where endocrine disruption, oxidative stress, and epigenetic changes may occur. These pathologies may directly impact the fetus or deposit and accumulate in the placenta to indirectly impact fetal development. Thus, it is critical for clinicians to understand the potential placental toxicity and transfer of widely distributed environmental agents ubiquitous during pregnancy. With such knowledge, targeted interventions and clinical recommendations can be developed to limit those risks.",Bloom Michael S; Varde Meghana; Newman Roger B,Best practice & research. Clinical obstetrics & gynaecology,2022,10.1016/j.bpobgyn.2022.09.003
41288385,Toxicokinetic Profiling and Developmental Toxicity of Long-Chain Per- and Polyfluoroalkyl Substances in Zebrafish.,"Perfluorooctanesulfonate (PFOS), perfluorodecanoic acid (PFDA), and perfluoroundecanoic acid (PFUnA) are three legacy long-chain per-/polyfluoroalkyl substances (PFAS). Although phased out of production, recent studies indicate substantial exposure can occur through consumption of contaminated freshwater fish, with minimal information known on the potential for developmental toxicity, especially for PFDA and PFUnA. In this study, zebrafish were used to characterize the toxicokinetics of these three PFAS as a model for developmental neurotoxicity, specifically behavior and dopamine (DA) dysregulation. Mass spectrometer quantification of water and tissue samples revealed that all three PFAS were rapidly absorbed during the early developmental window and bioconcentrated in tissue to a substantial degree. The visual motor response assay revealed altered behavioral patterns in the larvae, especially for PFDA and PFUnA. Enzyme-linked immunosorbent assay (ELISA) quantification of DA indicated these compounds induced elevations in total DA at nearly every exposure concentration for each compound down to the lowest test concentration used in this study at 0.004 ppb (ppb, μg/L) (equivalent to 4 ppb, US EPA drinking water regulation for PFOS). These findings confirm that PFOS, PFDA, and PFUnA exhibit a substantial capacity for bioaccumulation and demonstrate a need for further research into how developmental exposure impacts neurological health.",Kraus Paul G; Choi Youn-Jeong; Lee Linda S; Freeman Jennifer L,Environmental science & technology,2025,10.1021/acs.est.5c10194
38728818,"Do PFCAs drive the establishment of thyroid cancer microenvironment? Effects of C6O4, PFOA and PFHxA exposure in two models of human thyroid cells in primary culture.","Exposure to environmental pollutants is suspected to be one of the potential causes accounting for the increase in thyroid cancer (TC) incidence worldwide. Among the ubiquitous pollutants, per-polyfluoroalkyl substances (PFASs), were demonstrated to exert thyroid disrupting effects. Perfluoroalkyl carboxylates (PFCAs) represent a subgroup of PFAS and include perfluoro carboxylic acids (PFOA and PFHxA) and perfluoropolyether carboxylic acid (C6O4). The potential relationship between exposure to PFCAs and TC was not yet fully elucidated. This in vitro study investigated whether certain PFCAs (C6O4, PFOA, and PFHxA) can influence the composition of TC microenvironment. Two models of normal thyroid cells in primary cultures: Adherent (A-NHT) and Spheroids (S-NHT) were employed. A-NHT and S-NHT were exposed to C6O4, PFOA or PFHxA (0; 0.01; 0.1, 1; 10; 100; 1000 ng/mL) to assess viability (WST-1 and AV/PI assay), evaluate spherification index (SI) and volume specifically in S-NHT. CXCL8 and CCL2 (mRNA and protein), and EMT-related genes were assessed in both models after exposure to PFCAs. PFHxA reduced the viability of both A-NHT and S-NHT. None of the PFCAs interfered with the volume or spherification process in S-NHT. CXCL8 and CCL2 mRNA and protein levels were differently up-regulated by each PFCAs, being PFOA and PFHxA the stronger inducers. Moreover, among the tested PFCAs, PFHxA induced a more consistent increase in the mRNA levels of EMT-related genes. This is the first evaluation of the effects of exposure to PFCAs on factors potentially involved in establishing the TC microenvironment. PFHxA modulated the TC microenvironment at three levels: cell viability, pro-tumorigenic chemokines, and EMT-genes. The results provide further evidence of the pro-tumorigenic effect of PFOA. On the other hand, a marginal effect was observed for C6O4 on pro-tumorigenic chemokines.",Coperchini Francesca; Greco Alessia; Croce Laura; Teliti Marsida; Calì Benedetto,Environment international,2024,10.1016/j.envint.2024.108717
33918459,Prevalence and Predictors of Per- and Polyfluoroalkyl Substances (PFAS) Serum Levels among Members of a Suburban US Volunteer Fire Department.,"Per-and polyfluoroalkyl substances (PFAS), are ubiquitous pollutants associated with adverse health outcomes. High PFAS levels have been demonstrated among career firefighters; less is known about PFAS levels among volunteer firefighters who comprise two-thirds of US firefighters. Volunteer fire department members completed a survey and provided blood samples. We calculated geometric means and 95% CIs for PFAS reported by the National Health and Nutrition Examination Survey (NHANES). We compared PFAS distribution and levels among non-Hispanic white adult male study participants to those in the 2015-2016 and 2017-2018 NHANES cycles. We assessed associations between PFAS serum levels and years of firefighting controlling demographics and occupation using linear regression. Participant's average age was 46.6 years (sd. 17.1). Perfluorododecanoic acid (PFDoA) was detected in almost half study but <3% of NHANES participants; serum levels of PFDoA, perfluorononanoic acid (PFNA), and perfluorodecanoic acid (PFDA) were elevated among participants compared with NHANES. Serum levels of both PFDA and PFDoA were positively associated with years of firefighting. Volunteer firefighters may have a different serum profile and levels of PFAS than the general population. Future work in this area should include volunteer firefighters from other geographic locations and assess sources of PFAS exposure.",Graber Judith M; Black Taylor M; Shah Nimit N; Caban-Martinez Alberto J; Lu Shou-En,International journal of environmental research and public health,2021,10.3390/ijerph18073730
33395808,The overlooked short- and ultrashort-chain poly- and perfluorinated substances: A review.,"Poly- and perfluorinated substances (PFAS) comprise more than 3000 individual compounds; nevertheless, most studies to date have focused mainly on the fate, transport and remediation of long-chain PFAS (C > 7). The main objective of this article is to provide the first critical review of the peer-reviewed studies on the analytical methods, occurrence, mobility, and treatment for ultra-short-chain PFAS (C = 2-3) and short-chain PFAS (C = 4-7). Previous studies frequently detected ultra-short-chain and short-chain PFAS in various types of aqueous environments including seas, oceans, rivers, surface/urban runoffs, drinking waters, groundwaters, rain/snow, and deep polar seas. Besides, the recent regulations and restrictions on the use of long-chain PFAS has resulted in a significant shift in the industry towards short-chain alternatives. However, our understanding of the environmental fate and remediation of these ultra-short-chain and short-chain PFAS is still fragmentary. We have also covered the handful studies involving the removal of ultra-short and short-chain PFAS and identified the future research needs.",Ateia Mohamed; Maroli Amith; Tharayil Nishanth; Karanfil Tanju,Chemosphere,2019,10.1016/j.chemosphere.2018.12.186
38086098,Metabolic and Microbial Profiling of Soil Microbial Community under Per- and Polyfluoroalkyl Substance (PFAS) Stress.,"Per- and polyfluoroalkyl substances (PFAS) represent significant stress to organisms and are known to disrupt microbial community structure and function. Nevertheless, a detailed knowledge of the soil microbial community responding to PFAS stress at the metabolism level is required. Here we integrated UPLC-HRMS-based metabolomics data with 16S rRNA and ITS amplicon data across soil samples collected adjacent to a fluoropolymer production facility to directly identify the biochemical intermediates in microbial metabolic pathways and the interactions with microbial community structure under PFAS stress. A strong correlation between metabolite and microbial diversity was observed, which demonstrated significant variations in soil metabolite profiles and microbial community structures along with the sampling locations relative to the facility. Certain key metabolites were identified in the metabolite-PFAS co-occurrence network, functioning on microbial metabolisms including lipid metabolism, amino acid metabolism, and secondary metabolite biosynthesis. These results provide novel insights into the impacts of PFAS contamination on soil metabolomes and microbiomes. We suggest that soil metabolomics is an informative and useful tool that could be applied to reinforce the chemical evidence on the disruption of microbial ecological traits.",Wu Enhui; Wang Kun; Liu Zhengzheng; Wang Jing; Yan Huicong,Environmental science & technology,2023,10.1021/acs.est.3c07020
40795427,Serum perfluoroalkyl and polyfluoroalkyl substances and the risk of kidney function decline: Unraveling the mediating role of iron status.,"The effects of perfluoroalkyl and polyfluoroalkyl substances (PFAS) on kidney function across physiological conditions remain inconclusive, and previous research has not assessed the potential mediating effect of iron status. We aimed to examine the relationships between PFAS exposure and kidney function in various demographic groups, as well as to evaluate the potential mediating role of iron status. This study included 7369 Chinese adults aged 18 years or older from the China Health and Nutrition Survey (CHNS). Estimated glomerular filtration rate (eGFR) levels were used to reflect the efficiency of kidney function. Generalized linear models and weighted quantile sum regression models indicated negative associations between PFAS and eGFR levels, with PFNA and PFHxS emerging as the dominant contributors. Subgroup analysis revealed that the adverse effects of PFAS on eGFR levels were more pronounced in the males, young and middle age, non-hypertension, and non-diabetes subgroups. Further mediation analyses demonstrated that iron status (ferritin, transferrin, and hemoglobin) partially mediated these associations, with mediation proportions ranging from 8.89 % to 60.84 %. Our study established PFNA and PFHxS as critical nephrotoxic PFAS in China while pioneering the identification of iron status as a novel mechanistic mediator between PFAS exposure and kidney dysfunction, advancing mechanistic understanding of environmental nephrotoxicity.",Hu Yanzhen; Wu Zhenyu; Zhao Yongbin; Wang Huijun; Li Zongyao,Ecotoxicology and environmental safety,2025,10.1016/j.ecoenv.2025.118843
37820795,Risk assessment and partitioning behavior of PFASs in environmental matrices from an e-waste recycling area.,"Perfluoroalkyl and polyfluoroalkyl substance (PFAS) contamination and their human exposure risks are a major concern. However, knowledge of PFAS contamination in environments near e-waste recycling sites and their health risk assessment are scarce. We measured the concentrations of PFASs in soil (n = 12), water (n = 12) and atmospheric samples (n = 26) by LCP-MS/MS, analyzed the source apportionment of PFASs by PCA, and investigated the child health risk assessment from an e-waste recycling area (Guiyu) and a reference area (Haojiang). We found high concentrations of PFASs in the atmosphere and low concentrations of PFASs in soil. The average concentration of perfluoro-n-heptanoic acid (PFHpA) (9.43 ng/L) was highest among PFASs in water. The concentrations PFASs in the atmosphere and water were higher in the e-waste recycling area than in the reference area (p < 0.05). According to Multi-Linear regression model, we found that daily intake doses for PFASs in air of PFODA [β (95 % CI): -0.217 (-0.332, -0.048), p < 0.05] and PFBS [β (95 % CI): -0.064 (-0.106, -0.006), p < 0.05] were negatively associated with child BMI. PFBA [β (95 % CI: -1.039 (-2.454, -0.010), p < 0.05] was negatively correlated with child head circumference. The concentrations of PFASs in the water and atmosphere are higher in the e-waste recycling site than in the reference area. We found that their intake affected growth and development in children. We need to reduce pollution from PFASs in the e-waste recycling area while maintaining a focus on their impact on child health.",Hu Hongfei; Zeng Xiang; Zheng Keyang; Zeng Zhijun; Dai Chenxu,The Science of the total environment,2023,10.1016/j.scitotenv.2023.167707
39330606,Per- and Polyfluoroalkyl Substances (PFAS) Affect Female Reproductive Health: Epidemiological Evidence and Underlying Mechanisms.,"PFAS (per- and polyfluoroalkyl substances) have been extensively used across numerous industries and consumer goods. Due to their high persistence and mobility, they are ubiquitous in the environment. Exposure to PFAS occurs in people via multiple pathways such as dermal contact, water supply, air inhalation, and dietary intake. Even if some PFAS are being phased out because of their persistent presence in the environment and harmful impacts on human health, mixes of replacement and legacy PFAS will continue to pollute the ecosystem. Numerous toxicological investigations have revealed harmful effects of PFAS exposure on female reproductive health, e.g., polycystic ovaries syndrome, premature ovarian failure, endometriosis, reproductive system tumors, pregnancy complications, and adverse pregnancy outcomes. Despite extensive epidemiological studies on the reproductive toxicity of PFAS, research findings remain inconsistent, and the underlying mechanisms are not well understood. In this review, we give an in-depth description of the sources and pathways of PFAS, and then review the reproductive toxicity of PFAS and its possible mechanisms.",Qu Rui; Wang Jingxuan; Li Xiaojie; Zhang Yan; Yin Tailang,Toxics,2024,10.3390/toxics12090678
40609416,Assessing the effect of perfluoroalkyl and polyfluoroalkyl substances on cardiovascular-kidney-metabolic syndrome: Insights from an interpretable machine learning model.,"Cardiovascular-kidney-metabolic syndrome (CKM) and its association with exposure to emerging pollutants, particularly perfluoroalkyl and polyfluoroalkyl substances (PFAS), present significant challenges for environmental public health and risk prediction. This study utilized cross-sectional data from the National Health and Nutrition Examination Survey (NHANES), conducted from 2015 to 2020, involving a total of 1953 participants. The diagnosis and staging of CKM were performed according to the definitions established by the American Heart Association. PFAS concentrations were measured using online solid-phase extraction combined with high-performance liquid chromatography-isotope dilution-tandem mass spectrometry. Using multistage regression models, we identified a significant positive association between serum perfluorooctane sulfonic acid (PFOS) concentration and CKM (odds ratio [OR] = 1.10, 95 % confidence interval [CI]: 1.04-1.16). Restricted cubic spline models further supported this linear relationship. Additionally, we selected eight distinct machine learning algorithms based on factors such as problem type, data characteristics, and interpretability to construct a CKM risk prediction model associated with PFOS exposure. We evaluated the performance of the models using metrics including area under the curve (AUC), accuracy, sensitivity, specificity, positive predictive value, negative predictive value, and F1 score. The results indicated that the neural network model exhibited the best predictive performance, with an AUC of 0.90 (95 % CI: 0.88-0.92) and an accuracy of 0.83 (95 % CI: 0.80-0.85). Furthermore, sensitivity, specificity, positive predictive value, negative predictive value, and F1 score all exceeded 0.82. The SHAP model interpretation revealed that total PFOS concentration was the most significant influencing factor for the occurrence of CKM. These findings provide evidence that total PFOS exposure is an independent risk factor for CKM and offer an effective tool for predicting CKM associated with PFAS exposure, which has substantial clinical application value. Future research will utilize longitudinal cohort data to further validate these findings.",Zheng Zidan; Xu Yuyan; Kang Ning; Dong Yiwen; Wang Xin,The Science of the total environment,2025,10.1016/j.scitotenv.2025.180003
32549216,Per- and Polyfluoroalkyl Substances (PFAS) Neurotoxicity in Sentinel and Non-Traditional Laboratory Model Systems: Potential Utility in Predicting Adverse Outcomes in Human Health.,"Per- and polyfluoroalkyl substances (PFAS) are a class of chemicals that were widely used in manufacturing and are now present in the environment throughout the world. It is known that various PFAS are quantifiable in human in blood, but potential adverse health outcomes remain unclear. Sentinel and non-traditional model species are useful to study potential toxicity of PFAS in order to understand the relationship between environmental and human health. Here, we present a critical review of studies on the neurotoxicity of PFAS in sentinel and non-traditional laboratory model systems, including ",Foguth Rachel; Sepúlveda Maria S; Cannon Jason,Toxics,2020,10.3390/toxics8020042
40907682,Prenatal exposure to a mixture of per- and polyfluoroalkyl substances (PFAS) and lung function and immune-related outcomes among males in childhood and young adulthood.,"Prenatal exposure to per- and polyfluoroalkyl substances (PFAS) may influence lung and immune system development, but previous epidemiological studies are inconclusive and have not extended into young adulthood. To examine associations between prenatal exposure to a mixture of PFAS and respiratory and immune-related outcomes in a cohort of males. We studied 866 males with maternal pregnancy plasma measured for 15 PFAS, triclosan, and 10 phthalate metabolites used as a proxy for prenatal exposure. Spirometry was measured at approximately age 19 years. Asthma in young adulthood was reported in questionnaires at age 18 years. Asthma, hay fever, and eczema at 7 and 11 years of age were based on parental reports. We estimated the difference in spirometry measures and odds ratios (ORs) for questionnaire outcomes per one-interquartile range (IQR) increase in a mixture of seven well-detected PFAS using quantile g-computation models. Subsequently, we examined a mixture of seven PFAS, two phthalate metabolites and triclosan, and ran single-pollutant analyses. A one-IQR increase in the PFAS mixture was associated with lower forced expiratory volume in 1 second (FEV Prenatal PFAS exposure was associated with lower FEV",Hull Sidsel Dan; Ferguson Kelly K; London Stephanie J; Hougaard Karin Sørig; Lindh Christian,Environmental research,2025,10.1016/j.envres.2025.122746
40203642,PFAS regulations and economic impact: A review of U.S. pulp & paper and textiles industries.,"Public concern over per- and polyfluoroalkyl substances (PFAS) continues to grow as evidence highlights their persistence, bioaccumulation potential, and adverse health effects. Increasing detections in drinking water, consumer products, and industrial discharges have intensified regulatory scrutiny. This review examines the evolving PFAS regulatory landscape in the United States, focusing on the pulp, paper, and textiles industries, which contribute significantly to PFAS contamination through wastewater discharges, end-product disposal, and the absence of dedicated removal technologies. PFAS emissions from food packaging alone are estimated at 2,300 kg annually. Addressing contamination presents substantial economic challenges, with wastewater treatment costs projected to reach USD 3 billion annually and growing risks of legal liabilities exemplified by paper mill settlements reaching USD 11.9 million for historical pollution. Large-scale remediation of PFAS remains financially prohibitive, with estimates exceeding the global gross domestic product (GDP) of USD 106 trillion. Additionally, healthcare costs for PFAS-linked diseases exceed USD 62 billion and further emphasize the need for prevention. State-level restrictions on PFAS-containing consumer products are expanding, particularly in food packaging and textiles, which are now the most regulated across the United States. As PFAS-containing products face increasing market limitations and potential loss of sustainability certifications, which have already reduced sales growth by 70% in some cases, transitioning to non-fluorinated alternatives could significantly mitigate economic risks for paper and textiles companies. Within this context, this review highlights the urgency of integrating policy, technological innovation, and economic incentives to accelerate the transition away from PFAS and mitigate long-term environmental and financial liabilities.",Lendewig Mariana; Marquez Ronald; Franco Jorge; Vera Ramon E; Vivas Keren A,Chemosphere,2025,10.1016/j.chemosphere.2025.144301
37699564,Predicting PFAS and Hydrophilic Trace Organic Contaminant Transport in Black Carbon-Amended Engineered Media Filters for Improved Stormwater Runoff Treatment.,"Improved stormwater treatment is needed to prevent toxic and mobile contaminant transport into receiving waters and allow beneficial use of stormwater runoff. In particular, safe capture of stormwater runoff to augment drinking water supplies is contingent upon removing dissolved trace organic contaminants (TrOCs) not captured by conventional stormwater control measures. This study builds upon a prior laboratory-based column study investigating biochar and regenerated activated carbon (RAC) amendment for removing hydrophilic trace organic contaminants (HiTrOCs) and poly- and perfluoroalkyl substances (PFASs) from stormwater runoff. A robust contaminant transport model framework incorporating time-dependent flow and influent concentration is developed and validated to predict HiTrOC and PFAS transport in biochar- and RAC-amended stormwater filters. Specifically, parameters fit using a sorption-retarded intraparticle pore diffusion transport model were validated using data further along the depth of the column and compared to equilibrium batch isotherms. The transport model and fitted parameters were then used to estimate the lifetime of a hypothetical stormwater filter in Seal Beach, CA, to be 35 ± 6 years for biochar- and 51 ± 17 years for RAC-amended filters, under ideal conditions with no filter clogging. This work offers insights on the kinetics of HiTrOC and PFAS transport within biochar and RAC filters and on the impact of filter design on contaminant removal performance and longevity.",Pritchard James Conrad; Cho Yeo-Myoung; Hawkins Kathleen Mills; Spahr Stephanie; Higgins Christopher P,Environmental science & technology,2023,10.1021/acs.est.3c01260
37256622,Association of Early Pregnancy Perfluoroalkyl and Polyfluoroalkyl Substance Exposure With Birth Outcomes.,"Prenatal perfluoroalkyl and polyfluoroalkyl substances (PFAS) have been linked to adverse birth outcomes. Previous research showed that higher folate concentrations are associated with lower blood PFAS concentrations in adolescents and adults. Further studies are needed to explore whether prenatal folate status mitigates PFAS-related adverse birth outcomes. To examine whether prenatal folate status modifies the negative associations between pregnancy PFAS concentrations, birth weight, and gestational age previously observed in a US cohort. In a prospective design, a prebirth cohort of mothers or pregnant women was recruited between April 1999 and November 2002, in Project Viva, a study conducted in eastern Massachusetts. Statistical analyses were performed from May 24 and October 25, 2022. Plasma concentrations of 6 PFAS compounds were measured in early pregnancy (median gestational week, 9.6). Folate status was assessed through a food frequency questionnaire and measured in plasma samples collected in early pregnancy. Birth weight and gestational age, abstracted from delivery records; birth weight z score, standardized by gestational age and infant sex; low birth weight, defined as birth weight less than 2500 g; and preterm birth, defined as birth at less than 37 completed gestational weeks. The cohort included a total of 1400 mother-singleton pairs. The mean (SD) age of the mothers was 32.21 (4.89) years. Most of the mothers were White (73.2%) and had a college degree or higher (69.1%). Early pregnancy plasma perfluorooctanoic acid concentration was associated with lower birth weight and birth weight z score only among mothers whose dietary folate intake (birth weight: β, -89.13 g; 95% CI, -166.84 to -11.42 g; birth weight z score: -0.13; 95% CI, -0.26 to -0.003) or plasma folate concentration (birth weight: -87.03 g; 95% CI, -180.11 to 6.05 g; birth weight z score: -0.14; 95% CI, -0.30 to 0.02) were below the 25th percentile (dietary: 660 μg/d, plasma: 14 ng/mL). No associations were found among mothers in the higher folate level groups, although the tests for heterogeneity did not reject the null. Associations between plasma perfluorooctane sulfonic acid and perfluorononanoate (PFNA) concentrations and lower birth weight, and between PFNA and earlier gestational age were noted only among mothers whose prenatal dietary folate intake or plasma folate concentration was in the lowest quartile range. No associations were found among mothers in higher folate status quartile groups. In this large, US prebirth cohort, early pregnancy exposure to select PFAS compounds was associated with adverse birth outcomes only among mothers below the 25th percentile of prenatal dietary or plasma folate levels.",Zhang Yu; Mustieles Vicente; Sun Qi; Coull Brent; McElrath Thomas,JAMA network open,2023,10.1001/jamanetworkopen.2023.14934
40532604,Relationship between PFAS and attention-deficit/hyperactivity disorder or autism spectrum disorder: Epidemiological and experimental evidence.,"Per- and polyfluoroalkyl substances (PFAS) are widespread environmental contaminants found in various consumer products, such as drinking water, infant formula, and food, as well as in human biospecimens, including blood, urine, breastmilk, and cerebrospinal fluid. Previous evidence indicates that PFAS exposure poses significant neurotoxic risks, owing to their ability to penetrate the blood-brain barrier and bioaccumulate in neural tissue. The developing brains of fetuses and infants are particularly susceptible to the harmful effects of environmental pollutants because of their incomplete barrier and immune system development. This narrative review synthesizes current epidemiological and experimental evidence on the neurodevelopmental effects of PFAS exposure, with a primary focus on attention-deficit hyperactivity disorder (ADHD) and autism spectrum disorder (ASD). The available data, from both cross-sectional and prospective cohort surveys, indicate a potential link between PFAS exposure and the development of ADHD or ASD. Additionally, experimental studies demonstrate that PFAS exposure disrupts neurotransmitter regulation, induces oxidative stress and chronic neuroinflammation, and alters gut microbiota, all of which reflect key pathological features observed in both clinical and preclinical models of ADHD and ASD. The present narrative review also discusses current challenges and research directions aimed at elucidating the causal links between PFAS insults and the onset of ADHD or ASD. Notably, this review highlights the need for molecular epidemiological approaches and realistic exposure models in animal research to deepen our understanding of causal associations.",Wu Keyue; Tang Aoxue; Zhang Xing; Zhou Shun; Wu Nana,Ecotoxicology and environmental safety,2025,10.1016/j.ecoenv.2025.118519
39222733,Perfluoroalkyl substances exposure and the risk of breast cancer: A nested case-control study in Jinchang Cohort.,"As persistent organic pollutants (POPs), perfluoroalkyl substances (PFAS) may potentially impact human health. Our study aimed to investigate the prospective association between PFAS exposure and the incidence risk of breast cancer in females. By fully following the Jinchang Cohort after a decade, we conducted this nested case-control study with 135 incidence cases of breast cancer (BC) and 540 bias-paired controls. The PFAS levels were tested by baseline serum samples. Conditional logistic regression and a restricted cubic spline model were employed to investigate the BC incidence risks and the dose-response associated with single PFAS component exposure. Furthermore, the Quantile g-computation model (Qgc), random forest model (RFM), and bayesian kernel machine regression models (BKMR) were integrated to estimate the mixed effects of PFAS exposure on the incidence risk of BC. Exposures to specific PFAS components were positively associated with an increased incidence risk of breast cancer. By grouping the study population into different baseline menopausal statuses, PFHxS, PFNA, PFBA, PFUdA, PFOS, and PFDA demonstrated a similarly positive correlation with BC incidence risks. However, the increased incidence risks of BC associated with PFOA, PFOS, PFUdA, and 9CL-PF3ONS exposure were exclusively found in the premenopausal population. Both BKMR and Qgc revealed that exposure to mixed PFAS was associated with an increased risk of breast cancer, with Qgc specifically indicating an odds ratio (OR) of 2.21 (95% CI: 1.53, 3.19). Random forests showed that PFBA, PFOS, PFHxS, and PFDA emerged as predominant factors potentially influencing breast cancer incidence. Our findings suggest a strong association between PFAS exposure and the incidence of breast cancer. Premenopausal women should exercise more caution regarding PFAS exposure.",Dou Qian; Bai Yana; Li Yongjun; Zheng Shan; Wang Minzhen,Environmental research,2024,10.1016/j.envres.2024.119909
37898088,Efficient and fast remediation of soil contaminated by per- and polyfluoroalkyl substances (PFAS) by high-frequency heating.,"This study presents a novel thermal technology (high-frequency heating, HFH) for the decontamination of soil containing per- and polyfluoroalkyl substances (PFAS) and aqueous film-forming foams (AFFFs). Ultra-fast degradation of short-chain PFAS, long-chain homologs, precursors, legacy PFAS, emerging PFAS was achieved in a matter of minutes. The concentrations of PFAS and the soil type had a negligible impact on degradation efficiency, possibly due to the ultra-fast degradation rate overwhelming potential differences. Under the current HFH experiment setup, we achieved near-complete degradation (e.g., >99.9%) after 1 min for perfluoroalkyl carboxylic acids and perfluoroalkyl ether carboxylic acids and 2 min for perfluoroalkanesulfonic acids. Polyfluoroalkyl precursors in AFFFs were found to degrade completely within 1 min of HFH; no residual cationic, zwitterionic, anionic, or non-ionic intermediate products were detected following the treatment. The gaseous byproducts were considered. Most of gaseous organofluorine products of PFAS at low-and-moderate temperatures disappeared when temperatures reached 890 °C, which is in the temperature zone of HFH. For the first time, we demonstrated minimal loss of PFAS in water during the boiling process, indicating a low risk of PFAS entering the atmosphere with the water vapor. The findings highlight HFH its potential as a promising remediation tool for PFAS-contaminated soils.",Sun Runze; Babalol Samuel; Ni Ruichong; Dolatabad Alireza Arhami; Cao Jiefei,Journal of hazardous materials,2024,10.1016/j.jhazmat.2023.132660
40439591,Per- and Polyfluoroalkyl Substances Suppress Macrophage Alternative Activation to Disrupt Hepatic Lipid Metabolism.,"Per- and polyfluoroalkyl substances (PFAS) are pervasive environmental pollutants with diverse toxic effects (e.g., hepatotoxicity and metabolism disorder). Macrophages played a key role in metabolic response; however, the effect of macrophage on PFAS-induced toxicity and the underlying mechanisms remain poorly understood. In this study, we constructed a high-content cell model by utilizing the activation and differentiation of human THP-1 monocytes into alternative activation of macrophages, enabling rapid quantitative screening of numerous PFAS. We applied the cell model to screen 10 PFASs and identified that PFOA and PFUnDA significantly suppressed alternative activation of macrophages by disrupting the PPAR signaling pathway. Oral exposure to PFOA and PFUnDA in WT mice also significantly impaired alternative activation of macrophages in the liver and induced hepatocyte hypertrophy, liver dysfunction, and systemic lipid metabolism disorders. Moreover, macrophage-specific knockout of PPARγ exacerbated PFOA and PFUnDA-induced suppression of macrophage alternative activation and subsequent hepatotoxicity. Activation balance between PPARα and PPARγ may be a critical factor by PFOA and PFUnDA to affect the alternative activation of macrophage. These findings highlight the immunometabolism regulatory role of macrophage activation in PFAS-induced hepatotoxicity in humans.",You Lijuan; Wang Xiaohong; Zhi Yuan; Wang Huiling; Zhuang Zhisen,Chemical research in toxicology,2025,10.1021/acs.chemrestox.5c00066
40194260,Exposure to Long- and Short-Chain Per- and Polyfluoroalkyl Substances in Mice and Ovarian-Related Outcomes: An ,"The extensive use of per- and polyfluoroalkyl substances (PFAS) has led to environmental contamination and bioaccumulation of these substances. Previous research linked PFAS exposure to female reproductive disorders, but the mechanism remains elusive. Further, most studies focused on legacy long-chain PFOA and PFOS, yet the reproductive impacts of other long-chain PFAS and short-chain alternatives are rarely explored. We investigated the effects of long- and short-chain PFAS on the mouse ovary and further evaluated the toxic mechanisms of long-chain perfluorononanoic acid (PFNA). A 3D  Our study demonstrates that long-chain PFAS, particularly PFNA, act as a ",Pattarawat Pawat; Zhan Tingjie; Fan Yihan; Zhang Jiyang; Yang Hilly,Environmental health perspectives,2025,10.1289/EHP14876
39181731,Per- and polyfluoroalkyl substances as persistent pollutants with metabolic and endocrine-disrupting impacts.,"The widespread use of per- and polyfluoroalkyl substances (PFASs), and their resistance to degradation, renders human exposure to them inevitable. PFAS exposure disturbs endocrine function, potentially affecting cognitive development in newborns through thyroid dysfunction during pregnancy. Recent studies reveal varying male and female reproductive toxicity across PFAS classes, with alternative analogs affecting sperm parameters and legacy PFASs correlating with conditions like endometriosis. Metabolically, PFASs exposure is linked to metabolic disorders, including obesity, type 2 diabetes mellitus (T2DM), dyslipidemia, and liver toxicity, particularly in early childhood. This review focuses on the endocrine-disrupting impact of PFASs, particularly on fertility, thyroid, and metabolic functions. We highlight the complexity of the PFAS issue, given the large number of molecules and their extremely diverse mixed effects.",Gaillard Lucas; Barouki Robert; Blanc Etienne; Coumoul Xavier; Andréau Karine,Trends in endocrinology and metabolism: TEM,2025,10.1016/j.tem.2024.07.021
34712855,"Perfluoroalkyl substances exposure and immunity, allergic response, infection, and asthma in children: review of epidemiologic studies.","Increased exposure to perfluoroalkyl substances (PFAS) potentially affects infant and childhood health through immunosuppression. Given rapidly evolving research on PFAS, it is important to comprehensively examine the impact of PFAS exposure among the pediatric population as new research becomes available due to potential fragility of the developing immune system. This review assessed the effects of PFAS fetal, infant and childhood exposures upon the development of immune function during early life stages. Researchers completed a literature review, searching PubMed for human studies published since 2010 for PFAS and health outcomes among infants and children. Included articles incorporated key search terms in the title or abstract; non-research reports and non-English papers were excluded. The search identified 518 studies for possible inclusion. Following hands-on review, 34 were determined relevant. Subsequent analyses found 8 additional relevant articles, totaling 42 studies. Major immune-related sequelae from PFAS exposures on infant and child health outcomes documented in recent literature include:• Strong indication of immunosuppression, with diminished childhood antibody response to vaccination, particularly with PFOA, PFOS and PFHxS exposures.• Some indication of increased risks of childhood infectious diseases/infections, particularly from PFOS exposures.• Limited indication of an effect of PFAS exposure on allergic reactions/allergen specific IgE antibodies.• Limited indication of an effect of PFAS exposure on atopic dermatitis (AD).• Limited indication of an effect of PFAS exposure on asthma and lung function. This review summarizes recent findings of PFAS effects on infant and childhood immune health. Evidence of immunosuppression, diminished vaccine efficacy, and increased risk of infections, allergies, asthma and AD were described following ",von Holst Haley; Nayak Pratibha; Dembek Zygmunt; Buehler Stephanie; Echeverria Diana,Heliyon,2021,10.1016/j.heliyon.2021.e08160
40503787,Mechanistic insights into PFOS-induced inflammatory bowel disease: a network toxicology and molecular docking study.,"Perfluorooctanesulfonic acid (PFOS), a persistent environmental pollutant, is implicated in immune dysregulation. Rising inflammatory bowel disease (IBD) incidence parallels environmental contamination, yet PFOS's role in gut inflammation remains unclear. Its immunotoxicity may disrupt intestinal homeostasis via barrier dysfunction or cytokine imbalance, but molecular targets and pathways linking PFOS to IBD pathogenesis require elucidation to inform risk mitigation strategies. This study aims to elucidate the mechanism of action of PFOS in the development and progression of IBD. Additionally, relevant PFOS targets and IBD-associated genes were screened using databases such as results indicate that PFOS is significantly associated with key pathways involved in IBD, and it can specifically bind to crucial IBD proteins like albumin, epidermal growth factor, fos proto-oncogene, and interleukin-10. The study suggests that PFOS may contribute to the pathogenesis of IBD by interfering with key proteins and signaling pathways, highlighting its potential health risks, and providing a theoretical basis for subsequent clinical research and prevention strategies. In conclusion, this study has untangled the potential mechanistic link between PFOS exposure and inflammatory bowel disease, offering a novel perspective for environmental health science and public health policies and profound implications.",Wang Fan; Cheng Baolong; Wu Wei; Chen Yu; Dai Jiaxin,"International journal of surgery (London, England)",2025,10.1097/JS9.0000000000002638
39304148,Cross-cutting studies of per- and polyfluorinated alkyl substances (PFAS) in Arctic wildlife and humans.,"This cross-cutting review focuses on the presence and impacts of per- and polyfluoroalkyl substances (PFAS) in the Arctic. Several PFAS undergo long-range transport via atmospheric (volatile polyfluorinated compounds) and oceanic pathways (perfluorinated alkyl acids, PFAAs), causing widespread contamination of the Arctic. Beyond targeting a few well-known PFAS, applying sum parameters, suspect and non-targeted screening are promising approaches to elucidate predominant sources, transport, and pathways of PFAS in the Arctic environment, wildlife, and humans, and establish their time-trends. Across wildlife species, concentrations were dominated by perfluorooctane sulfonic acid (PFOS), followed by perfluorononanoic acid (PFNA); highest concentrations were present in mammalian livers and bird eggs. Time trends were similar for East Greenland ringed seals (Pusa hispida) and polar bears (Ursus maritimus). In polar bears, PFOS concentrations increased from the 1980s to 2006, with a secondary peak in 2014-2021, while PFNA increased regularly in the Canadian and Greenlandic ringed seals and polar bear livers. Human time trends vary regionally (though lacking for the Russian Arctic), and to the extent local Arctic human populations rely on traditional wildlife diets, such as marine mammals. Arctic human cohort studies implied that several PFAAs are immunotoxic, carcinogenic or contribute to carcinogenicity, and affect the reproductive, endocrine and cardiometabolic systems. Physiological, endocrine, and reproductive effects linked to PFAS exposure were largely similar among humans, polar bears, and Arctic seabirds. For most polar bear subpopulations across the Arctic, modeled serum concentrations exceeded PFOS levels in human populations, several of which already exceeded the established immunotoxic thresholds for the most severe risk category. Data is typically limited to the western Arctic region and populations. Monitoring of legacy and novel PFAS across the entire Arctic region, combined with proactive community engagement and international restrictions on PFAS production remain critical to mitigate PFAS exposure and its health impacts in the Arctic.",Lohmann Rainer; Abass Khaled; Bonefeld-Jørgensen Eva Cecilie; Bossi Rossana; Dietz Rune,The Science of the total environment,2024,10.1016/j.scitotenv.2024.176274
40784096,PFOA exposure promotes prostate cancer progression by enhancing autophagy through m,"Perfluorooctanoic acid (PFOA) is a globally pervasive environmental contaminant characterized by chemical stability and bioaccumulation through the food chain, posing serious health risks to both humans and animals. Accumulating evidence has linked PFOA exposure to the development of various cancers, including prostate cancer (PCa), renal cancer, breast cancer, and ovarian cancer. However, the molecular mechanisms by which PFOA promotes PCa progression remain unclear. In this study, we demonstrate that low-dose PFOA exposure enhances the expression of mitogen-activated protein kinase 15 (MAPK15), thereby promoting autophagy and facilitating tumor cell proliferation. Mechanistically, PFOA binds to the N6-methyladenosine (m",Qian Yongjing; Liu Zixuan; Lv Xinyi; Cai Xiaojing; Wei Jianfeng,Ecotoxicology and environmental safety,2025,10.1016/j.ecoenv.2025.118839
35702500,Per- and polyfluoroalkyl substances in drinking water and hypertensive disorders of pregnancy in the United States during 2013-2015.,"Per- and polyfluoroalkyl substances (PFAS) widely exist in the environment and human bodies. Contaminated drinking water is one of the major exposure pathways for humans. Previous studies found weak or moderate associations between PFAS and hypertensive disorders of pregnancy (HDP). We obtained the number of births and counts of HDP cases for singleton births multiply stratified by county, maternal age, race, education, smoking status, and parity from CDC WONDER, and PFAS water concentrations from EPA UCMR3 data in the United States during 2013-2015. We used binomial regression on the multiply stratified HDP data to produce equal effect estimates and standard errors to those that would be derived from using individual-level data on binary HDP status and demographic covariates in logistic regression. After adjusting for demographic covariates, we found small but statistically significant positive associations between HDP and population-weighted average water concentrations (ng/L) of all four PFAS: Odds ratio (OR) = 1.009, 95% CI = (1.001, 1.016) per IQR increase in perfluorooctanoic acid (PFOA); 1.030, 95% CI = (1.021, 1.040) per IQR increase in perfluorooctane sulfonate (PFOS); 1.008, 95% CI = (1.005, 1.011) per IQR increase in perfluoroheptanoic acid (PFHpA); 1.007, 95% CI = (1.004, 1.010) per IQR increase in perfluorohexane sulfonic acid (PFHxS), and 1.032, 95% CI = (1.022, 1.042) per IQR increase in the sum of four PFAS. Further adjustment for coexposures reversed the effect of PFOA from positive to inverse, and attenuated the effects of PFOS and PFHxS toward the null. After drinking water to serum concentration conversions, our effect estimates for PFOA, PFOS, and PFHxS are similar to previous studies. We found a weak positive association between the PFAS mixture and HDP, although the generalizability is subject to inherent limitations of the public-available datasets.",Zhu Yachen; Bartell Scott M,"Environmental epidemiology (Philadelphia, Pa.)",2022,10.1097/EE9.0000000000000209
34769660,Per- and Polyfluoroalkyl Substances (PFAS): Significance and Considerations within the Regulatory Framework of the USA.,Per- and polyfluoroalkyl substances (PFAS) are an emerging environmental crisis. Deemed ,Langenbach Blake; Wilson Mark,International journal of environmental research and public health,2021,10.3390/ijerph182111142
39542374,"Clinical, histological, molecular, and toxicokinetic renal outcomes of per-/polyfluoroalkyl substances (PFAS) exposure: Systematic review and meta-analysis.","Per- and polyfluoroalkyl substances (PFAS) are synthetic chemicals present in the environment that can negatively affect health. Kidney is the major target organ of PFAS exposure, yet the renal impact of PFAS is not completely understood. Here we review the effects of PFAS exposure on kidney health to identify gaps in our understanding and mark potential avenues for future research. PubMed and SCOPUS databases were searched for studies that examined the association between PFAS exposure and kidney-related outcomes. We included all epidemiological, animal, and cell studies and categorized outcomes into four categories: clinical, histological, molecular and toxicokinetic. We identified 169 studies, including 51 on clinical outcomes, 28 on histological changes, 42 on molecular mechanisms, and 68 on toxicokinetics. Perfluorooctanoic acid (PFOA) and perfluorooctane sulfonic acid (PFOS) exposure were associated with kidney dysfunction, chronic kidney diseases, and increased risk of kidney cancer. Various histological changes were reported, especially in tubular epithelial cells, and the etiology of PFAS-induced kidney injury included various molecular mechanisms. Although PFOA and PFOS are not considered genotoxic, they exhibit several characteristics of carcinogens. Toxicokinetics of PFOA and PFOS differed significantly between species, with renal elimination influenced by various factors such as sex, age, and structure of the compound. Evidence suggests that PFAS, especially PFOA and PFOS, negatively affects kidney health, though gaps in our understanding of such effects call for further research.",Hanvoravongchai Jidapa; Laochindawat Methasit; Kimura Yusuke; Mise Nathan; Ichihara Sahoko,Chemosphere,2024,10.1016/j.chemosphere.2024.143745
35985433,Bioaccumulation and trophic transfer of perfluorinated alkyl substances (PFAS) in marine biota from the Belgian North Sea: Distribution and human health risk implications.,"Per- and polyfluorinated alkyl substances (PFAS) are highly persistent chemicals, which pose a potential risk for aquatic wildlife due to their bioaccumulative behaviour and toxicological effects. Although the distribution of PFAS in marine environments has been studied worldwide, little is known on the contamination of PFAS in the southern North Sea. In the present study, the bioaccumulation and trophic transfer of Perfluoroalkyl acids (PFAAs) was studied in liver and muscle tissue of seven fish species and in whole-body tissue of two crustacean species, collected at 10 sites in the Belgian North Sea. Furthermore, the human and ecological health risks were examined. Overall, perfluorooctane sulfonate (PFOS) was predominant in all matrices and other long-chain PFAS were frequently detected. Mean PFOS concentrations ranged from <LOQ to 107 ng/g (ww) in fish liver, from <LOQ to 24 ng/g ww in fish muscle and from 0.29 to 5.6 ng/g ww in crustaceans. Elevated perfluorotridecanoic acid (PFTrDA) concentrations were detected in fish liver from the estuarine and coastal region (<LOQ-116 ng/g ww), indicating a specific point source of this compound. Based on stable isotope analysis, no distinctive trophic transfer patterns of PFAS could be identified which implies that the bioconcentration of PFAS from the surrounding abiotic environment is most likely dominating over the biomagnification in the studied biota. The consumption of commercially important species such as the brown shrimp (Crangon crangon), plaice (Pleuronecta platessa), sole (Solea solea) and whiting (Merlangus merlangus) might pose potential health risks if it exceeds 17 g/day, 18 g/day, 26 g/day and 43 g/day respectively. Most PFOS measurements did not exceed the QS",Cara Byns; Lies Teunen; Thimo Groffen; Robin Lasters; Lieven Bervoets,"Environmental pollution (Barking, Essex : 1987)",2022,10.1016/j.envpol.2022.119907
35763709,Properties and Mechanisms for PFAS Adsorption to Aqueous Clay and Humic Soil Components.,"The proliferation of poly- and perfluorinated alkyl substances (PFASs) has resulted in global concerns over contamination and bioaccumulation. PFAS compounds tend to remain in the environment indefinitely, and research is needed to elucidate the ultimate fate of these molecules. We have investigated the model humic substance and model clay surfaces as a potential environmental sink for the adsorption and retention of three representative PFAS molecules with varying chain length and head groups. Utilizing molecular dynamics simulation, we quantify the ability of pyrophyllite and the humic substance to favorably adsorb these PFAS molecules from aqueous solution. We have observed that the hydrophobic nature of the pyrophyllite surface makes the material well suited for the sorption of medium- and long-tail PFAS moieties. Similarly, we find a preference for the formation of a monolayer on the surface for long-chain PFAS molecules at high concentration. Furthermore, we discussed trends in the adsorption mechanisms for the fate and transport of these compounds, as well as potential approaches for their environmental remediation.",Luft Charles M; Schutt Timothy C; Shukla Manoj K,Environmental science & technology,2022,10.1021/acs.est.2c00499
39281067,"Emergency of per- and polyfluoroalkyl substances in drinking water: Status, regulation, and mitigation strategies in developing countries.","The detection of per- and polyfluoroalkyl substances (PFAS) in water presents a significant challenge for developing countries, requiring urgent attention. This review focuses on understanding the emergence of PFAS in drinking water, health concerns, and removal strategies for PFAS in water systems in developing countries. This review indicates the need for more studies to be conducted in many developing nations due to limited information on the environmental status and fate of PFAS. The health consequences of PFAS in water are enormous and cannot be overemphasized. Efforts are ongoing to legislate a national standard for PFAS in drinking water. Currently, there are few known mitigation efforts from African countries, in contrast to several developing nations in Asia. Therefore, there is an urgent need to develop economically viable techniques that could be integrated into large-scale operations to remove PFAS from water systems in the region. However, despite the success achieved with removing long-chain PFAS from water, more studies are required on strategies for eliminating short-chain moieties in water.",Adewuyi Adewale; Li Qilin,Eco-Environment & Health,2024,10.1016/j.eehl.2024.05.008
38345456,Mortality and cancer incidence in perfluorooctanesulfonyl fluoride production workers.,"Exposure to per- and polyfluoroalkyl substances (PFAS) has been associated with several health outcomes, though few occupationally-exposed populations have been studied. We evaluated mortality and cancer incidence in a cohort of perfluorooctanesulfonyl fluoride-based specialty chemical manufacturing workers. The cohort included any employee who ever worked at the facility from 1961 to 2010 (N = 4045), with a primary interest in those who had 365 cumulative days of employment (N = 2659). Vital status and mortality records were obtained through 2014 and the cohort was linked to state cancer registries to obtain incident cancer cases from 1995 to 2014. Cumulative exposure was derived from a comprehensive exposure reconstruction that estimated job-specific perfluorooctanesulfonate (PFOS)-equivalents (mg/m Death rates were lower than expected except for cerebrovascular disease (SMR = 2.42, 95% CI = 1.25-4.22) and bladder cancer (SMR = 3.91, 95% CI = 1.07-10.02) in the highest exposure quartile. Within the cohort, the incidence of bladder, colorectal, and pancreatic cancer were positively associated with exposure, however except for lung cancer (HR = 1.05, 95% CI = 1.00-1.11) the CIs did not exclude an HR of 1. This study provides some evidence that occupational exposure to PFOS is associated with bladder and lung cancers and with cerebrovascular disease.",Alexander Bruce H; Ryan Andrew; Church Timothy R; Kim Hyun; Olsen Geary W,American journal of industrial medicine,2024,10.1002/ajim.23568
40945080,Human health risk assessment of Per- and polyfluoroalkyl substances (PFAS).,"Per- and polyfluoroalkyl substances (PFAS) are persistent environmental pollutants which can bioaccumulate in aquatic species, raising concerns about human exposure to PFAS through fish consumption. Given the global reliance on fish as a protein source, this study aimed to conduct a traditional literature review to assess PFAS bioaccumulation potential in fish and associated health risks. The reported PFAS levels follow the order (from high to low): dust in firefighting buildings > leachate > wastewater > groundwater > surface water > sediment > soil > other sources > fish > drinking water. A kinetic bioconcentration/bioaccumulation model incorporating uptake, elimination, growth, and metabolism rates can effectively predict PFAS levels in fish. At the same time, Monte Carlo simulations are able to refine exposure risk assessments further. From the hazard characterisation point of view, the No Observed Adverse Effect Level (NOAEL) for developmental toxicity, governing endpoint having the lowest observed dose, was found to be as low as 1.1 × 10",Polychronidou Vasiliki; Nag Rajat,The Science of the total environment,2025,10.1016/j.scitotenv.2025.180428
35263707,Systematic developmental toxicity assessment of a structurally diverse library of PFAS in zebrafish.,"Per- and polyfluoroalkyl substances (PFAS) are a class of widely used chemicals with limited human health effects data relative to the diversity of structures manufactured. To help fill this data gap, an extensive in vivo developmental toxicity screen was performed on 139 PFAS provided by the US EPA. Dechorionated embryonic zebrafish were exposed to 10 nominal water concentrations of PFAS (0.015-100 µM) from 6 to 120 h post-fertilization (hpf). The embryos were assayed for embryonic photomotor response (EPR), larval photomotor response (LPR), and 13 morphological endpoints. A total of 49 PFAS (35%) were bioactive in one or more assays (11 altered EPR, 25 altered LPR, and 31 altered morphology). Perfluorooctanesulfonamide (FOSA) was the only structure that was bioactive in all 3 assays, while Perfluorodecanoic acid (PFDA) was the most potent teratogen. Low PFAS volatility was associated with developmental toxicity (p < 0.01), but no association was detected between bioactivity and five other physicochemical parameters. The bioactive PFAS were enriched for 6 supergroup chemotypes. The results illustrate the power of a multi-dimensional in vivo platform to assess the developmental (neuro)toxicity of diverse PFAS and in the acceleration of PFAS safety research.",Truong Lisa; Rericha Yvonne; Thunga Preethi; Marvel Skylar; Wallis Dylan,Journal of hazardous materials,2022,10.1016/j.jhazmat.2022.128615
