pmid,title,abstract,authors,journal,journal_abbr,year,doi,keywords,mesh_terms
40317014,Decoding per- and polyfluoroalkyl substances (PFAS) in hepatocellular carcinoma: a multi-omics and computational toxicology approach.,"Per- and polyfluoroalkyl substances (PFAS), particularly perfluorooctanoic acid (PFOA) and perfluorooctane sulfonate (PFOS), are synthetic chemicals known for their widespread use and environmental persistence. These compounds have been increasingly linked to hepatotoxicity and the development of hepatocellular carcinoma (HCC). However, the molecular mechanisms by which PFAS contribute to HCC remain underexplored. This study employs a multi-omics approach that combines network toxicology, integrated machine learning, single-cell RNA sequencing, spatial transcriptomics, experimental validation, and molecular docking simulations to uncover the mechanisms through which PFAS exposure drives HCC. We analyzed publicly available transcriptomic data from several HCC cohorts and used differential gene expression analysis to identify targets associated with both PFAS exposure and HCC. We constructed a protein-protein interaction (PPI) network and a survival risk model, the PFAS-related HCC signature (PFASRHSig), based on integrated machine learning to identify prognostic biomarkers, with the goal of identifying core targets of PFAS in HCC progression and prognosis. RT-qPCR and immunohistochemical (IHC) staining were used to validate the expression levels of the targets in both tumor and normal tissues. Molecular docking simulations were conducted to assess the binding affinities between PFAS compounds and selected target proteins. Functional enrichment studies revealed that PFAS targets were associated with metabolic signaling pathways, which are actively involved in lipid, glucose, drug metabolism, etc. Through integrated machine learning and PPI network analysis, we identified six genes, APOA1, ESR1, IGF1, PPARGC1A, SERPINE1, and PON1, that serve as core targets of PFAS in both HCC progression and prognosis. These targets were further validated via bulk RNA-seq, single-cell RNA-seq, and spatial transcriptomics, which revealed differential expression patterns across various cell types in the HCC tumor microenvironment. The results of RT-qPCR and IHC staining were consistent with the in silico findings. Molecular docking simulations revealed strong binding affinities between PFAS compounds and these core targets, supporting their potential roles in PFAS-induced hepatocarcinogenesis. Our study highlights key molecular targets and pathways involved in PFAS-induced liver carcinogenesis and proposes a robust survival risk model (PFASRHSig) for HCC. These findings provide new insights into PFAS toxicity mechanisms and offer potential therapeutic targets for mitigating the health risks associated with PFAS exposure. Collectively, our findings help in advancing clinical applications by providing insights into disease mechanisms and potential therapeutic interventions.",Hong Yanggang; Wang Deqi; Liu Zeyu; Chen Yuxin; Wang Yi,Journal of translational medicine,J Transl Med,2025,10.1186/s12967-025-06517-z,Hepatocellular carcinoma; Machine learning; Molecular docking; Network toxicology; PFAS; Single-cell sequencing,"Carcinoma, Hepatocellular; Humans; Fluorocarbons; Liver Neoplasms; Molecular Docking Simulation; Computational Biology; Protein Interaction Maps; Gene Expression Regulation, Neoplastic; Transcriptome; Gene Expression Profiling; Machine Learning; Reproducibility of Results; Multiomics; Caprylates; Alkanesulfonic Acids"
40359556,Unraveling the molecular mechanisms of PFOA in clear cell renal cell carcinoma through network toxicology and molecular docking strategies.,"As Perfluorooctanoic Acid (PFOA) has been extensively utilized as a processing aid in the manufacture of non-stick coatings, waterproof materials, and other products, concerns regarding its adverse health effects have emerged. Epidemiological data revealed a strong correlation between renal cell carcinoma (RCC) and PFOA concentration, while animal experimental results also demonstrate the association between PFOA and RCC. However, the key targets and mechanisms underlying PFOA-induced RCC remain elusive. This study utilized network toxicology to elucidate the critical target genes and mechanisms of PFOA-induced clear cell RCC (ccRCC), the most prevalent RCC subtype. We retrieved potential PFOA targets from the Swiss Target Prediction database, ChEMBL, and STITCH, and identified RCC-related targets from GeneCards and OMIM. Transcriptomic data for ccRCC patients were obtained from The Cancer Genome Atlas Program (TCGA) to identify differentially expressed genes. We intersected genes from these datasets for constructing a protein-protein interaction (PPI) network. Hub genes were identified from the network using MCODE and cytoHubba plugins in Cytoscape. A risk score based on these hub genes was developed for prognostic analysis, and molecular docking was applied to validate the interactions between PFOA and hub targets. Intersection genes from these datasets, yielding 70 potential PFOA-induced ccRCC targets. Network analysis identified 7 hub genes- CYP2C9, CYP3A4, CYP1A1, CYP1A2, CYP2B6, CYP2C8 , and ABCB1 , and molecular docking confirmed PFOA's binding affinity to their corresponding proteins. Enrichment analysis using Gene Ontology (GO), Kyoto Encyclopedia of Genes and Genomes (KEGG), and Reactome databases on the 70 potential targets and 7 hub genes revealed four potential mechanisms of PFOA-induced ccRCC: abnormal xenobiotic metabolism and accumulation of toxic intermediates, disrupted lipid homeostasis, oxidative stress and reactive oxygen species (ROS) generation, and disrupted steroid hormone signaling. Our findings provide novel insights into PFOA-induced ccRCC mechanisms, with implications for risk assessment and environmental health.",Wang Lei; Zong Linhao; Cao Dake; Guan Miao,"International journal of surgery (London, England)",Int J Surg,2025,10.1097/JS9.0000000000002461,clear cell renal cell carcinoma; cytochrome P450; molecular docking; network toxicology; perfluorooctanoic acid,"Carcinoma, Renal Cell; Humans; Kidney Neoplasms; Caprylates; Fluorocarbons; Molecular Docking Simulation; Protein Interaction Maps"
40367801,Integrative network and computational toxicology reveal the molecular mechanisms in PFOA-induced spermatogenic disorder.,"Perfluorooctanoic acid (PFOA), a widely used industrial chemical, poses significant environmental and biological toxicity, particularly affecting reproductive health. This study aimed to integrate network toxicology, machine learning, and molecular dynamics simulations (MDS) to uncover the molecular mechanisms of PFOA-induced spermatogenic toxicity. Toxicity profiling using admetSAR revealed that PFOA exhibited pronounced reproductive toxicity and a strong binding affinity to nuclear receptors, including estrogen, androgen, and PPAR gamma. By integrating PFOA targets derived from toxicology databases with differentially expressed genes associated with non-obstructive azoospermia, we pinpointed 256 differentially expressed spermatogenic toxicity targets from an initial pool of 4311 potential PFOA targets. Gene ontology (GO) and KEGG pathway enrichment analyses highlighted biological processes, such as spermatogenesis and cell cycle regulation, along with pathways related to cell division and intercellular communication. Protein-protein interaction networks and machine learning algorithms (LASSO, SVM-RFE, RF) pinpointed five core genes-RAD51, KIF15, PTTG1, BIRC5, and CDC25C-that serve as potential diagnostic biomarkers. Molecular docking revealed strong binding affinities between PFOA and these proteins, with RAD51 showing the highest binding stability (-8.467 kcal/mol). Furthermore, MDS confirmed stable interactions, with low RMSD, RMSF, and Rg values, indicating structural stability. In vivo studies showed that PFOA exposure (1 and 5 mg/kg) caused testicular damage in mice in a dose-dependent manner, with significant downregulation of core target proteins; in vitro experiments demonstrated a concentration-dependent reduction in GC1 cell viability and substantial alterations in its gene expression. This study highlights the critical roles of these mechanisms through which PFOA disrupts spermatogenesis, emphasizing core biomarkers that may serve as therapeutic targets. Our findings contribute insights into the reproductive toxicity of PFOA and similar environmental pollutants, offering a basis for developing strategies to protect male fertility.",Luo Yujia; Xue Erfei; Zhao Yixiang; Lu Huimin; Xiang Di,Journal of environmental management,J Environ Manage,2025,10.1016/j.jenvman.2025.125754,Machine learning; Molecular docking; Molecular dynamics simulation; Network toxicology; PFOA; Reproductive toxicity; Spermatogenesis,Caprylates; Male; Fluorocarbons; Spermatogenesis; Animals; Molecular Docking Simulation; Mice; Machine Learning
33751946,Epigenetic changes by per- and polyfluoroalkyl substances (PFAS).,"Increasing studies are examining per- and polyfluoroalkyl substances (PFAS) induced toxicity and resulting health outcomes, including epigenetic modifications (e.g., DNA methylation, histone modification, microRNA expression). We critically reviewed current evidence from human epidemiological, in vitro, and animal studies, including mammalian and aquatic model organisms. Epidemiological studies identified the associations between perfluorooctane sulfonate (PFOS) or perfluorooctanoic acid (PFOA) exposure and epigenetic changes in both adult populations and birth cohorts. For in vitro studies, various cell types including neuroblasts, preadipocytes, and hepatocytes have been employed to understand epigenetic effects of PFAS. In studies with animal models, effects of early life exposure to PFAS have been examined using rodent models, and aquatic models (e.g., zebrafish) have been more frequently used in recent years. Several studies highlighted oxidative stress as a key mediator between epigenetic modification and health effects. Collectively, previous research clearly suggest involvement of epigenetic mechanisms in PFAS induced toxicity, though these efforts have primarily focused on specific PFASs (i.e. mainly PFOS and PFOA) or endpoints (i.e. cancer). Additional studies are necessary to define specific linkages among epigenetic mechanisms and related biomarkers or phenotypical changes. In addition, future research is also needed for understudied PFAS and complex mixtures. Studies of epigenetic effects elicited by individual PFAS and mixtures are needed within an adverse outcome pathways framework, which will advance an understanding of PFAS risks to public health and the environment, and support efforts to design less hazardous chemicals.",Kim Sujin; Thapar Isha; Brooks Bryan W,"Environmental pollution (Barking, Essex : 1987)",Environ Pollut,2021,10.1016/j.envpol.2021.116929,Endocrine disrupting chemicals (EDCs); Environmental epigenetics; Mechanistic toxicology; Molecular mechanisms; Perfluorooctane sulfonate (PFOS); Perfluorooctanoic acid (PFOA); Persistent organic pollutants (POPs); Three to ten pertinent; per-and polyfluoroalkyl substance (PFAS),"Alkanesulfonic Acids; Animals; Biomarkers; Environmental Pollutants; Epigenesis, Genetic; Fluorocarbons; Oxidative Stress; Zebrafish"
40465018,"Analyzing the potential targets and mechanism of per- and polyfluoroalkyl substances (PFAS) on breast cancer by integrating network toxicology, single-cell sequencing, spatial transcriptomics, and molecular simulation.","Per- and polyfluoroalkyl substances (PFAS), particularly perfluorooctanoic acid (PFOA) and perfluorooctane sulfonate (PFOS), are persistent environmental contaminants linked to adverse health effects, including an increased risk of breast cancer. However, the molecular mechanisms through which PFAS contribute to breast cancer development remain poorly understood. In this study, we employed an integrated approach combining network toxicology, single-cell sequencing, spatial transcriptomics, and molecular simulation to investigate the effects of PFAS on breast cancer. By constructing a protein-protein interaction (PPI) network, we identified six core genes (PPARG, CD36, FABP4, PPARGC1A, LPL, and PCK1) that play a significant role in the development of breast cancer. These genes are involved in key cellular processes such as lipid metabolism, oxidative phosphorylation, and immune regulation, all of which are disrupted by PFAS exposure. Single-cell and spatial transcriptomic analyses revealed that these genes are predominantly expressed in endothelial, myeloid, and cancer-associated fibroblasts within the tumor microenvironment. Molecular simulation further confirmed strong binding energies between PFAS and these target proteins, suggesting direct interactions. Our findings provide novel insights into how PFAS may promote breast cancer progression at the molecular level and highlight the need for further research on environmental pollutants in cancer risk assessment and public health initiatives.",Li Jiajun; Wang Deqi; Song Sihan; Wang Yi; Wu Xinlei,Functional & integrative genomics,Funct Integr Genomics,2025,10.1007/s10142-025-01616-y,,Humans; Fluorocarbons; Breast Neoplasms; Female; Transcriptome; Alkanesulfonic Acids; Protein Interaction Maps; Caprylates; Single-Cell Analysis; Gene Regulatory Networks; Environmental Pollutants; Tumor Microenvironment
39286118,Exploring the environmental contamination toxicity and potential carcinogenic pathways of perfluorinated and polyfluoroalkyl substances (PFAS): An integrated network toxicology and molecular docking strategy.,"The objective of this study was to investigate the potential carcinogenic toxicity and mechanisms of PFAS in thyroid, renal, and testicular cancers base on network toxicology and molecular docking techniques. Structural modeling was performed to predict relevant toxicity information, and compounds and cancer-related targets were screened in multiple databases. The interaction of PFAS with three cancers and their key protein targets were explored by combining protein network analysis, enrichment analysis and molecular docking techniques. PFOA, PFOS, and PFHXS exhibited significant carcinogenic and cytotoxic effects. These compounds may induce cancer by mediating active oxygen metabolism and the transduction of phosphatidylinositol 3-kinase/protein kinase B signaling pathway through genes such as ALB, mTOR, MDM2, and ERBB2. Furthermore, the underlying toxic mechanisms may be linked to the pathways in cancer, chemical carcinogenesis through reactive oxygen species/receptor activation, and the FoxO signaling pathway. The results contribute to a comprehensive understanding of the effects of these environmental pollutants on genes, proteins, and metabolic pathways in living organisms. It revealed their toxicity mechanisms in inducing thyroid, renal, and testicular cancers, and provided a solid theoretical foundation for designing new environmental control strategies and drug screening initiatives. Additionally, the integrated application of network toxicology and molecular docking technology can enhance our understanding of the toxicity and mechanisms of unknown environmental pollutants, which is beneficial for protecting the environment and human health.",Lin Zhi; Li Yvmo; Zhao Jiarui; Li Jun; Pan Shuang,Heliyon,Heliyon,2024,10.1016/j.heliyon.2024.e37003,Carcinogenic pathways; Molecular docking; Network toxicology; PFAS,
35752307,"In vitro activity of a panel of per- and polyfluoroalkyl substances (PFAS), fatty acids, and pharmaceuticals in peroxisome proliferator-activated receptor (PPAR) alpha, PPAR gamma, and estrogen receptor assays.","Data demonstrate numerous per- and polyfluoroalkyl substances (PFAS) activate peroxisome proliferator-activated receptor alpha (PPARα), however, additional work is needed to characterize PFAS activity on PPAR gamma (PPARγ) and other nuclear receptors. We utilized in vitro assays with either human or rat PPARα or PPARγ ligand binding domains to evaluate 16 PFAS (HFPO-DA, HFPO-DA-AS, NBP2, PFMOAA, PFHxA, PFOA, PFNA, PFDA, PFOS, PFBS, PFHxS, PFOSA, EtPFOSA, and 4:2, 6:2 and 8:2 FTOH), 3 endogenous fatty acids (oleic, linoleic, and octanoic), and 3 pharmaceuticals (WY14643, clofibrate, and the metabolite clofibric acid). We also tested chemicals for human estrogen receptor (hER) transcriptional activation. Nearly all compounds activated both PPARα and PPARγ in both human and rat ligand binding domain assays, except for the FTOH compounds and PFOSA. Receptor activation and relative potencies were evaluated based on effect concentration 20% (EC",Evans Nicola; Conley Justin M; Cardon Mary; Hartig Phillip; Medlock-Kakaley Elizabeth,Toxicology and applied pharmacology,Toxicol Appl Pharmacol,2022,10.1016/j.taap.2022.116136,Adverse outcome pathway; Bioactivity; GenX; Mechanism of action; Molecular initiating event,"Animals; Fatty Acids; Female; Fluorocarbons; Ligands; Male; PPAR alpha; PPAR gamma; Rats; Receptors, Estrogen"
40580631,Multi-level evidence reveals PANK2 as a potential target of PFOA/PFOS-induced bone metabolism disruption: From network toxicology to in vitro validation.,"Perfluorooctanoic acid (PFOA) and perfluorooctanesulfonic acid (PFOS) are two representative per- and polyfluoroalkyl substances (PFAS) that have attracted increasing attention due to their environmental persistence and potential health risks, while their bone toxicity remains unclear. In this study, we systematically investigated the toxicological mechanisms of PFOA and PFOS on bone metabolism by integrating network toxicology, molecular docking and molecular dynamics simulations, and in vitro cellular experiments. Pantothenate kinase 2 (PANK2) was identified as a key target through the intersection of multiple databases and cross-validation using three machine learning algorithms. Molecular docking and dynamics simulations demonstrated that PFOA and PFOS can stably bind to PANK2 protein. In vitro experiments further confirmed that both PFOA and PFOS significantly suppressed PANK2 expression in bone marrow mesenchymal stem cells (BMSCs), leading to a disruption in the balance between osteogenic and adipogenic differentiation. Additionally, gene set enrichment analysis (GSEA) suggested that PANK2 may participate in bone metabolic regulation via chemokine signaling pathway and the neuro-osteogenic axis. This study highlights for the first time the critical role of PANK2 in PFAS-induced osteoporosis and provides novel mechanistic insights and potential therapeutic targets for the prevention and treatment of environmentally induced bone metabolic disorders.",Shao Yiming; Fan Wenhao,Ecotoxicology and environmental safety,Ecotoxicol Environ Saf,2025,10.1016/j.ecoenv.2025.118593,Molecular docking; Molecular dynamics simulations; Network toxicology; Osteoporosis; PANK2; PFOA; PFOS,Fluorocarbons; Caprylates; Alkanesulfonic Acids; Phosphotransferases (Alcohol Group Acceptor); Molecular Docking Simulation; Mesenchymal Stem Cells; Environmental Pollutants; Bone and Bones; Animals; Osteogenesis; Humans; Molecular Dynamics Simulation
40925179,"Integration of network toxicology, machine learning and single-cell sequencing reveals the effects of soil pollutants on prostate cancer.","Prostate cancer (PRAD) is a common malignancy in men, and exposure to soil pollutants may contribute to its development. And exposure to soil pollutant has been linked to its development, as well as to other diseases including cardiovascular disorders, neurological conditions, and additional cancers. This study integrates network toxicology, machine learning, and advanced technologies to investigate the mechanisms through which soil pollutants affect prostate cancer. Network toxicology was used to identify targets and signaling pathways associated with soil pollutants. Target prediction of soil pollutants was performed through SwissTargetPrediction and the Similarity Ensemble Approach (SEA). Prostate cancer-associated target genes were obtained from the Genecards and OMIM databases. Protein-protein interaction analysis further identified key regulatory molecules. Then a predictive model was constructed with 101 machine learning algorithms, identified risk target molecules and assessed the relationship between soil pollutants and prostate cancer risk. Single-cell sequencing examined the expression profiles of these targets in prostate cancer cell types. Molecular docking simulations evaluated the binding affinities between pollutants and target proteins to explore potential molecular mechanisms. Ten soil pollutants were analyzed, including dibutyl phthalate (DBP), dioctyl phthalate (DOP), dimethyl phthalate (DMP), perfluorooctanoic acid (PFOA), perfluorooctanesulfonic acid (PFOS), methyl ethyl ketone (MEK), toluene (TOL), zearalenone (ZEN), ochratoxin A (OTA), and deoxynivalenol (DON). Integration of multiple databases identified 242 potential targets, and protein-protein interaction analysis revealed key regulatory molecules. A prognostic risk model identified 26 risk target molecules. Single-cell sequencing demonstrated their expression profiles in prostate cancer. Kaplan-Meier, univariate, and multivariate Cox regression analyses revealed independent prognostic significance for DNMT1 and MTOR. Molecular docking confirmed that most soil pollutants bind strongly to DNMT1 and MTOR, suggesting disruption of related signaling pathways. Furthermore, experiments were conducted to explore the relationship between soil pollutants and target proteins. Various analytical methods to elucidate mechanisms by which soil pollutants contribute to prostate cancer through interactions with key molecular targets DNMT1 and mTOR. These findings inform the prevention and treatment of environmentally related cancers and provide novel insights into the molecular connection between soil pollutants and prostate cancer, and laying the groundwork for preventive and intervention strategies targeting environmentally related cancers.",Liu Zhiyu; Li Yuqi; Wang Juan; Zeng Yang; Wu Qilong,Ecotoxicology and environmental safety,Ecotoxicol Environ Saf,2025,10.1016/j.ecoenv.2025.119010,Machine learning; Molecular docking; Network toxicology; Prostate cancer (PRAD); Single-cell sequencing; Soil pollutants,Male; Prostatic Neoplasms; Humans; Machine Learning; Soil Pollutants; Molecular Docking Simulation; Single-Cell Analysis
29779582,Animal models of endocrine disruption.,"Endocrine disrupting chemicals (EDCs) are compounds that alter the structure and function of the endocrine system and may be contributing to disorders of the reproductive, metabolic, neuroendocrine and other complex systems. Typically, these outcomes cannot be modeled in cell-based or other simple systems necessitating the use of animal testing. Appropriate animal model selection is required to effectively recapitulate the human experience, including relevant dosing and windows of exposure, and ensure translational utility and reproducibility. While classical toxicology heavily relies on inbred rats and mice, and focuses on apical endpoints such as tumor formation or birth defects, EDC researchers have used a greater diversity of species to effectively model more subtle but significant outcomes such as changes in pubertal timing, mammary gland development, and social behaviors. Advances in genomics, neuroimaging and other tools are making a wider range of animal models more widely available to EDC researchers.",Patisaul Heather B; Fenton Suzanne E; Aylor David,Best practice & research. Clinical endocrinology & metabolism,Best Pract Res Clin Endocrinol Metab,2018,10.1016/j.beem.2018.03.011,PFOA; collaborative cross; neurosciences; peromyscus; toxicology; vole,"Animals; Disease Models, Animal; Endocrine Disruptors; Endocrine System; Endocrine System Diseases; Environmental Exposure; Environmental Illness; Humans; Reproducibility of Results; Reproduction"
39492895,Analyzing the impact of perfluorooctanoic acid (PFOA) and perfluorooctane sulfonate (PFOS) on the reproductive system using network toxicology and molecular docking.,"Growing evidence suggests that perfluorinated compounds (PFCs) contribute to reproductive toxicity, with perfluorooctanoic acid (PFOA) and perfluorooctane sulfonate (PFOS) being the most extensively studied. These chemicals are known to lower testosterone levels and compromise the integrity of the blood-testis barrier. However, the specific mechanisms of their reproductive toxicity remain largely unknown due to research limitations. In this study, we utilized network pharmacology to pinpoint the core genes and signaling pathways implicated in the reproductive toxicity caused by PFOA and PFOS. Molecular docking was employed to validate the interactions between these compounds and their targets. Key targets identified include CCL2, CXCR4, RPS27A, RPL5, PSMA7, and PSMC1, which are crucial in mediating reproductive toxicity. These genes are primarily involved in the chemokine signaling pathway, viral protein interactions with cytokines and cytokine receptors, and ribosomal functions. This study underscores the effectiveness of combining network toxicology and molecular docking to analyze the toxicity and molecular mechanisms of mixed environmental pollutants.",Chen Liang; Liang Shanshan; Li Jiaxin; Li Qian; Sun Qingwen,Heliyon,Heliyon,2024,10.1016/j.heliyon.2024.e39419,Molecular docking; Network pharmacology; Perfluorooctane sulfonate; Perfluorooctanoic acid; Reproductive toxicity,
40806648,Perfluoroalkyl Substance (PFAS) Mixtures Drive Rheumatoid Arthritis Risk Through Immunosuppression: Integrating Epidemiology and Mechanistic Evidence.,"Perfluoroalkyl substances (PFASs) possess immunosuppressive properties. However, their association with rheumatoid arthritis (RA) risk remains inconclusive across epidemiological studies. This study integrates population-based and mechanistic evidence to clarify the relationship between PFAS exposure and RA. We analyzed 8743 U.S. adults from the NHANES (2005-2018), assessing individual and mixed exposures to PFOA, PFOS, PFNA, and PFHxS using multivariable logistic regression, Bayesian kernel machine regression, quantile g-computation, and weighted quantile sum models. Network toxicology and molecular docking were utilized to identify core targets mediating immune disruption. The results showed that elevated PFOA (OR = 1.63, 95% CI: 1.41-1.89), PFOS (OR = 1.41, 1.25-1.58), and PFNA (OR = 1.40, 1.20-1.63) levels significantly increased RA risk. Mixture analyses indicated a positive joint effect (WQS OR = 1.06, 1.02-1.10; qgcomp OR = 1.26, 1.16-1.38), with PFOA as the primary contributor. Stratified analyses revealed stronger effects in females (PFOA Q4 OR = 3.75, 2.36-5.97) and older adults (≥60 years). Core targets included EGFR, SRC, TP53, and CTNNB1. PFAS mixtures increase RA risk, dominated by PFOA and modulated by sex/age. These findings help reconcile prior contradictions by identifying key molecular targets and vulnerable subpopulations, supporting regulatory attention to PFAS mixture exposure.",Lv Yanming; Zhao Chunlong; Xiang Yi; Fu Wenhao; Li Jiaqi,International journal of molecular sciences,Int J Mol Sci,2025,10.3390/ijms26157518,Bayesian kernel machine regression (BKMR); NHANES; mixture exposure; molecular docking; perfluoroalkyl substances (PFAS); rheumatoid arthritis,"Humans; Arthritis, Rheumatoid; Fluorocarbons; Female; Male; Middle Aged; Adult; Environmental Exposure; Environmental Pollutants; Risk Factors; Molecular Docking Simulation; Nutrition Surveys; Aged; Alkanesulfonic Acids; Caprylates"
40784096,PFOA exposure promotes prostate cancer progression by enhancing autophagy through m,"Perfluorooctanoic acid (PFOA) is a globally pervasive environmental contaminant characterized by chemical stability and bioaccumulation through the food chain, posing serious health risks to both humans and animals. Accumulating evidence has linked PFOA exposure to the development of various cancers, including prostate cancer (PCa), renal cancer, breast cancer, and ovarian cancer. However, the molecular mechanisms by which PFOA promotes PCa progression remain unclear. In this study, we demonstrate that low-dose PFOA exposure enhances the expression of mitogen-activated protein kinase 15 (MAPK15), thereby promoting autophagy and facilitating tumor cell proliferation. Mechanistically, PFOA binds to the N6-methyladenosine (m",Qian Yongjing; Liu Zixuan; Lv Xinyi; Cai Xiaojing; Wei Jianfeng,Ecotoxicology and environmental safety,Ecotoxicol Environ Saf,2025,10.1016/j.ecoenv.2025.118839,N6-methyladenosine (m(6)A) and autophagy; Perfluorooctanoic acid (PFOA); Prostate cancer (PCa),"Humans; Autophagy; Male; Prostatic Neoplasms; Fluorocarbons; Caprylates; Cell Line, Tumor; RNA, Messenger; Cell Proliferation; Environmental Pollutants; Disease Progression; Adenosine"
41151691,Network toxicology and molecular simulation identify key genes and pathways in PFAS-induced premature ovarian insufficiency.,"Premature ovarian insufficiency (POI) is a reproductive disorder characterized by the early loss of ovarian function in women under 40 years of age. PFAS, especially PFOA and PFOS, have been implicated in ovarian dysfunction, but their mechanisms of action remain unclear. In this study, an integrative network toxicology approach was applied, combining target prediction, gene enrichment analysis, machine learning based feature selection, molecular docking, and molecular dynamics simulations, with transcriptomic validation using the GSE127453 dataset. 83 overlapping targets between PFAS and POI were identified. GO enrichment analysis indicated significant involvement in nuclear receptor mediated transcriptional regulation, including steroid hormone receptor and estrogen receptor signalin, KEGG analysis highlighted pathways related to progesterone-mediated oocyte maturation, cellular senescence, and the FoxO signaling pathway, implying dual toxicological mechanisms involving impaired oocyte development and accelerated ovarian cell aging. Eight core genes were identified, including SHBG, CDC25A, TPO, BMP2, MAPK1, CASP3, CDK2, and ESR1. Among them, BMP2, CDK2, SHBG, and TPO were downregulated, while CASP3 and ESR1 were upregulated in POI samples. Molecular docking and dynamics simulations revealed stable, high affinity interactions between PFAS and CASP3, supporting a potential role in apoptosis activation. Nonetheless, further in vitro, in vivo, and mixture-based studies are warranted to substantiate these computational predictions and clarify dose-response relationships.",Che Jiyu; Qu Yanyan; Liu Weiran; Zhang Yong; Wu Zhongming,"Reproductive toxicology (Elmsford, N.Y.)",Reprod Toxicol,2025,10.1016/j.reprotox.2025.109086,Gene enrichment analysis; Molecular docking; Per- and polyfluoroalkyl substances; Premature ovarian insufficiency; Reproductive toxicity,Female; Humans; Primary Ovarian Insufficiency; Molecular Docking Simulation; Fluorocarbons; Molecular Dynamics Simulation; Gene Regulatory Networks; Environmental Pollutants
38400646,Exposure to per- and polyfluoroalkyl substances and breast cancer risk: a systematic review and meta-analysis of epidemiologic studies.,"We synthesized the epidemiologic evidence on the associations between per- and polyfluoroalkyl substances (PFAS) exposure and breast cancer risk. Our systematic review and meta-analysis included 18 and 11 articles, respectively, covering studies up to February 2023. The summary relative risks (RRs) estimated by random-effects meta-analyses did not support an association between PFAS and overall breast cancer risk (eg, a natural log (ln)-unit increase in serum/plasma concentrations [ng/mL] for perfluorooctanoate [PFOA] RR = 0.95; 95% CI, 0.77-1.18; perfluorooctane sulfonate [PFOS] RR = 0.98; 95% CI, 0.87-1.11). However, when limiting to studies that assessed exposures prior to a breast cancer diagnosis, we observed a positive association with PFOA (a ln-unit increase, RR = 1.16; 95% CI, 0.96-1.40). We also observed some possible heterogeneous associations by tumor estrogen and progesterone receptor status among postmenopausal breast cancer cases. No meaningful changes were observed after excluding the studies with high risk of bias (Tier 3). Based on the evaluation tool developed by the National Toxicology Program, given the heterogeneity across studies and the variability in timing of exposure measurements, the epidemiologic evidence needed to determine the association between PFAS exposure and breast cancer remains inadequate. Our findings support the need for future studies with improved study designs to determine this association.",Chang Che-Jung; Ish Jennifer L; Chang Vicky C; Daniel Meklit; Jones Rena R,American journal of epidemiology,Am J Epidemiol,2024,10.1093/aje/kwae010,PFAS; breast cancer; epidemiologic study; meta-analysis; per- and polyfluoroalkyl substances; systematic review,Female; Humans; Alkanesulfonic Acids; Breast Neoplasms; Caprylates; Environmental Exposure; Epidemiologic Studies; Fluorocarbons
36731186,High-content analysis shows synergistic effects of low perfluorooctanoic acid (PFOS) and perfluorooctane sulfonic acid (PFOA) mixture concentrations on human breast epithelial cell carcinogenesis.,"Perfluoroalkyl substances (PFAS) have been associated with cancer, but the potential underlying mechanisms need to be further elucidated and include studies of PFAS mixtures. This mechanistic study revealed that very low concentrations (500 pM) of the binary PFOS and PFOA mixture induced synergistic effects on human epithelial breast cell (MCF-10A) proliferation. The cell proliferation was mediated by pregnane X receptor (PXR) activation, an increase in cyclin D1 and CDK6/4 levels, decrease in p21 and p53 levels, and by regulation of phosphor-Akt and β-catenin. The PFAS mixture also altered histone modifications, epigenetic mechanisms implicated in tumorigenesis, and promoted cell migration and invasion by reducing the levels of occludin. High-content screening using the cell painting assay, revealed that hundreds of cell features were affected by the PFAS mixture even at the lowest concentration tested (100 pM). The detailed phenotype profiling further demonstrated that the PFAS mixture altered cell morphology, mostly in parameters related to intensity and texture associated with mitochondria, endoplasmic reticulum, and nucleoli. Exposure to higher concentrations (≥50 µM) of the PFOS and PFOA mixture caused cell death through synergistic interactions that induced oxidative stress, DNA/RNA damage, and lipid peroxidation, illustrating the complexity of mixture toxicology. Increased knowledge about mixture-induced effects is important for better understanding of PFAS' possible role in cancer etiology, and may impact the risk assessment of these and other compounds. This study shows the potential of image-based multiplexed fluorescence assays and high-content screening for development of new approach methodologies in toxicology.",Pierozan Paula; Kosnik Marissa; Karlsson Oskar,Environment international,Environ Int,2023,10.1016/j.envint.2023.107746,Breast cancer; Cell invasion; Cell painting; Chemical mixture; Cocktail effect; Epigenetics; High-content screening; Histone modifications; Mixture toxicology; NAMs; Oxidative stress; PFAS; PXR,Humans; Alkanesulfonic Acids; Fluorocarbons; Epithelial Cells; Carcinogenesis; Environmental Pollutants; Caprylates
41492385,"Per- and polyfluoroalkyl substances exposure and endometriosis risk: Evidence from epidemiologic, network toxicology, and molecular docking.","Although per- and polyfluoroalkyl substances (PFAS) exposure has been linked to endometriosis, this association remains controversial, and the underlying mechanisms are unclear. This study aimed to investigate this relationship and explore its molecular basis. Using cross-sectional data from NHANES, we analyzed serum PFAS in 1,069 women (20-50 years), applying WQS and BKMR models to assess mixture effects. Network toxicology (protein-protein interaction, pathway enrichment), molecular docking, and external validation were also used. Results showed PFAS mixtures were positively associated with endometriosis (adjusted OR = 1.22, 95% CI: 1.08-1.39), with PFOA and PFOS as main contributors. Mechanistic analysis revealed 129 overlapping genes involved in steroid hormone signaling, inflammatory responses, and the PI3K-Akt pathway, along with potential disruptions in lipid metabolism and oxidative stress. This work provides epidemiological and mechanistic evidence that PFAS mixtures may promote endometriosis via endocrine disruption and inflammatory activation, highlighting the need for further research into their gynecological health effects.",Zhang Haiqiao; Zeng Siliang; Yu Jingyun; Zhu Fengming; Yang Xiandan,iScience,iScience,2025,10.1016/j.isci.2025.114145,biochemistry; environmental toxicology; molecular toxicology,
38092172,Assessment of endocrine disruptor impacts on lipid metabolism in a fatty acid-supplemented HepaRG human hepatic cell line.,"The incidence of metabolic dysfunction-associated steatotic liver disease (MASLD) is increasing worldwide. This disease encompasses several stages, from steatosis to steatohepatitis and, eventually, to fibrosis and cirrhosis. Exposure to environmental contaminants is one of the risk factors and an increasing amount of evidence points to a role for endocrine disrupting compounds (EDCs). This study assesses the impact of selected EDCs on the formation of lipid droplets, the marker for steatosis in a hepatic model. The mechanisms underlying this effect are then explored. Ten compounds were selected according to their obesogenic properties: bisphenol A, F and S, butyl-paraben, cadmium chloride, p,p'-DDE, DBP, DEHP, PFOA and PFOS. Using a 2D or 3D model, HepaRG cells were exposed to the compounds with or without fatty acid supplementation. Then, the formation of lipid droplets was quantified by an automated fluorescence-based method. The expression of genes and proteins involved in lipid metabolism and the impact on cellular respiration was analyzed. The formation of lipid droplets, which is revealed or enhanced by oleic acid supplementation, was most effectively induced by p,p'-DDE and DEHP. Experiments employing either 2D or 3D culture conditions gave similar results. Both compounds induced the expression of PLIN2. p,p'-DDE also appears to act by decreasing in fatty acid oxidation. Some EDCs were able to induce the formation of lipid droplets, in HepaRG cells, an effect which was increased after supplementation of the cells with oleic acid. A full understanding of the mechanisms of these effects will require further investigation. The novel automated detection method described here may also be useful in the future as a regulatory test for EDC risk assessment.",Bernal Kévin; Touma Charbel; Le-Grand Béatrice; Rose Sophie; Degerli Selenay,Chemosphere,Chemosphere,2024,10.1016/j.chemosphere.2023.140883,Endocrine disruptors; HepaRG; Lipid metabolism; MASLD; Mechanistic toxicology; Risk assessment,Humans; Lipid Metabolism; Fatty Acids; Endocrine Disruptors; Oleic Acid; Dichlorodiphenyl Dichloroethylene; Diethylhexyl Phthalate; Fatty Liver; Hepatocytes
40691870,"Predicting the mechanisms and targets of PFOA nephrotoxicity via network toxicology, Mendelian randomization, molecular docking and molecular dynamics simulation.","Perfluorooctanoic acid (PFOA), widely used in food-contact materials, industrial coatings, and other applications, enters the food chain  This study employs network toxicology, Mendelian randomization, molecular docking and molecular dynamics simulation to preliminarily elucidate the mechanisms by which PFOA's toxic targets contribute to renal impairment. Through integrated analysis of multi-database bioinformatics, we identified 85 cross-targets associated with PFOA-induced renal toxicity. Gene Ontology (GO) and Kyoto Encyclopedia of Genes and Genomes (KEGG) analyses revealed significant enrichment of these targets in pathways related to ribosomes, lysosomes, complement and coagulation cascades, steroid hormone metabolism, immune-inflammatory diseases, and drug metabolism. STRING and Cytoscape tools identified five core targets (CYP3A4, CASP3, REN, PPARG, and IL-10). Mendelian randomization confirmed IL-10 as a central mediator of PFOA's nephrotoxicity. Molecular docking and molecular dynamics simulation demonstrated a high binding affinity between PFOA and IL-10. Our findings suggest that PFOA likely exacerbates renal injury by suppressing IL-10 expression, thereby amplifying inflammatory responses, accelerating renal cell damage and fibrosis, and ultimately impairing kidney function. This study elucidates the molecular mechanisms underlying PFOA-induced nephrotoxicity, offering novel insights for environmental health research.",Zheng Hang; Wang Maohong; Wu Guoqing; Li Fusheng; Wen Weinong,Toxicology mechanisms and methods,Toxicol Mech Methods,2025,10.1080/15376516.2025.2537893,Mendelian randomization; PFOA; molecular docking; molecular dynamics simulation; network toxicology; renal toxicity,Molecular Docking Simulation; Molecular Dynamics Simulation; Caprylates; Humans; Fluorocarbons; Mendelian Randomization Analysis; Kidney; Kidney Diseases; Environmental Pollutants
41108957,Perfluorooctanesulfonic acid (PFOS) exposure and multiple sclerosis: Evidence of association and mechanistic insights.,"While perfluoroalkyl substances (PFASs) exposure has been associated with autoimmune diseases (ADs), the robustness of these associations remains uncertain due to potential confounding and reverse causation in observational studies. This study aims to explore the potential relationship and underlying mechanisms between PFASs exposure and ADs risk. We utilized Mendelian randomization (MR) and generalized summary-data-based MR (GSMR) to investigate potential associations between exposure to two major PFASs (perfluorooctanoic acid [PFOA] and perfluorooctanesulfonic acid [PFOS]) and the risk of ten ADs, using genetic data exclusively from European-ancestry populations. For significant associations, we subsequently conducted network toxicology analysis, applied machine learning algorithms to systematically screen and prioritize key genes, and assessed immune infiltration analysis to elucidate mechanisms. We then validated these findings through molecular docking and molecular dynamics simulations. MR and GSMR analyses demonstrated a significant association between PFOS exposure and an increased risk of multiple sclerosis (MS). Among 107 intersecting candidate genes, four genes (CASP3, STAT3, ESR1, and GSK3B) were identified as key target genes through machine learning. Molecular docking and molecular dynamics simulations further confirmed stable binding interactions between PFOS and these proteins. Additionally, immune infiltration analysis suggested these genes may contribute to immune microenvironment dysregulation in MS. Pathway analysis indicated that PFOS potentially influences MS pathogenesis through PPAR signaling and efferocytosis. Our integrated analysis reveals evidence supporting an association between PFOS and MS and uncovers underlying molecular mechanisms. These findings establish a foundation for further investigation into the role of environmental pollutants in autoimmune disorders.",Liu Xinghai; Wang Xin; Wang Li,Ecotoxicology and environmental safety,Ecotoxicol Environ Saf,2025,10.1016/j.ecoenv.2025.119237,Autoimmune disease; Machine learning; Mendelian randomization; Molecular dynamics simulation; Network toxicology; Perfluoroalkyl substances,Fluorocarbons; Alkanesulfonic Acids; Humans; Multiple Sclerosis; Caprylates; Environmental Pollutants; Environmental Exposure; Mendelian Randomization Analysis; Molecular Docking Simulation
39512894,Per-and polyfluoroalkyl substances and disrupted sleep: mediating roles of proteins.,"Per-and polyfluoroalkyl substances (PFAS) contamination may disrupt sleep through disrupted metabolic and immune functions. The study aims to investigate the association and potential mechanism between PFAS and sleep. We included 136 young adults recruited between 2014-2018 and 76 were re-assessed between 2020-2022. Additional 8 participants only had complete data between 2020-2022. Plasma PFAS (PFOS, PFOA, PFHxS, PFHpS, PFPeS, PFNA, PFDA) were measured at both visits using liquid-chromatography high-resolution mass spectrometry. Plasma proteins were measured by Olink At baseline, one tertile increase in PFDA was associated with 0.39 (95 % CI: 0.05, 0.73) hours of shorter nightly sleep duration, and, at follow-up, PFHxS and PFOA were associated with 0.39 (95 % CI: 0.05, 0.72) and 0.32 (95 % CI: 0.01, 0.63) hours shorter sleep duration, respectively. One tertile increase in PFOS exposure was associated with a 2.99-point increase in sleep disturbance scores (95 % CI: 0.67, 5.31) and a 3.35-point increase in sleep-related impairment scores (95 % CI: 0.51, 6.20). Computational toxicology and mediation analyses identified potential mediating roles for several proteins in the PFAS-sleep associations, including 11-beta-dehydrogenase isozyme 1 (HSD11B1), cathepsin B (CTSB) and several immune system-related proteins. Future large scale epidemiological and mechanistic studies should confirm our findings and test effect measure modification of the associations by age.",Li Shiwen; Goodrich Jesse A; Chen Jiawen Carmen; Costello Elizabeth; Beglarian Emily,Environmental advances,Environ Adv,2024,10.1016/j.envadv.2024.100585,PFAS; Proteomics; Sleep,
36801483,"Embryonic exposure to PFAS causes long-term, compound-specific behavioral alterations in zebrafish.","Per- and polyfluoroalkyl substances (PFAS) are commonly used as surfactants and coatings for industrial processes and consumer products. These compounds have been increasingly detected in drinking water and human tissue, and concern over their potential effects on health and development is growing. However, relatively little data are available for their potential impacts on neurodevelopment and the degree to which different compounds within this class may differ from one another in their neurotoxicity. The present study examined the neurobehavioral toxicology of two representative compounds in a zebrafish model. Zebrafish embryos were exposed to 0.1-100uM perfluorooctanoic acid (PFOA) or 0.01-1.0uM perfluorooctanesulfonic acid (PFOS) from 5 to 122 h post-fertilization. These concentrations were below threshold for producing increased lethality or overt dysmorphologies, and PFOA was tolerated at a concentration 100× higher than PFOS. Fish were maintained to adulthood, with behavioral assessments at 6 days, 3 months (adolescence) and 8 months of age (adulthood). Both PFOA and PFOS caused behavioral changes in zebrafish, but PFOS and PFOS produced strikingly different phenotypes. PFOA was associated with increased larval motility in the dark (100uM), and enhanced diving responses in adolescence (100uM) but not adulthood. PFOS was associated with a reversed light-dark response in the larval motility test (0.1-1uM), whereby the fish were more active in the light than the dark. PFOS also caused time-dependent changes in locomotor activity in the novel tank test during adolescence (0.1-1.0uM) and an overall pattern of hypoactivity in adulthood at the lowest concentration (0.01uM). Additionally, the lowest concentration of PFOS (0.01uM) reduced acoustic startle magnitude in adolescence, but not adulthood. These data suggest that PFOS and PFOA both produce neurobehavioral toxicity, but these effects are quite distinct from one another.",Hawkey Andrew B; Mead Mikayla; Natarajan Sarabesh; Gondal Anas; Jarrett Olivia,Neurotoxicology and teratology,Neurotoxicol Teratol,2023,10.1016/j.ntt.2023.107165,Development; Neurobehavioral toxicology; PFAS; PFOA; PFOS; Zebrafish,Humans; Animals; Zebrafish; Fluorocarbons; Caprylates; Alkanesulfonic Acids
39182754,Asthma and decreased lung function in children exposed to perfluoroalkyl and polyfluoroalkyl substances (PFAS): An updated meta-analysis unveiling research gaps.,"Associations between exposure to per- and polyfluoroalkyl substances (PFAS) and pediatric asthma and reduced lung function in children are mixed and inconclusive. The study objective was to examine the extant research on exposure to PFAS and the diagnosis of asthma or decreased lung function in children <17 years of age to highlight what is known and to identify research gaps for future investigations. The present review was registered on the PROSPER database (CRD42023407172). We systematically searched several bibliographic databases (Scopus, Embase, Web of Science (core Collection), Medline, and CINAHL) along with grey literature sources in January 2023 to find relevant studies before this date. The National Toxicology Program's Office of Health Assessment and Translation (NTP OHAT) tool was applied to assess the risk of bias (RoB) assessment. We used a random-effects meta-analysis to assess the associations. From 12 observational epidemiological studies (out of 513) explored for qualitative analyses, 4 studies were included in quantitative analyses. The meta-analysis revealed a significant association between exposures to perfluorooctanoate (PFOA) with the prevalence of children's asthma [Odds Ratios (OR) = 1.162 (95% CI: 1.004-1.321)] whereas the association for perfluorooctane sulfonate (PFOS) was not statistically significant [OR = 1.03 (95%CI: 0.806-1.265]. The narrative synthesis results of the four included studies that examined the effects of PFAS exposure on lung function did not demonstrate significant associations between exposure to PFAS and decreased lung function. The RoB for most included studies was assessed as probably low without serious limitations. However, two studies were at high risk of biases. Our findings suggest that children who are exposed to PFOA are at a higher risk of developing asthma as well as the association between exposure to PFOS with impaired lung function. Large longitudinal studies with homogeneous PFAS exposures and standardized outcome measures are needed to ascertain these outcomes with improved certainty as well as toxicological studies to investigate the underlying mechanisms.",Rafiee Ata; Faridi Sasan; Sly Peter D; Stone Lara; Kennedy Lynsey P,Environmental research,Environ Res,2024,10.1016/j.envres.2024.119827,Asthma; Biomonitoring; Exposure assessment; PFAS; Systematic review,"Humans; Asthma; Fluorocarbons; Child; Environmental Exposure; Environmental Pollutants; Lung; Adolescent; Child, Preschool; Evidence Gaps"
28617200,Exposure to PFOA and PFOS and fetal growth: a critical merging of toxicological and epidemiological data.,"Toxicological and epidemiological evidence on the association between perfluorooctanoic acid (PFOA) or perfluorooctane sulfonic acid (PFOS) and birth/fetal weight was assessed. An extensive search for toxicological information in rats and mice, and a systematic search for epidemiological evidence were conducted. The linear regression coefficient (LRC) of birth weight (BrthW) on PFOA/PFOS was considered, and separate random effects meta-analyses for untransformed (i.e. not mathematically transformed) and log-transformed values were performed. Toxicological evidence: PFOA: 12 studies (21 datasets) in mice showed statistically significant lower birth/fetal weights from 5 mg/kg body weight per day. PFOS: most of the 13 studies (19 datasets) showed lower birth/fetal weights following in utero exposure. Epidemiological evidence: Sixteen articles were considered. The pooled LRC for a 1 ng/mL increase in untransformed PFOA (12 studies) in maternal plasma/serum was -12.8 g (95% CI -23.2; 2.4), and -27.1 g (95% CI -50.6; -3.6) for an increase of 1 log Epidemiological and toxicological evidence suggests that PFOA and PFOS elicit a decrease in BrthW both in humans and rodents. However, the effective animal extrapolated serum concentrations are 10",Negri Eva; Metruccio Francesca; Guercio Valentina; Tosti Luca; Benfenati Emilio,Critical reviews in toxicology,Crit Rev Toxicol,2017,10.1080/10408444.2016.1271972,Birth weight; PFOA; PFOS; epidemiology; evidence; fetal growth; integration; meta-analysis; perfluoroalkyls; reproduction; systematic review; toxicology,Alkanesulfonic Acids; Animals; Birth Weight; Caprylates; Environmental Exposure; Epidemiological Monitoring; Female; Fetal Development; Fluorocarbons; Humans; Maternal Exposure; Mice; Rats; Toxicity Tests
37027489,Lipidomic Profiling of PFOA-Exposed Mouse Liver by Multi-Modal Mass Spectrometry Analysis.,"Perfluorooctanoic acid (PFOA) is a synthetic perfluorinated chemical classified as a persistent organic pollutant. PFOA has been linked to many toxic effects, including liver injury. Many studies report that PFOA exposure alters serum and hepatic lipid metabolism. However, lipidomic pathways altered by PFOA exposure are largely unknown and only a few lipid classes, mostly triacylglycerol (TG), are usually considered in lipid analysis. Here, we performed a global lipidomic analysis on the liver of PFOA-exposed (high-dose and short-duration) and control mice by combining three mass spectrometry (MS) techniques: liquid chromatography with tandem mass spectrometry (LC-MS/MS), matrix-assisted laser desorption ionization mass spectrometry imaging (MALDI-MSI), and time-of-flight secondary ion mass spectrometry (TOF-SIMS). Among all hepatic lipids identified by LC-MS/MS analysis, more than 350 were statistically impacted (increased or decreased levels) after PFOA exposure, as confirmed by multi-variate data analysis. The levels of many lipid species from different lipid classes, most notably phosphatidylethanolamine (PE), phosphatidylcholine (PC), and TG, were significantly altered. Subsequent lipidomic analysis highlights the pathways significantly impacted by PFOA exposure, with the glycerophospholipid metabolism being the most impacted, and the changes in the lipidome network, which connects all the lipid species together. MALDI-MSI displays the heterogeneous distribution of the affected lipids and PFOA, revealing different areas of lipid expression linked to PFOA localization. TOF-SIMS localizes PFOA at the cellular level, supporting MALDI-MSI results. This multi-modal MS analysis unveils the lipidomic impact of PFOA in the mouse liver after high-dose and short-term exposure and opens new opportunities in toxicology.",Stoffels Charlotte B A; Angerer Tina B; Robert Hervé; Poupin Nathalie; Lakhal Laila,Analytical chemistry,Anal Chem,2023,10.1021/acs.analchem.2c05470,,"Mice; Animals; Lipidomics; Chromatography, Liquid; Tandem Mass Spectrometry; Spectrometry, Mass, Matrix-Assisted Laser Desorption-Ionization; Caprylates; Triglycerides; Liver; Fluorocarbons"
38652827,In vitro evaluation of the carcinogenic potential of perfluorinated chemicals.,"Perfluorooctane sulfonate (PFOS) and perfluorooctanoic acid (PFOA) are the major components of long-chain per- and polyfluorinated alkyl substances (PFAS), known for their chemical stability and environmental persistence. Even if PFOA and PFOS have been phased out or are limited in use, they still represent a concern for human and environmental health. Several studies have been per­formed to highlight the toxicological behavior of these chemicals and their mode of action (MoA). Data have suggested a causal association between PFOA or PFOS exposure and carcinogenicity in humans, but the outcomes of epidemiological studies showed some inconsistency. Moreover, the hypothesized MoA based on animal studies is considered not relevant for human cancer. To improve the knowledge on PFAS toxicology and contribute to the weight of evidence for the regu­latory classification of PFAS, we used the BALB/c 3T3 cell transformation assay (CTA), an in vitro model under consideration to be included in an integrated approach to testing and assessment for non-genotoxic carcinogens (NGTxCs). PFOS and PFOA were tested at several concentrations using a validated experimental protocol. Our results demonstrate that PFOA does not induce cell transformation, whereas PFOS exposure induced a concentration-related increase of type III foci. Malignant foci formation was triggered at PFOS concentrations equal to or higher than 50 ppm and was not directly associated with cytotoxicity or proliferation induction. The divergent CTA outcomes suggest that different molecular events could be responsible for the toxicological profiles of PFOS and PFOA, which were not fully captured in our study. PFAS chemicals are known for their durability and resistance to heat, water, and oil. They are per­sistent in the environment and may pose health risks despite decreased use. This study explored PFOS and PFOA, two common PFAS chemicals, to understand their potential harm and cancer risk. To better understand how they might be harmful, we conducted a cell-based test that can resemble the carcinogenesis process in experimental animals. The test revealed PFOS, but not PFOA, can cause cancer-like changes, at levels of 50 parts per million or higher. This result suggests different PFAS chemicals affect cells differently, but we need more research to understand exactly how they work and how they might cause cancer. Understanding this could help regulate and reduce PFAS harmful effects. This research aligns with 3R principles by using cell-based tests as an alternative to animal testing, thereby promoting ethical research practices.",Vaccari Monica; Serra Stefania; Ranzi Andrea; Aldrovandi Federico; Maffei Giangabriele,ALTEX,ALTEX,2024,10.14573/altex.2310281,PFAS; cell transformation assay; non-genotoxic carcinogenicity; perfluorooctane sulfonic acid; perfluorooctanoic acid,Fluorocarbons; Animals; Caprylates; Alkanesulfonic Acids; Mice; Carcinogens; Carcinogenicity Tests; BALB 3T3 Cells; Humans; Animal Testing Alternatives
40079289,"[«PFAS», pollutants in the spotlight].","In November 2023, Wallonia was rocked by the discovery of problematic PFAS contamination of drinking water in the Chièvres region. PFAS («per- or polyfluoroalkyl substances») are compounds produced and used in large quantities by human activities for numerous applications, such as the formulation of fire-fighting foams, which appears to be at the origin of the pollution in Chièvres. The two main PFASs (perfluorooctanoic acid (PFOA) and perfluorooctane sulfonic acid (PFOS)) have been shown to have toxic effects on immunity, cholesterol metabolism, liver function and newborn birth weight. In addition, PFOA is classified as a definite human carcinogen. The Toxicology Department of Liège University Hospital has carried out numerous studies on these compounds and their impact on human health. In addition, we offer to measure them in patients' serum or breast milk, and provide patients and their doctors with an interpretation and follow-up proposal based on the results obtained. Environmental pollution by PFAS and its consequences demonstrate once again how the degradation of our environment and our health are closely linked. En novembre 2023, la Wallonie a été secouée par la mise en évidence d’une contamination problématique de l’eau de distribution par les PFAS («per- ou polyfluoroalkyl substances») dans la région de Chièvres. Ces PFAS sont des composés produits et utilisés en grandes quantités par l’Homme pour de nombreuses applications, comme la formulation de mousses anti-incendie qui pourraient être à l’origine de la pollution à Chièvres. Les deux principaux PFAS (l’acide perfluorooctanoïque (PFOA) et l’acide perfluorooctane sulfonique (PFOS)) ont démontré une toxicité sur l’immunité, le métabolisme du cholestérol, le foie ou encore le poids du nouveau-né à la naissance. De plus, le PFOA est classé comme cancérigène certain chez l’Homme. Le Service de Toxicologie du CHU de Liège participe à de nombreuses études sur ces composés et leurs impacts sur la santé humaine. Nous proposons leur dosage chez les patients, que ce soit dans le sérum ou dans le lait maternel, et nous fournissons au patient et à son médecin une interprétation et une proposition de suivi adaptées en fonction des résultats obtenus. La pollution de l’environnement par les PFAS et ses conséquences démontrent une fois de plus comment la dégradation de notre environnement et notre santé sont étroitement associées.",Dufour Patrice; Pirard Catherine; Charlier Corinne,Revue medicale de Liege,Rev Med Liege,2025,,Environment; Perfluoroalkyl substances; Pollution; toxicity,Humans; Fluorocarbons; Alkanesulfonic Acids; Environmental Pollutants; Caprylates; Environmental Exposure
40500729,Suppression effect of folate on poly- and perfluoroalkyl substance-induced alterations in lipids and the atherogenic index of plasma in adolescents.,"The specific mechanisms by which poly - and polyfluoroalkyl substances (PFAS) influence the particular lipid levels of adolescents and the progression of early subclinical atherosclerosis remain unclear. A certain degree of correlation exists between folate and the exposure of adolescents to PFAS, the maintenance of lipid homeostasis, as well as cardiovascular health status. This study investigated the role and mechanisms of folate in the process through which PFAS can influence the blood lipid profiles of adolescents. We used data from the National Health and Nutrition Examination Survey 2005-2018. Weighted generalized linear regression analysis, Bayesian kernel machine regression, weighted quantile sum regression, mediation analysis, and network toxicology were employed to investigate the association between mixed exposures to perfluorooctanoic acid (PFOA), perfluorooctane sulfonate (PFOS), perfluorohexane sulfonate, and perfluorononanoic acid (PFNA) and lipids, as well as the atherogenic index of plasma (AIP), and to determine the impact of red blood cell folate or serum folate in the body. A positive association was detected between low density lipoprotein cholesterol (LDL-C) and PFOS; between total cholesterol (TC) and both PFOS and PFOA; between triglycerides (TG) and PFNA, PFOS, and PFOA; and between AIP and PFNA, PFOS, and PFOA. Analysis identified a positive correlation between mixed PFAS and LDL-C, TC, TG, and AIP. Red blood cell folate suppressed the associations of PFOA, PFOS, PFNA, and total PFAS with TG, as well as PFOA, PFOS, and total PFAS with AIP. The suppression effect of red blood cell folate was more pronounced in female adolescents. PFAS was associated with certain targets, including albumin, peroxisome proliferator-activated receptor γ, and interleukin-10, and may influence lipid metabolism and atherosclerosis. PFAS and folate share caspase-1 and carbonic anhydrase 2 as targets for mechanisms associated with atherosclerosis. PFAS exposure may be associated with dyslipidemia and impaired cardiovascular health in adolescents, while folate could potentially attenuate the direct association between PFAS exposure and these health outcomes. In the future, maintaining normal levels of folate in the body could be a key strategy in preventing disruptions to lipid metabolism and potential threats to cardiovascular health in adolescents caused by PFAS.",Pan Yuxin; Du Ziye; Ma Yuyang; Chen Cheng; He Shaoyu,Lipids in health and disease,Lipids Health Dis,2025,10.1186/s12944-025-02638-y,Adolescents; Atherogenic index of plasma; Folate; Lipids; National Health and Nutrition Examination Survey; Poly- and perfluoroalkyl substances,"Humans; Fluorocarbons; Adolescent; Female; Male; Folic Acid; Atherosclerosis; Alkanesulfonic Acids; Lipids; Caprylates; Cholesterol, LDL; Nutrition Surveys; Triglycerides; Erythrocytes; Fatty Acids; Sulfonic Acids"
40891830,"Letter to the Editor: ""Unraveling the molecular mechanisms of PFOA in clear cell renal cell carcinoma through network toxicology and molecular docking strategies.",,Zhao Xiniming; Li Xiunan; Wu Guangzhen,"International journal of surgery (London, England)",Int J Surg,2025,10.1097/JS9.0000000000002701,,
36873954,Blood transcriptome responses to PFOA and GenX treatment in the marsupial biomedical model ,,Cao Wenqi; Horzmann Katharine; Schemera Bettina; Petrofski Myra; Kendall Trisha,Frontiers in genetics,Front Genet,2023,10.3389/fgene.2023.1073461,developmental processes; inflammatory response; laboratory opossum; long-chain fatty acid transport; per-and polyfluoroalkyl substances (PFAS); toxicology,
35026182,Framework for risk assessment of PFAS utilizing experimental studies and in-silico models.,"Perfluoroalkyl substances (PFAS), especially PFOS and PFOA, are two widely used synthetic chemicals that can impact human health based on evidence from animal and epidemiologic studies. In this paper, we have reviewed and summarized the influence of PFAS exposure on health, pointing the quality of evidence, and applied translational techniques to integrate evidence for PFAS policy making. This is the first review where highly referred articles on PFAS used for policymaking by several regulatory agencies were collected and evaluated based on the review guidelines developed by the US National Toxicology Program's Office of Health Assessment and Translation (OHAT) review guidelines. Several limitations were observed, including co-exposure to multiple chemicals and limited measurement of primary and secondary outcomes related to specific toxicity. However, data from all the studies provided a moderate to strong level of confidence for link between PFAS exposure and different adverse outcomes. Secondly, for translating the risk to humans, an in-silico model and scaling approach was utilized. Physiologically based pharmacokinetic model (PBPK) was used to calculate the human equivalent dose (HED) from two widely accepted studies and compared with tolerable daily intakes (TDIs) established by various regulatory agencies. Inter-species dose extrapolation was done to compare with human the relevance of dosing scenarios used in animals. Overall, a framework for translation of risk was proposed based on the conclusions of this review with the goal of improving policymaking. The current paper can improve the methodological protocols for PFAS experimental studies and encourage the utilization of in-silico models for translating risk.",Deepika Deepika; Rovira Joaquim; Sabuz Óscar; Balaguer Jordina; Schuhmacher Marta,Environmental research,Environ Res,2022,10.1016/j.envres.2022.112722,Health effects; Human biomonitoring; PFAS; PFOA; PFOS; Perfluorinated compounds; Regulatory limits; Systematic analysis; Toxicokinetic model; Translational in silico models,Alkanesulfonic Acids; Animals; Computer Simulation; Environmental Pollutants; Fluorocarbons; Risk Assessment
41083578,"Investigation of the toxicological effects of PFAS on cholangiocarcinoma based on network toxicology, bioinformatics, and molecular docking.","Previous studies have identified an association between per- and polyfluoroalkyl substances (PFAS) and the occurrence of intrahepatic cholangiocarcinoma (ICC), but the specific mechanisms remain unclear. This study aims to analyze the toxicological mechanisms of PFAS, particularly perfluoroctanoic acid (PFOA) and perfluorooctane sulfonate (), on ICC through network toxicology and bioinformatics. Relevant targets for PFOS and PFOA were retrieved from the CTD, ChEMBL, and Super-PRED databases. Targets related to ICC were gathered from the GeneCards, NCBI, and OMIM databases. Common targets between ICC and PFOS, PFOA were identified and subjected to median filtering in CytoHubba to select core targets, which were then analyzed for protein-protein interaction using the STRING database. Gene Ontology (GO) and Kyoto Encyclopedia of Genes and Genomes (KEGG) enrichment analyses were performed on core targets to elucidate the biological processes affected by PFAS in ICC. The intersection of the targets for ICC and those from PFOS/PFOA was compared with the differentially expressed genes in ICC from the TCGA database. LASSO regression was applied to filter prediction targets, and bioinformatics analysis was conducted to assess the differential expression of these targets in ICC, constructing a risk assessment model. Molecular docking was utilized to evaluate the binding affinity of PFOA and PFOS to the predicted targets. A total of 1,838 and 2,616 targets were predicted for PFOA and PFOS, respectively; whereas, for ICC, 2,044 targets were identified, with 345 and 459 common targets for PFOA and PFOS, respectively. GO and KEGG enrichment analyses revealed that these processes were primarily associated with biological functions such as cell proliferation and apoptosis, potentially mediated by the PI3K-Akt and HIF-1 signaling pathways. The integrated analysis of differentially expressed genes from the TCGA database and the intersection of targets from PFOA/PFOS with those from ICC yielded five core genes (TP53, ESR1, CDH1, BCL2, and MMP9) that formed an ICC prognostic score with robust predictive capability for survival, classifying ICC patients into high-risk and low-risk groups (p < 0.05). Molecular docking simulations demonstrated strong binding affinities between PFAS and these core targets, supporting their potential roles in PFAS-induced ICC development. This study explores the potential key mechanisms underlying PFAS-induced ICC and highlights core biomarkers that could serve as therapeutic targets. These results are expected to offer novel perspectives on strategies for the prevention and treatment of ICC.",Sun Huazheng; Li Jian; Du Changpu; Zhou Kangmin; Wu Zhenzhen,Scientific reports,Sci Rep,2025,10.1038/s41598-025-19590-7,Bioinformatics; Cholangiocarcinoma; Network toxicology; PFOA; PFOS,"Fluorocarbons; Cholangiocarcinoma; Molecular Docking Simulation; Humans; Computational Biology; Caprylates; Bile Duct Neoplasms; Alkanesulfonic Acids; Protein Interaction Maps; Gene Expression Regulation, Neoplastic; Gene Ontology"
30248109,Rubella immunity and serum perfluoroalkyl substances: Sex and analytic strategy.,"Perfluoroalkyl substances (PFASs) have been associated with decreased immunity to childhood tetanus and diphtheria immunizations. If these vaccinations are vulnerable to influence from PFASs, questions arise about associations with other common inoculations. To examine whether serum PFASs were associated with reduced immunity to rubella immunization, and whether interactions with sex or ethnicity warranted analytic stratification. Usually, toxicology analyses are calculated controlling for race and sex. However, sex differences in immune function have been reported and a reduction of immunity to rubella in women could pose risks such miscarriage. We analyzed a nationally representative sample of individuals ≥ 12 years from the National Health and Nutrition Examination Survey (NHANES) for years 1999-2000 and 2003-2004 for whom PFAS measures were available. Our analytic strategy was to start with separate analyses for youth and adults controlling for several covariates including ethnicity and sex, as well as the interaction of these terms with PFASs. If there was a main effect of PFASs and an interaction term, we would stratify analyses of effect size. The outcome variable was Rubella IgG titers by quartile of perfluoroalkyl substances. After exclusion for missing data, the analyzed sample contained 581 adult women, 621 adult men, and 1012 youth. There was no significant effect of PFASs on immunity in youths but a significant effect of both PFOA and PFOS in adults, as well as a significant interaction of PFOA x sex and a borderline significant interaction of PFOS x sex. When effect size analyses were stratified by sex, a significant association between rubella titres and PFOA was found in men but not women and PFOS was not significant in either sex. These results support our earlier studies showing sex specific responses to PFASs and indicate the importance of thinking carefully about analytic strategies in population based toxicology research.",Pilkerton Courtney S; Hobbs Gerald R; Lilly Christa; Knox Sarah S,PloS one,PLoS One,2018,10.1371/journal.pone.0203330,,"Adolescent; Adult; Alkanesulfonic Acids; Antibodies, Viral; Caprylates; Child; Environmental Pollutants; Female; Fluorocarbons; Humans; Immunoglobulin G; Male; Middle Aged; Nutrition Surveys; Risk Factors; Rubella; Rubella Vaccine; Sex Characteristics; United States; Young Adult"
33609849,Per- and polyfluoroalkyl substances (PFAS) in livestock and game species: A review.,"Per- and polyfluoroalkyl substances (PFAS) are synthetic, organic chemicals that resist environmental breakdown. The properties that made PFAS into an industrial success also led to their persistence and bioaccumulation. As PFAS were widely used for many decades their presence is evident globally, and their persistence and potential for toxicity create concern for human, animal and environmental health. Following the precautionary principle, a reduction in human exposure is generally recommended. The most significant source of human exposure to PFAS is dietary intake (food and water) with additional exposure via dust. As PFAS concentrations have been more frequently studied in aquatic food sources, there is less understanding of exposure via terrestrial animals. To further define human exposure via animal products, it is necessary to determine PFAS concentrations and persistence in terrestrial livestock and game species. Studies assessing ambient concentrations of PFAS have noted that, aside from point sources of contamination, there is generally low input of PFAS into terrestrial agricultural food chains. However, livestock and game species may be exposed to PFAS via contaminated water, soil, substrate, air or food, and the contribution of these exposures to PFAS concentrations in food products is less well studied. This review focuses on perfluoroalkyl substances (PFAAs) and compiles information from terrestrial livestock and game species as a source of dietary exposure in humans, and discusses toxicokinetics and health effects in animals, while identifying future focus areas. Publications describing the transfer of PFAAs to farmed and hunted animals are scarce, and demonstrate large variability in distribution and elimination. We outline several relatively small, short-term studies in cattle, sheep, pigs and poultry. While negative effects have not been noted, the poultry investigations were the only studies to explicitly assess health effects. Comparative information is presented on PFAA concentrations in livestock products and edible tissues of game animals.",Death Clare; Bell Cameron; Champness David; Milne Charles; Reichman Suzie,The Science of the total environment,Sci Total Environ,2021,10.1016/j.scitotenv.2020.144795,Food safety; Game species; Livestock health; Perfluorooctane sulfonate (PFOS); Perfluorooctanoic acid (PFOA); Toxicology,Alkanesulfonic Acids; Animals; Cattle; Dietary Exposure; Fluorocarbons; Livestock; Sheep; Swine; Water Pollution
37069739,"US and international per- and polyfluoroalkyl substances surface water quality criteria: A review of the status, challenges, and implications for use in chemical management and risk assessment.","Regulation of per- and polyfluorinated substances (PFAS) in surface water is a work-in-progress with relatively few criteria promulgated in the United States and internationally. Surface water quality criteria (SWQC) or screening values derived for perfluorooctane sulfonic acid (PFOS) and perfluorooctanoic acid (PFOA) by Australia, Canada, the European Union (EU), and four US states (Florida, Michigan, Minnesota, and Wisconsin), and the San Francisco Bay Regional Water Quality Control Board (SFB RWQCB; California) were compared. Across these eight jurisdictions, promulgated numeric criteria for the same compound and receptor span over five orders of magnitude as a result of different approaches and data interpretations. Human health criteria for PFOS range from 0.0047 to 600 ng/L depending on route of exposure (e.g., fish consumption or drinking water) and are lower than most ecological criteria for protection of aquatic and wildlife receptors. Data gaps and uncertainty in chronic toxicity and bioaccumulation of PFOS and PFOA, as well as the use of conservative assumptions regarding intake and exposure, have resulted in some criteria falling at or below ambient background concentrations and current analytical detection limits (around 1 ng/L for commercial laboratories). Some jurisdictions (e.g., Australia, Canada) have deemed uncertainty in quantifying water-fish bioaccumulation too great and set fish tissue action levels in lieu of water criteria. Current dynamics associated with the emerging and evolving science of PFAS toxicity, exposure, and environmental fate (i.e., data gaps and uncertainty), as well as the continuous release of scientific updates, pose a challenge to setting regulatory limits. Integr Environ Assess Manag 2024;20:36-58. © 2023 AECOM Technical Services, Inc and The Authors. Integrated Environmental Assessment and Management published by Wiley Periodicals LLC on behalf of Society of Environmental Toxicology & Chemistry (SETAC).",Ruffle Betsy; Archer Christine; Vosnakis Kelly; Butler Josh D; Davis Craig W,Integrated environmental assessment and management,Integr Environ Assess Manag,2024,10.1002/ieam.4776,Criteria development; Per- and polyfluoroalkyl substances; Risk management; Surface water quality criteria,"Animals; United States; Humans; Water Quality; Water Pollutants, Chemical; Fluorocarbons; Alkanesulfonic Acids; Risk Assessment; Fishes; Caprylates"
39251122,Toxicity prediction and risk assessment of per- and polyfluoroalkyl substances for threatened and endangered fishes.,"Per- and polyfluoroalkyl substances (PFASs) are severely polluted in aquatic environments and can harm aquatic organisms. Due to the limitation of conducting toxicity experiments directly on threatened and endangered (T&E) species, their toxicity data is scarce, hindering accurate risk assessments. The development of computational toxicology makes it possible to assess the risk of pollutants to T&E fishes. This study innovatively combined machine learning models, including random forest (RF), artificial neural network (ANN), and XGBoost, and the QSAR-ICE model to predict chronic developmental toxicity data of PFASs to T&E fishes. Among these, the XGBoost model exhibited superior performance, with R",Ji Yuanpu; Wang Xiaolei; Wang Rui; Wang Jiayu; Zhao Xiaoli,"Environmental pollution (Barking, Essex : 1987)",Environ Pollut,2024,10.1016/j.envpol.2024.124920,Chronic toxicity; Ecological risk; Machine learning; QSAR-ICE; Threatened and endangered fish,"Animals; Water Pollutants, Chemical; Risk Assessment; Endangered Species; Fishes; Fluorocarbons; Rivers; Machine Learning; Neural Networks, Computer; Quantitative Structure-Activity Relationship"
39073492,Elucidating the degradation mechanisms of perfluorooctanoic acid and perfluorooctane sulfonate in various environmental matrices: a review of green degradation pathways.,"Given environmental persistence, potential for bioaccumulation, and toxicity of Perfluorooctanoic acid (PFOA) and perfluorooctane sulfonate (PFOS), the scientific community has increasingly focused on researching their toxicology and degradation methods. This paper presents a survey of recent research advances in the toxicological effects and degradation methods of PFOA and PFOS. Their adverse effects on the liver, nervous system, male reproductive system, genetics, and development are detailed. Additionally, the degradation techniques of PFOA and PFOS, including photochemical, photocatalytic, and electrochemical methods, are analyzed and compared, highlighted the potential of these technologies for environmental remediation. The biotransformation pathways and mechanisms of PFOA and PFOS involving microorganisms, plants, and enzymes are also presented. As the primary green degradation pathway for PFOA and PFOS, Biodegradation uses specific microorganisms, plants or enzymes to remove PFOA and PFOS from the environment through redox reactions, enzyme catalysis and other pathways. Currently, there has been a paucity of research conducted on the biodegradation of PFOA and PFOS. However, this degradation technology is promising owing to its specificity, cost-effectiveness, and ease of implementation. Furthermore, novel materials/methods for PFOA and PFOS degradation are presented in this paper. These novel materials/methods effectively improve the degradation efficiency of PFOA and PFOS and provide new ideas and tools for the degradation of PFOA and PFOS. This information can assist researchers in identifying flaws and gaps in the field, which can facilitate the formulation of innovative research ideas.",Chen Feiyu; Zhou Yi; Wang Liping; Wang Pengfei; Wang Tianyue,Environmental geochemistry and health,Environ Geochem Health,2024,10.1007/s10653-024-02134-9,Biodegradation; Degradation techniques; Perfluorooctane sulfonate (PFOS); Perfluorooctanoic acid (PFOA); Toxicology,"Fluorocarbons; Caprylates; Alkanesulfonic Acids; Biodegradation, Environmental; Environmental Pollutants; Animals; Green Chemistry Technology"
34798108,Elucidating the molecular mechanisms of perfluorooctanoic acid-serum protein interactions by structural mass spectrometry.,"Perfluorooctanoic acid (PFOA) is a persistent environmental pollutant and will continually accumulate in blood due to its chemical inertness and strong interaction with serum proteins, especially serum albumin (SA), inducing highly adverse health risks. However, the molecular mechanisms of dynamic interactions between PFOA with serum proteins remain unclear, limiting the development of potential therapeutic strategies. Herein, we developed an integrated structural strategy to systematically profile the molecular details of dynamic interactions among PFOA, SA, and β-cyclodextrin (β-CD) by combing native mass spectrometry (nMS), lysine reactivity profiling (LRP), and molecular docking (MD) simulation. The SA site 1, site 2 pockets, and cleft nearby are observed as the primary interaction regions of PFOA. Further, β-CD can disrupt the PFOA combinations with bovine SA regions around sites Lys20, Lys280, Lys350, and Lys431-Lys439, with an overall reversing efficiency of about 26% at an identical concentration to PFOA. The interactome of PFOA with complex human serum proteins is globally profiled with molecular interaction details, including human serum albumin, apolipoprotein A-I, alpha-2-macroglobulin, and complement C3. Our results reveal molecular insights into the detail of the interaction between PFOA and serum proteins, beneficial to understanding PFOA toxicology.",Zhang Wenxiang; Liu Zheyi; Zhou Ye; Lai Can; Sun Binwen,Chemosphere,Chemosphere,2022,10.1016/j.chemosphere.2021.132945,Lysine reactivity profiling (LRP); Mass spectrometry (MS); Perfluorooctanoic acid (PFOA); Serum albumin (SA); β-cyclodextrin (β-CD),Animals; Caprylates; Cattle; Fluorocarbons; Humans; Mass Spectrometry; Molecular Docking Simulation
34762945,Global occurrence and probabilistic environmental health hazard assessment of per- and polyfluoroalkyl substances (PFASs) in groundwater and surface waters.,"Per- and polyfluoroalkyl substances (PFASs) have been used in consumer and military products since the 1950s but are increasingly scrutinized worldwide because of inherent chemical properties, environmental contamination, and risks to public health and the environment. The United States Environmental Protection Agency (USEPA) identified 24 PFASs of interest for further study and possible regulation. We examined 371 peer-reviewed studies published since 2001 to understand the occurrence and distribution of 24 priority PFASs in global surface waters and groundwater. We identified 77,541 and 16,246 data points for surface waters and groundwater, respectively, with total PFAS concentrations ranging from low pg/L to low mg/L levels. Most data were from Asia, Europe, and North America with some reports from Oceania. PFAS information from other geographic regions is lacking. PFASs levels are consistently higher in rivers and streams followed by lakes and reservoirs and then coastal and marine systems. When sufficient data were available, probabilistic environmental hazard assessments (PEHAs) were performed from environmental exposure distributions (EEDs) to identify potential exceedances of available guideline values for each compound by matrix, region, and aquatic system. Specifically, exceedances of USEPA drinking water lifetime health advisory levels were up to 74% for PFOS in groundwater from Oceania and 69% for PFOA in North American groundwater. Our findings support selection of environmentally relevant experimental treatment levels for future toxicology, ecotoxicology and bioaccumulation studies, and potable source water exposure investigations, while highlighting PFASs and major geographic locations requiring additional study and inclusion in global monitoring and surveillance campaigns.",Sims Jaylen L; Stroski Kevin M; Kim Sujin; Killeen Grace; Ehalt Ricardo,The Science of the total environment,Sci Total Environ,2022,10.1016/j.scitotenv.2021.151535,Drinking water quality; Environmental public health; Hazard and risk assessment; Per- and polyfluoroalkyl substances (PFASs),"Alkanesulfonic Acids; Drinking Water; Environmental Health; Environmental Monitoring; Fluorocarbons; Groundwater; Water Pollutants, Chemical"
34296455,Argumentation Analysis of Risk Assessments: The Case of Perfluorooctanoic Acid.,"Risk assessment of chemicals can be based on toxicology and/or epidemiology. The choice of toxicological or epidemiological data can result in different health-based guidance values (HBGVs). Communicating the underlying argumentation is important to explain these differences to the public and policymakers. In this article, we explore the argumentation used to justify the use of toxicological or epidemiological data in the derivation of HBGVs in four different risk assessments for the chemical Perfluorooctanoic acid (PFOA). The pragma-dialectical argumentation theory (PDAT) is hereby applied. The argumentations to select relevant health endpoints or certain studies to infer causality appeared mainly based on ""symptomatic relations,"" that is, study results are used as characteristic of what was claimed to be a causal relation without delving into the actual causal argumentation that preceded it. Starting points that are at the basis of the chain of arguments remained implicit. Argumentation to use epidemiological and/or toxicological data was only briefly mentioned and the underlying argumentative foundation that led to the conclusion was seldom found or not addressed at all. The decision to include/exclude information was made based on the availability of data, or the motives for the choice remained largely unclear. We conclude that more depth in argumentation and a subordinative chain of arguments is needed to better disclose the underlying reasoning leading to a certain health-based guidance value (HBGV). More explicit identification and discussion of starting points could be a valuable addition to general risk assessment frameworks for maximum use of toxicological and epidemiological data and shared conclusions of the assessment.",Jongeneel W P; van Klaveren H; Bogers R P; Dévilee J; Rijs K R,Risk analysis : an official publication of the Society for Risk Analysis,Risk Anal,2022,10.1111/risa.13793,Argumentation; epidemiology; perfluorooctanoic acid; risk assessment; toxicology,Caprylates; Dissent and Disputes; Fluorocarbons
35817100,A review of omics-based PFAS exposure studies reveals common biochemical response pathways.,Per and Polyfluoroalkyl Substances (PFAS) are a diverse group of man-made chemicals with a range of industrial applications and which are widespread in the environment. They are structurally diverse but comprise a common chemical feature of at least one (though usually more) perfluorocarbon moiety (-C,Beale David J; Sinclair Georgia M; Shah Rohan; Paten Amy M; Kumar Anupama,The Science of the total environment,Sci Total Environ,2022,10.1016/j.scitotenv.2022.157255,Ecotoxicology; Environmental management; Lipidomics; Metabolomics; PFOA; PFOS; Proteomics; Risk assessment,Alkanesulfonic Acids; Biomarkers; Ecotoxicology; Environmental Pollutants; Fluorides; Fluorocarbons; Humans; Risk Assessment; Sulfonic Acids
34400261,The Dilemma of perfluorooctanoate (PFOA) human half-life.,"Disparity in the results from human observational and clinical studies is not uncommon, but risk assessment efforts often judge one set of data more relevant with the loss of valuable information. The assessment for perfluorooctanoate (PFOA) is a good example of this problem. The estimation of its safe dose is disparate among government groups due in part to differences in understanding of its half-life in humans. These differences are due in part to incomplete information on sources of exposure in the human observational half-life studies, which have been routinely acknowledged, but until recently not well understood. Exposure information is thus critical in understanding, and possibly resolving, this disparity in PFOA safe dose, and potentially for disparities with similar chemistries when both human observational and clinical findings are available. We explore several hypotheses to explain this disparity in PFOA half-life from human observational studies in light of findings of a clinical study in humans and relevant exposure information from a recent international meeting of the Society of Toxicology and Environmental Chemistry (SETAC). Based on information from both human observational studies and clinical data, we proposed a range for the half-life for PFOA of 0.5-1.5 years, which would likely raise many existing regulatory safe levels if all other parameters stayed the same.",Dourson Michael; Gadagbui Bernard,Regulatory toxicology and pharmacology : RTP,Regul Toxicol Pharmacol,2021,10.1016/j.yrtph.2021.105025,Half-life; Human clinical study; Human observational studies; PFOA; Safe dose,"Caprylates; Dose-Response Relationship, Drug; Fluorocarbons; Half-Life; Humans; Observational Studies as Topic; Risk Assessment"
39584959,Impact of Legacy Perfluorooctane Sulfonate (PFOS) and Perfluorooctanoate (PFOA) on GABA Receptor-Mediated Currents in Neuron-Like Neuroblastoma Cells: Insights into Neurotoxic Mechanisms and Health Implications.,"Perfluorooctane sulfonate (PFOS) and perfluorooctanoic acid (PFOA) are persistent environmental pollutants, raising concerns due to their widespread presence and disruptive biological effects. These compounds are highly stable, allowing them to bioaccumulate in the environment and living organisms, potentially impacting critical physiological functions such as hormonal balance, immune response, and increasing cancer risk. Despite regulatory restrictions, their pervasive nature necessitates further research into their potential effects on cellular and neuronal function. This study first evaluated the cytotoxic effects of PFOS and PFOA on S1 neuroblastoma cells; a dose-dependent reduction in cell viability was revealed for PFOS, while PFOA exhibited minimal toxicity until millimolar concentrations. We further investigated their potential to modulate GABAergic neurotransmission using patch-clamp electrophysiology. Both PFOS and PFOA caused a significant but reversible reduction in GABA receptor-mediated currents following one-minute pre-treatment. These findings suggest that PFOS and PFOA can interfere with both cellular viability and GABAergic signaling, providing critical insights into their functional impacts and highlighting the need for further investigation into the long-term consequences of PFAS exposure on nervous system health.",Lagostena Laura; Rotondo Davide; Gualandris Davide; Calisi Antonio; Lorusso Candida,Journal of xenobiotics,J Xenobiot,2024,10.3390/jox14040094,GABAergic signaling; PFAS; electrophysiology; neurotoxicity; persistence; toxicology,
39732059,Association between exposure to perfluoroalkyl and polyfluoroalkyl substances with estimated glomerular filtration rate: Mediating role of serum albumin.,"Previous studies have demonstrated perfluoroalkyl and polyfluoroalkyl substances (PFAS) impact renal function, with albumin playing dominant role in their transport and accumulation. However, the mediating role of albumin in PFAS-induced renal impairment and the identification of sensitive populations remain uninvestigated. This study included 9328 individuals from NHANES 1999-2018 with data on serum PFAS, creatinine, albumin, and covariates. The estimated glomerular filtration rate (eGFR) was calculated using standardized creatinine. Associations between perfluorooctanoic acid (PFOA), perfluorooctane sulfonic acid (PFOS), perfluorohexane sulfonate (PFHxS), and perfluorononanoic acid (PFNA) with eGFR and the risk of decreased renal function (eGFR < 90 vs. eGFR ≥ 90) using linear and logistic regression, weighted quantile sum (WQS) regression, Bayesian kernel machine regression (BKMR), and restricted cubic spline (RCS) analyses. Subgroup analyses identified sensitive populations. Mediation analysis was performed to examine the mediating role of albumin. Comparative toxicology databases identified relevant genes for mechanistic exploration. Ln-transformed PFOA (β = -1.91, 95 % CI: -2.82 to -1), PFOS (β = -1.48, 95 % CI: -2.19 to -0.78) and PFHxS (β = -0.94, 95 % CI: -1.65 to -0.23) were negatively correlated with eGFR. PFOA (aOR = 1.21, 95 % CI: 1.1-1.32), PFOS (aOR = 1.2, 95 % CI: 1.12-1.29), and PFHxS (aOR = 1.13, 95 % CI: 1.05-1.21) were positively correlated with the risk of decreased renal function. Subgroup analyses indicated that individuals ≤ 45 years, females and other races were more sensitive. Albumin mediated 18.2 %, 16.4 %, 29.8 %, and 18.7 % of the negative effects of PFOA, PFOS, PFHxS, and PFNA on eGFR, respectively. Functional enrichment analysis suggested PFAS impair renal function by affecting lipid metabolism and increasing oxidative stress. PFAS exposure is negatively associated with eGFR and positively associated with the risk of decreased renal function, with albumin playing a partial mediating role.",Fang Hua; Chang Huajing; Chen Danjing; Qiu Wenxin; Fang Jiangwang,Ecotoxicology and environmental safety,Ecotoxicol Environ Saf,2025,10.1016/j.ecoenv.2024.117599,Albumin; Glomerular filtration rate; Mixed effect; Perfluoroalkyl and polyfluoroalkyl substances (PFAS),Fluorocarbons; Humans; Glomerular Filtration Rate; Female; Male; Environmental Pollutants; Middle Aged; Adult; Serum Albumin; Environmental Exposure; Alkanesulfonic Acids; Caprylates; Nutrition Surveys; Aged; Sulfonic Acids
40503787,Mechanistic insights into PFOS-induced inflammatory bowel disease: a network toxicology and molecular docking study.,"Perfluorooctanesulfonic acid (PFOS), a persistent environmental pollutant, is implicated in immune dysregulation. Rising inflammatory bowel disease (IBD) incidence parallels environmental contamination, yet PFOS's role in gut inflammation remains unclear. Its immunotoxicity may disrupt intestinal homeostasis via barrier dysfunction or cytokine imbalance, but molecular targets and pathways linking PFOS to IBD pathogenesis require elucidation to inform risk mitigation strategies. This study aims to elucidate the mechanism of action of PFOS in the development and progression of IBD. Additionally, relevant PFOS targets and IBD-associated genes were screened using databases such as results indicate that PFOS is significantly associated with key pathways involved in IBD, and it can specifically bind to crucial IBD proteins like albumin, epidermal growth factor, fos proto-oncogene, and interleukin-10. The study suggests that PFOS may contribute to the pathogenesis of IBD by interfering with key proteins and signaling pathways, highlighting its potential health risks, and providing a theoretical basis for subsequent clinical research and prevention strategies. In conclusion, this study has untangled the potential mechanistic link between PFOS exposure and inflammatory bowel disease, offering a novel perspective for environmental health science and public health policies and profound implications.",Wang Fan; Cheng Baolong; Wu Wei; Chen Yu; Dai Jiaxin,"International journal of surgery (London, England)",Int J Surg,2025,10.1097/JS9.0000000000002638,inflammatory bowel disease; inflammatory infiltration; perfluorooctane sulfonate,Alkanesulfonic Acids; Inflammatory Bowel Diseases; Fluorocarbons; Humans; Molecular Docking Simulation; Proto-Oncogene Mas; Environmental Pollutants; Signal Transduction; Environmental Exposure
40845637,Elucidating the associations and molecular mechanisms of perfluoroalkyl substances exposure with type 2 diabetes and its complications: A multifaceted approach.,"Environmental pollutants, such as perfluoroalkyl substances (PFASs), have been implicated in various human diseases. Despite growing evidence from observational studies linking PFASs to type 2 diabetes (T2D), results have been inconsistent. This study aims to investigate the relationships between PFASs exposure and the onset of T2D and its complications, and to elucidate the underlying molecular mechanisms. Mendelian randomization (MR) analysis was conducted to evaluate the relationships between PFASs exposure and the onset of T2D and its complications. PFASs data were sourced from the GWAS Catalog, while T2D and its complications data were retrieved from the FinnGen database. Network toxicology was utilized to investigate the potential molecular mechanisms underlying the significant associations between compounds and diseases. Molecular docking and molecular dynamics simulations were employed to verify the binding stability between the compounds and their core target genes. PFOS exhibited a statistically significant positive association with the risk of diabetic retinopathy (DR) (P < 0.05, OR > 1). 200 intersection targets were obtained, among which EGFR, ESR1, and MMP9 were identified as core targets. Molecular docking and molecular dynamics simulations indicated that PFOS had strong binding affinity with these core targets. Additionally, PFOS might influence DR by mainly modulating the FoxO signaling pathway. PFOS is significantly associated with DR. EGFR, ESR1, and MMP9 have been identified as core targets associated with DR. These findings may elucidate the mechanisms by which environmental pollutants contribute to the development of DR.",Liu Xinghai; Wang Xin; Wang Li,Ecotoxicology and environmental safety,Ecotoxicol Environ Saf,2025,10.1016/j.ecoenv.2025.118914,Diabetic complication; Mendelian Randomization; Molecular dynamics simulations; Network toxicology; Perfluoroalkyl substances; Type 2 diabetes,"Diabetes Mellitus, Type 2; Fluorocarbons; Humans; Environmental Pollutants; Molecular Docking Simulation; Mendelian Randomization Analysis; Molecular Dynamics Simulation; Environmental Exposure; Diabetic Retinopathy"
41265816,Per- and polyfluoroalkyl substances trigger autoimmune diseases through inflammatory cytokines-IL-17/Th17 signaling axis.,"This study systematically investigates the mechanisms by which per- and polyfluoroalkyl substances (PFAS) promote immune dysregulation and trigger autoimmune diseases (ADs). Using an integrated network toxicology and bioinformatics approach, we identified core molecular interactions between PFAS and five ADs-rheumatoid arthritis (RA), systemic lupus erythematosus (SLE), Sjögren's syndrome (SS), ankylosing spondylitis (AS), and vasculitis. By combining data from STITCH, SwissTargetPrediction, Comparative Toxicogenomics Database, GeneCards, and OMIM, we identified shared targets linked to both PFAS exposure and AD pathogenesis. Functional enrichment analysis was performed using DAVID, and protein-protein interaction networks were constructed with STRING and visualized in Cytoscape to highlight core targets. Gene expression data from the GEO database revealed the upregulation or downregulation of these targets across these ADs. Molecular docking performed with CB-Dock2 confirmed robust binding between six PFAS and core targets, notably IL1B, TNF, IL6 and ALB. Importantly, we identified a common pathological mechanism involving PFAS-mediated disruption of the inflammatory cytokine axis (IL1B, TNF, IL6) and IL-17/Th17 signaling pathway, which triggers ADs. Furthermore, compared to PFOS, its alternative 6:2 Cl-PFESA showed higher binding affinity to core targets, suggesting greater environmental and health risks that warrant re-evaluation. In conclusion, our research has provided novel and important insights into environmental health and ADs by clarifying core targets and potential mechanisms, and has expanded the evidence into the molecular mechanism of PFAS-induced immunotoxicity and linking PFAS exposure to ADs.",Cheng Qi; Xie Yifan; Hou Yingying; Du Yan; Wu Huaxiang,Chemico-biological interactions,Chem Biol Interact,2026,10.1016/j.cbi.2025.111837,Autoimmune disease; IL-17/Th17 axis; Inflammatory cytokine; Molecular docking; Network toxicology; Per- and polyfluoroalkyl substances,Humans; Signal Transduction; Autoimmune Diseases; Interleukin-17; Fluorocarbons; Molecular Docking Simulation; Cytokines; Th17 Cells; Protein Interaction Maps
40915206,Network toxicology and molecular docking to investigate the association of perfluorooctane sulfonate and pulmonary arterial hypertension via adverse outcome pathways.,"Pulmonary arterial hypertension (PAH) is a rare but serious disease that poses a significant threat to patients' quality of life and life expectancy. Perfluorooctane sulfonate (PFOS) is a widely used chemical that, due to its toxicity, persistence, and bioaccumulation properties, may increase the risk of developing PAH with prolonged exposure. This study investigated the molecular mechanisms linking PFOS exposure to PAH by integrating network toxicology and molecular docking methods. Data from multiple authoritative databases (CTD, GeneCards, OMIM, TCMIP, and DAVID) were collected, finally identified 18 target genes and 49 target phenotypes central to PFOS-induced PAH. A PFOS-gene-phenotype-PAH network was constructed, revealing significant upstream and downstream relationships. The analysis highlighted TNF-α and IL6 as pivotal molecular initiators, triggering inflammatory cascades that lead to PAH through established qualitative and quantitative adverse outcome pathways (AOPs). The molecular simulations confirmed that PFOS exposure significantly elevates TNF-α and IL6 levels, initiating a series of inflammatory events that culminate in PAH. These findings not only advance the understanding of PFOS as an environmental trigger for PAH but also offer a computational framework for future risk assessments. By integrating diverse datasets and constructing AOPs, this study provides valuable insights into the environmental factors influencing PAH, offering critical implications for policy-making and regulatory strategies to mitigate PFOS-related health risks.",Xu Yi; Yan Xiaodi; Feng Tianpu; Liu Yun; Li Xiaoming,Ecotoxicology and environmental safety,Ecotoxicol Environ Saf,2025,10.1016/j.ecoenv.2025.119007,Adverse outcome pathway; Molecular docking; Network toxicology; Perfluorooctane sulfonate; Pulmonary arterial hypertension,Fluorocarbons; Alkanesulfonic Acids; Molecular Docking Simulation; Humans; Environmental Pollutants; Adverse Outcome Pathways; Tumor Necrosis Factor-alpha; Pulmonary Arterial Hypertension
40995116,Analysis of the effects of perfluorooctane sulfonate on COPD using network toxicology and molecular docking.,"This study elucidates the pathogenic mechanisms of perfluorooctane sulfonate (PFOS) in chronic obstructive pulmonary disease (COPD) through network toxicology and molecular docking. By integrating multiple databases, we identified 158 PFOS-related targets in COPD, with five key proteins (epidermal growth factor receptor [EGFR], ESR1, GRB2, HSP90AA1, and SRC) showing central roles in protein interaction networks. Functional enrichment analysis revealed their involvement in key pathophysiological processes, including airway inflammatory responses, oxidative stress, and immune regulation, primarily through modulation of cell survival and proliferation pathways and immune and hormonal regulation pathways. Gene set enrichment analysis (GSEA) further validated these findings by confirming the significant enrichment of five key KEGG pathways identified in our analysis. Molecular docking studies confirmed high-affinity binding between PFOS and these core targets, indicating PFOS may dysregulate inflammatory responses, oxidative balance, and cellular proliferation in COPD pathogenesis. These findings provide critical molecular insights into environmental pollutant-aggravated respiratory disorders and highlight potential intervention targets for COPD management.",Peng Chenwen; Wei Jingyan; Chen Wuxia; Liang Fengao; Huang Zhenyan,iScience,iScience,2025,10.1016/j.isci.2025.113372,Applied computing; Chemistry; Environmental science,
40705188,Integrated network toxicology and bioinformatics reveal PFAS-driven prognostic biomarkers and molecular mechanisms in breast cancer: insights from transcriptome analysis and molecular docking.,"Per- and polyfluoroalkyl substances (PFAS), pervasive environmental contaminants, are increasingly linked to breast cancer, yet their molecular mechanisms remain unclear. This study integrates network toxicology and bioinformatics to elucidate PFAS-associated pathways and prognostic biomarkers in breast cancer. Using the TCGA-BRCA dataset, we identified differentially expressed genes (DEGs) between normal and breast cancer tissues. We cross-referenced these genes with PFAS-related genes from the Comparative Toxicogenomics Database (CTD) to identify common targets. Enrichment analysis, network construction, and survival analysis were performed to elucidate the biological mechanisms and prognostic value. The CIBERSORT algorithm assessed immune cell infiltration, and molecular docking evaluated interactions between PFAS compounds and key genes. We identified 141 common DEGs, significantly enriched in pathways related to cytokine activity, growth factor activity, and chemokine receptor binding. A PFAS-toxicity target-breast cancer network illustrated potential mechanistic pathways. Six key prognostic genes (MRPL13, LEF1, ATP7B, IFNG, SFRP1, DNMT3B) were identified, forming a risk model that stratified patients with significant differences in survival. Higher risk scores were associated with advanced stages, specific histological types, and hormone receptor statuses. Immune cell infiltration analysis revealed distinct profiles between high and low-risk groups, with high-risk patients exhibiting elevated activated T cells and macrophages. Molecular docking showed strong interactions between PFAS compounds (PFOS and PFDE) and DNMT3B, suggesting potential gene function disruptions. PFAS exposure is linked to altered gene expression, immune cell infiltration, and potential disruptions in key genes, contributing to breast cancer development and progression. These findings provide insights into potential therapeutic targets and underline the importance of addressing environmental factors in breast cancer management.",Fu Yingqiang; Liu Yiyang; Sui Ziqi,Discover oncology,Discov Oncol,2025,10.1007/s12672-025-03084-z,Bioinformatics; Breast cancer; Molecular docking; Network toxicology; Per- and polyfluoroalkyl substances; Tumor microenvironment,
40050647,Integrated computational analysis of molecular mechanisms underlying perfluorooctane sulfonic acid induced thyroid toxicity.,"Perfluorooctane sulfonic acid (PFOS), a persistent organic pollutant, significantly disrupts thyroid function. This study presented an integrated computational approach, combining network toxicology, molecular docking, and molecular dynamics simulations to systematically elucidate the molecular mechanisms underlying PFOS induced thyroid toxicity. Through integrated analysis of the Comparative Toxicogenomics Database (CTD), GeneCards, and Online Mendelian Inheritance in Man (OMIM) databases, we identified 205 potential thyroid toxicity-related targets. Protein-protein interaction network analysis revealed 34 hub targets, with TP53, JUN, ESR1, AKT1, and CTNNB1 emerging as central nodes in the toxicity network. Functional enrichment analysis demonstrated significant enrichment in the PPAR signaling pathway, fatty acid metabolism, AGE-RAGE pathway, and AMPK pathway, indicating that PFOS influences thyroid function through multiple signaling pathways. Molecular docking studies showed that PFOS forms stable complexes with core target proteins, with binding energies ranging from - 4.9 to -9.7 kcal/mol. Molecular dynamics simulations further validated the structural stability of these complexes, with PFOS-AKT1 and PFOS-TP53 exhibiting the highest conformational stability. This study revealed the multi-target and multi-pathway characteristics of PFOS-induced thyroid toxicity, providing novel insights into its toxicological mechanisms.",Li Haoran; Yu Bo; Yuan Ye; Chen Nannan; Guo Huicai,Scientific reports,Sci Rep,2025,10.1038/s41598-025-92678-2,Molecular Docking; Molecular dynamics simulation; Network toxicology; Perfluorooctane sulfonic acid; Thyroid toxicity,Alkanesulfonic Acids; Fluorocarbons; Molecular Docking Simulation; Molecular Dynamics Simulation; Humans; Thyroid Gland; Protein Interaction Maps; Signal Transduction; Proto-Oncogene Proteins c-akt; Computational Biology
41134653,"Exploring the Association Between Per- and Polyfluoroalkyl Substances Exposure and the Risk of Stroke: A Systematic Investigation Using NHANES Data Analysis, Network Toxicology and Molecular Docking Approaches.","Epidemiologic evidence regarding the association between per- and polyfluoroalkyl substances (PFAS) exposure and stroke risk remains limited and inconclusive. Consequently, the current study sought to further examine this association and clarify the underlying molecular mechanisms. This cohort study analyzed data from 8081 participants of the 2003-2012 National Health and Nutrition Examination Survey (NHANES), employing multistage weighted logistic regression, weighted quantile sum (WQS) modeling, and partial least squares discriminant analysis (PLS-DA) to systematically evaluate the association between per- and polyfluoroalkyl substances (PFAS) exposure and stroke. Restricted cubic spline analysis was subsequently used to examine the nonlinear dose-response relationships. To investigate the underlying mechanisms, we integrated data from six databases (e.g., ChEMBL and GeneCards) to identify common molecular targets of PFAS and stroke. A protein-protein interaction (PPI) network was then constructed to identify core genes, while the binding interactions between PFAS and key targets were evaluated through molecular docking and dynamics simulations. Finally, functional enrichment analysis was performed on these core genes using the Gene Ontology (GO) and Kyoto Encyclopedia of Genes and Genomes (KEGG) databases. After adjusting for potential confounders, six individual PFAS compounds, including perfluorooctane sulfonic acid (PFOS) (Odds Ratio [OR] = 1.59, 95% CI: 1.09-2.31), exhibited a significant positive association with the risk of stroke. The WQS model revealed a significant positive association for the PFAS mixture (OR = 1.027, 95% CI: 1.017-1.036), with PFOS contributing the highest weight (0.379). These findings were corroborated by the PLS-DA model, and the association remained significant in all subgroup analyses. The network toxicology analysis identified 183 common targets between PFOS and stroke, while the subsequent PPI network analysis identified six core genes, including AKT1 and HSP90AA1. GO and KEGG enrichment analyses demonstrated that these targets were markedly enriched in pathways associated with lipid and atherosclerosis metabolism, in addition to the PI3K-Akt and MAPK signaling pathways. Furthermore, molecular docking and molecular dynamics simulations supported potential interactions between PFOS and core targets such as AKT1. This suggests that PFOS may contribute to stroke pathogenesis by disrupting pathways involved in inflammatory regulation and apoptosis. This study identified a positive association between PFOS exposure and stroke risk, suggesting that the PI3K/AKT signaling pathway, along with its key effector molecule AKT1, may play a crucial role in mediating PFOS-induced stroke, thereby offering a theoretical foundation for the prevention and management of PFOS-associated stroke.",Jiang Yanjie; Li Ling; Zhang Shipeng; Lu Man; He Xingyi,Brain and behavior,Brain Behav,2025,10.1002/brb3.71014,NHANES; molecular docking; network toxicity; per‐ and polyfluoroalkyl substances; stroke,Humans; Molecular Docking Simulation; Fluorocarbons; Stroke; Nutrition Surveys; Male; Female; Middle Aged; Environmental Exposure; Protein Interaction Maps; Adult; Cohort Studies; Aged; Risk Factors
37850740,Establishing Chronic Toxicity Effect Levels for Zebrafish (Danio rerio) Exposed to Perfluorooctane Sulfonate.,"Zebrafish (Danio rerio) are among the aquatic species most sensitive to perfluorooctane sulfonate (PFOS). Environmental regulatory agencies and researchers use effect benchmarks from laboratory zebrafish PFOS toxicity studies in PFOS-spiked water to calculate PFOS aquatic life criteria. Threshold values as low as 0.7 µg/L (identified in an early, limited scope study) have been used in criteria derivation and site-specific aquatic ecological risk assessments. The present study reviews PFOS effects benchmarks for lethality, growth, and reproduction endpoints from more than 20 zebrafish toxicity studies, including a recent multigenerational study conducted by the United States Army Corps of Engineers Engineer Research & Development Center. Our review of 12 key studies examining long-term, chronic exposures (including multigenerational exposures of 300 days or more) indicated that 0.7 µg/L should not be used as a conservative screening threshold given that effects could not be repeated at this concentration by the recent enhanced multigenerational study. Based on this finding and multiple chronic sublethal studies on PFOS in zebrafish, chronic effects on lethality, growth, and reproduction occur at concentrations two orders of magnitude higher than 0.7 µg/L. Overall, the present review indicates a no-effect screening level of 31 µg/L and a low-effect screening level of 96 µg/L should be used to develop PFOS aquatic life criteria and to inform site-specific ecological risk assessments that are charged with evaluating risks to freshwater fish. Environ Toxicol Chem 2024;43:7-18. © 2023 The Authors. Environmental Toxicology and Chemistry published by Wiley Periodicals LLC on behalf of SETAC.",Pandelides Zacharias; Arblaster Jennifer; Conder Jason,Environmental toxicology and chemistry,Environ Toxicol Chem,2024,10.1002/etc.5768,(PFOS); Aquatic toxicology; Chronic toxicity; Perfluoroalkyl substance (PFAS); Perfluorooctane sulfonate; Risk assessment; Zebrafish,"Animals; Zebrafish; Alkanesulfonic Acids; Reproduction; Fluorocarbons; Perciformes; Water Pollutants, Chemical"
40570396,Mitochondrial and inflammatory dysfunctions underlie perfluorooctane sulfonic acid (PFOS)-induced neurotoxicity in adult zebrafish.,"Perfluorooctane sulfonic acid (PFOS) is a persistent environmental contaminant widely detected in aquatic ecosystems and associated with neurotoxicity. However, the mechanisms underlying its neurological effects remain unclear. This study investigated acute and chronic neurotoxic effects of PFOS in adult zebrafish (Danio rerio), focusing on behavioral alterations, mitochondrial dysfunction, neuroinflammation, and histological abnormalities in different brain regions. Adult zebrafish were exposed to PFOS at 0.1, 1, and 10 μM for 30 min (acute) and 14 days (chronic). Behavioral assays evaluated exploration, social preference, and aggression. High-resolution respirometry assessed brain mitochondrial functionality, while gene expression and histological analyses examined markers of neuroinflammation, neural plasticity, and cell death after chronic exposure. Acute exposure showed no significant behavioral changes but trends of reduced exploration and aggression. Chronic exposure at 10 μM significantly reduced aggression. Mitochondrial respirometry revealed contrasting effects between acute and chronic exposures: acute PFOS resulted in increased oxidative phosphorylation capacity and bioenergetic efficiency, while chronic exposure impaired oxidative phosphorylation, bioenergetic efficiency, and electron transport chain activity. Gene expression supported dysregulation in mitochondrial dynamics, with mffa and mfn1a downregulated. Additionally, inflammation-related genes (il6, il10) and apoptosis/neural activation-related genes (casp3a, cyc1, fosaa, egr1) were altered. Histopathological evaluation showed neuronal vacuolation, architectural disorganization, cell damage, and increased inflammation in telencephalon, optic tectum, and cerebellum reinforcing neurotoxicity. Our findings indicate mitochondrial dysfunction and inflammatory dysregulation are key events underlying PFOS-induced neurotoxicity in adult zebrafish. Given the environmental persistence and bioaccumulative nature of PFOS, further research is needed to assess long-term neurotoxic risks and develop mitigation strategies.",de Macedo Gabriel Teixeira; Claro Mariana Torri; Ferreira Sabrina Antunes; Loreto Julia Sepel; Ajayi Babajide Oluwaseun,The Science of the total environment,Sci Total Environ,2025,10.1016/j.scitotenv.2025.179972,Brain; Environmental toxicology; Immune dysregulation; Mitochondrial dynamics; PFOS; Zebrafish,"Animals; Fluorocarbons; Zebrafish; Alkanesulfonic Acids; Water Pollutants, Chemical; Mitochondria; Neurotoxicity Syndromes; Brain; Inflammation; Behavior, Animal"
41436509,Identifying toxicological effects of perfluoroalkyl and polyfluoroalkyl substances exposure on osteoarthritis.,"Perfluoroalkyl and polyfluoroalkyl substances (PFAS) pose a significant challenge due to their persistence, bioaccumulation, and multi-system toxicity. Their impact on degenerative diseases, particularly osteoarthritis (OA), remains understudied, necessitating comprehensive toxicity assessment. Multiple databases identified targets between PFAS and OA. Gene Ontology (GO) and Kyoto Encyclopedia of Genes and Genomes (KEGG) pathway enrichment analyses were performed to elucidate the underlying mechanisms. Machine learning further screened targets, and molecular docking confirmed strong binding affinities between PFAS and core targets. 31 targets between PFAS and OA were identified through the multiple databases, with GO analysis revealing enrichment in inflammatory response, nuclear receptor activity, and oxidative stress. KEGG pathway enrichment analyses implicated PI3K-Akt, interleukin-17 (IL-17), and peroxisome proliferator-activated receptor (PPAR) signaling in cartilage homeostasis disruption. Machine learning further identified nine hub genes, and molecular docking confirmed strong binding affinities between PFAS and these core targets. RT-qPCR analyses indicated that PFAS may exacerbate OA via the following mechanisms: impairing ABCB1-mediated detoxification, antagonizing ESR1-mediated cartilage protection, down-regulating FGFR2 to suppress chondrocyte survival, and inhibiting DNMT1-mediated methylation to disrupt chondrocyte phenotypic stability. This study provides new insights into the potential impact of PFAS on OA and highlights the need for further investigation.",Hou Zhenxing; Gao Yanzheng,Scientific reports,Sci Rep,2025,10.1038/s41598-025-28013-6,Machine learning; Molecular docking; Network toxicology; Osteoarthritis; PFAS; PFOS,Osteoarthritis; Humans; Molecular Docking Simulation; Fluorocarbons; Signal Transduction; Gene Ontology; Environmental Pollutants
38146916,Assessing Contamination Profiles in Livers from Road-Killed Owls.,"Raptors are recognized as valuable sentinel species for monitoring environmental contaminants owing to their foraging behavior across terrestrial and aquatic food webs and their high trophic position. The present study monitored environmental contaminants in livers from road-killed owls to evaluate differences in the exposure patterns due to factors such as species, age, and sex of individuals. Carcasses of road-killed individuals of eagle owl (Bubo bubo), long-eared owl (Asio otus), little owl (Athene noctua), tawny owl (Strix aluco), and barn owl (Tyto alba) were collected in Alentejo (Portugal). Eighty-one organic contaminants were analyzed, including organochlorine pesticides (OCPs), per- and polyfluoroalkyl substances (PFAS), polychlorinated biphenyls (PCBs), polycyclic aromatic hydrocarbons (PAHs), pharmaceuticals, in-use pesticides, and organophosphate esters (OPEs). Overall, 21 contaminants were detected. In all species ∑OCPs were prevalent at concentrations from 3.24 to 4480 ng/g wet weight, followed by perfluorooctane sulfonic acid (PFOS), the only PFASs detected (from 2.88 to 848 ng/g wet wt) and ∑PCBs (1.98-2010 ng/g wet wt); ∑PAHs were ubiquitous but detected at the lowest concentrations (7.35-123 ng/g wet wt). Differences among species were observed according to principal component analysis. Eagle owl and long-eared owl presented the highest levels of ∑OCPs, ∑PCBs, and PFOS, consistent with its higher trophic position, while ∑PAHs prevailed in tawny owl, barn owl, and little owl, related to their frequent use of urban areas for nesting and roadsides for hunting. Adults presented higher concentrations of ∑OCPs and ∑PCBs than juveniles, while no differences were observed for PFOS and ∑PAHs. Pharmaceuticals, in-use pesticides, and OPEs were not detected. Overall, the present study shows specific contamination patterns in five species with similar diet but with differences in habitat preferences. Environ Toxicol Chem 2024;43:821-832. © 2023 The Authors. Environmental Toxicology and Chemistry published by Wiley Periodicals LLC on behalf of SETAC.",Dulsat-Masvidal Maria; Lourenço Rui; Mateo Rafael; Lacorte Silvia,Environmental toxicology and chemistry,Environ Toxicol Chem,2024,10.1002/etc.5816,Biomonitoring; Birds; Contaminants; Organic contaminants; Wildlife toxicology,"Humans; Animals; Adult; Strigiformes; Polychlorinated Biphenyls; Pesticides; Hydrocarbons, Chlorinated; Liver; Pharmaceutical Preparations; Environmental Monitoring; Fluorocarbons; Alkanesulfonic Acids"
40737503,A systems toxicology approach implicates post-transcriptional regulatory networks in reproductive defects from PFAS exposure.,"Per- and polyfluoroalkyl substances (PFAS) are highly persistent in the environment and widespread in consumer products, environmental media, and biological samples. However, limited toxicology data exist for many of the over 15,000 chemicals belonging to the PFAS family. Data are particularly lacking for exposures during germ cell development, which can have consequences for later-life fecundity. Here, we leverage the tractability of the model organism Caenorhabditis elegans to compare a ""legacy"" PFAS, i.e. perfluorooctane sulfonic acid (PFOS), with a chlorinated ether analog, 6:2 chlorinated polyfluoroalkyl ether sulfonic acid (6:2 Cl-PFESA). We consistently observed negative effects of both PFOS and 6:2 Cl-PFESA on germ cell numbers along with increases in germline apoptosis and defective meiotic progression. These cellular observations corresponded with increases in embryonic lethality in offspring from developmentally exposed adults. Messenger RNA and small RNA sequencing revealed a clear signature of perturbation of the non-coding RNA-mediated germline regulatory network consistent with observed ex vivo disruption of P granules, liquid-like assemblages of RNA, and protein. Remarkably, we identified a strong gene-environment interaction between PFOS and 6:2 Cl-PFESA with another liquid-like structure, the synaptonemal complex (SC); syp3(OK758) hypomorphic mutants exhibited near-complete embryonic lethality with PFAS exposure. Thus, while performed at relatively high concentrations to ensure robust effect detection, our mechanistic findings provide a foundation for understanding the reproductive toxicity of PFAS across exposure scenarios. Altogether, our data show that the impacts of PFAS on germ cell development and function are associated with perturbation of liquid-like condensates, suggesting that PFAS physicochemical properties may contribute to their pleiotropic effects on biological systems.",Bline Abigail P; Jiang Hui; Levenson Max; Allard Patrick,Toxicological sciences : an official journal of the Society of Toxicology,Toxicol Sci,2025,10.1093/toxsci/kfaf111,PFAS; biological condensates; germ cells; reproduction; toxicogenomics,Animals; Fluorocarbons; Caenorhabditis elegans; Alkanesulfonic Acids; Reproduction; Germ Cells; Gene Regulatory Networks; Environmental Pollutants; Apoptosis
39894319,Evaluation of the causal effects of perfluorooctanesulfonate on COVID-19 and its associated mechanisms: Integrated Mendelian randomization and network toxicology analyses.,"Observational reports have suggested that exposure to perfluorooctanesulfonate (PFOS) can influence COVID-19 infection-related parameters. This study thus sought to use integrated Mendelian randomization (MR) and network toxicology approaches to clarify the potential causal link between PFOS exposure and COVID-19 severity and the molecular mechanisms underlying this relationship. Inverse-variance-weighted analyses highlighted a causal link between plasma PFOS concentrations and a greater risk of sCOVID-19 (OR 1.293, 95 % CI 1.077-1.552, p = 0.006), but not of SARS-CoV-2 infection (p = 0.257) or COVID-19 hospitalization (p = 0.516). No causal link between PFOS concentration and sCOVID-19 was found by reverse MR. In total, 65 targets were tentatively linked to the relationship between PFOS exposure and sCOVID-19. GO and KEGG analyses highlighted involvement in pathways associated with kinase activity, inflammatory responses, and epithelial and endothelial cell migration. In molecular docking analyses, PFOS was confirmed to readily bind to all five analyzed core targets (IL10, ALB, NOTCH1, PPARG, and NFE2L2). These results suggest that PFOS exposure is causally linked to sCOVID-19 risk, while also offering promising insights into the mechanisms that may underlie this association and candidate targets for treatments aimed at limiting the negative effects of PFOS on COVID-19 severity.",Tao Wenting; Chen Liang,Toxicology letters,Toxicol Lett,2025,10.1016/j.toxlet.2025.01.008,Mendelian randomization; Network toxicology; Perfluorooctanesulfonate; Severe COVID-19,Alkanesulfonic Acids; Humans; Fluorocarbons; COVID-19; Mendelian Randomization Analysis; Molecular Docking Simulation; SARS-CoV-2; Environmental Pollutants
37741269,Serum albumin mitigated perfluorooctane sulfonate-induced cytotoxicity by affecting the cellular responses.,"During the wide applications of perfluorinated materials such as perfluorooctane sulfonate (PFOS) in commercial and industrial products, the potential toxicity of these engineered compounds has attracted more and more attention. As a typical environmental pollutant, PFOS could preferentially bind to albumin protein in vivo. However, the role of protein-PFOS interactions in the cytotoxicity of PFOS was not stressed enough. Herein, we investigated the interactions of PFOS with human serum albumin (HSA, the most abundant protein in human plasma) using both experimental and theoretical approaches. It was demonstrated that PFOS could mainly bind to the Sudlow site I of HSA to generate HSA-PFOS complex through hydrogen bonds and van der Waals forces. Toxicity assays with endothelial cells illustrated that the binding of HSA could significantly attenuate the intracellular uptake and subcellular distribution of PFOS, thereby inhibiting the formation of reactive oxygen species and toxicity for those HSA-bound PFOS. Similarly, the presence of fetal bovine serum in the cell culture media greatly reduced PFOS-caused cytotoxicity. Conclusively, our study reveals that the binding of albumin protein to PFOS could mitigate its toxicity by the modulation of cellular responses. The formation of protein-complexed contaminants would significantly reduce the bioavailability of these chemicals and subsequently mitigate their environmental toxicology to the human health.",Yang Ya-Di; Li Jia-Xin; Lu Naihao; Tian Rong,Biophysical chemistry,Biophys Chem,2023,10.1016/j.bpc.2023.107110,Cytotoxicity; Interaction; Perfluorooctane sulfonate; Serum albumin,"Alkanesulfonic Acids; Fluorocarbons; Humans; Serum Albumin, Human; Cell Survival; Reactive Oxygen Species; Animals; Human Umbilical Vein Endothelial Cells; Serum Albumin; Protein Binding"
41043219,Microbiota modulates compound-specific toxicity of environmental chemicals: A multi-omics analysis in zebrafish embryos.,"Interactions between gut microbiota and environmental chemicals critically influence toxicological outcomes, yet mechanistic insights remain limited. Here, we combine developmental toxicity with full-length 16S rRNA gene sequencing, transcriptomic, and metabolomic analyses in germ-free (GF) and conventionally colonized wild-type (WT) zebrafish embryos to elucidate the microbiota's role in modulating chemical toxicity. Using representative compounds from major classes of environmental contaminants, we show that microbial presence significantly alters toxicity profiles in a compound-specific manner. The perfluorinated contaminant PFOS (perfluorooctanesulfonic acid) induced the strongest microbiota-dependent effects, with a greater number of differentially expressed genes in WT embryos and pronounced changes in immune and stress-related pathways. The pesticide boscalid and bisphenol F elicited distinct microbiota-modulated transcriptional and metabolic responses. Gene network analysis identified baseline microbial regulation of immune and metabolic programs, while metabolomics showed PFOS-dependent changes in L-tryptophan and its microbe-associated metabolites, including inosine, indoxyl sulfate and indole acetaldehyde, exclusively in WT embryos. These findings establish a mechanistically grounded framework for microbiota-chemical interactions and highlight the importance of integrating microbiome context into environmental health assessments.",Gugescu Lydia; Yang Ying; Kool Judy Fabienne; Fyhrquist Nanna; Wincent Emma,Environment international,Environ Int,2025,10.1016/j.envint.2025.109828,Environmental toxicology; Germ-free model; Microbiome-chemical interactions; Multi-omics integration; Zebrafish embryos,"Animals; Zebrafish; Gastrointestinal Microbiome; Embryo, Nonmammalian; Environmental Pollutants; Fluorocarbons; Transcriptome; Microbiota; Metabolomics; RNA, Ribosomal, 16S; Multiomics"
41463487,Multi-Organ Toxicity of Combined PFOS/PS Exposure and Its Application in Network Toxicology.,"Perfluorooctane sulfonate (PFOS) has been widely utilized in products such as cotton textiles, hydraulic oils, coatings, pharmaceuticals, cosmetics, etc. Now it is widely distributed in various environmental media, wildlife, and human bodies. Polystyrene (PS) as a kind of plastics, their products under the physical, chemical, and biological decomposition in the environment are widely distributed in the air, soil, oceans, surface water, and sediments. However, PS and PFOS often coexist in the environment, making the study of their combined exposure mechanisms more aligned with actual conditions. This research integrates network toxicology and molecular biology techniques to predict the toxicity and common differentially expressed gene enrichment pathways of PFOS and PS. This study investigates the toxic effects of combined exposure to PFOS and PS on the mouse growth and development, immune functions, and other aspects. Additionally, it delves into the expression differences in various genes in mice after stimulation by PFOS and PS, the pathological changes in multiple organs, and the toxic effects on organs such as the liver, kidneys, and intestines. The results reveal that combined exposure to PFOS and PS does not significantly damage the kidney but leads to morphological damage in the liver and intestinal tissues, reduced antioxidant capacity, and the occurrence of inflammation. Based on the network toxicology findings, it is hypothesized that during combined exposure to PFOS and PS, the exacerbation of inflammatory responses further mediates the reduction in antioxidant capacity and the intensification of oxidative stress, ultimately resulting in tissue damage. This study provides innovative theoretical and research directions for the detection and prevention of combined exposure to PFOS and PS, offering a new paradigm for toxicological research, with significant theoretical and practical implications.",Liu Qi; Ma Xianghui; Liu Jiaming; Liu Yan,Biology,Biology (Basel),2025,10.3390/biology14121714,PFOS; PS; inflammation; molecular docking; network toxicology; oxidative stress,
37059384,Investigating fatty liver disease-associated adverse outcome pathways of perfluorooctane sulfonate using a systems toxicology approach.,"Adverse outcome pathway (AOP) frameworks help elucidate toxic mechanisms and support chemical regulation. AOPs link a molecular initiating event (MIE), key events (KEs), and an adverse outcome by key event relationships (KERs), which assess the biological plausibility, essentiality, and empirical evidence involved. Perfluorooctane sulfonate (PFOS), a hazardous poly-fluoroalkyl substance, demonstrates hepatotoxicity in rodents. PFOS may induce fatty liver disease (FLD) in humans; however, the underlying mechanism remains unclear. In this study, we evaluated the toxic mechanisms of PFOS-associated FLD by developing an AOP using publicly available data. We identified MIE and KEs by performing GO enrichment analysis on PFOS- and FLD-associated target genes collected from public databases. The MIEs and KEs were then prioritized by PFOS-gene-phenotype-FLD networks, AOP-helpFinder, and KEGG pathway analyses. Following a comprehensive literature review, an AOP was then developed. Finally, six KEs for the AOP of FLD were identified. This AOP indicated that toxicological processes initiated by SIRT1 inhibition led to SREBP-1c activation, de novo fatty acid synthesis, and fatty acid and triglyceride accumulation, culminating in liver steatosis. Our study provides insights into the toxic mechanism of PFOS-induced FLD and suggests approaches to assessing the risk of toxic chemicals.",Kim Moosoo; Kim Sang Heon; Choi Jun Yeong; Park Yong Joo,Food and chemical toxicology : an international journal published for the British Industrial Biological Research Association,Food Chem Toxicol,2023,10.1016/j.fct.2023.113781,Adverse outcome pathway; Fatty liver disease; Perfluorooctane sulfonate; SIRT1,"Humans; Adverse Outcome Pathways; Databases, Factual; Non-alcoholic Fatty Liver Disease; Phenotype; Risk Assessment; Fluorocarbons; Alkanesulfonic Acids"
38501493,"Per- and Polyfluoroalkyl Substances in Water (2008-2022) and Fish (2015-2022) in The Netherlands: Spatiotemporal Trends, Fingerprints, Mass Discharges, Sources, and Bioaccumulation Factors.","Per- and polyfluoroalkyl substances (PFAS) are persistent, bioaccumulative, and toxic synthetic chemicals of concern, which have been detected in nearly all environmental compartments. The present study provides a data analysis on PFAS concentrations in the Dutch inland and coastal national waters and fish sampled from 2008 to 2022 and 2015 to 2022, respectively. Although the fish database is relatively small, the water database is unique because of its temporal dimension. It appears that PFAS are omnipresent in Dutch water and fish, with relatively small spatial differences in absolute and relative concentrations (fingerprints) and few obvious temporal trends. Only perfluorooctanoic acid and perfluorooctanesulfonic acid (PFOS) aqueous concentrations in the rivers Rhine and Scheldt have substantially decreased since 2012. Still, PFOS concentrations exceed the European water quality standards at all and fish standards at many locations. Masses of PFAS entering the country and the North Sea are roughly 3.5 tonnes/year. Generally, the data suggest that most PFAS enter the Dutch aquatic environment predominantly through diffuse sources, yet several major point sources of specific PFAS were identified using fingerprints and monthly concentration profiles as identification tools. Finally, combining concentrations in fish and water, 265 bioaccumulation factors were derived, showing no statistically significant differences between freshwater and marine fish. Overall, the analysis provides new insights into PFAS bioaccumulation and spatiotemporal trends, mass discharges, and sources in The Netherlands. Environ Toxicol Chem 2024;43:965-975. © 2024 The Authors. Environmental Toxicology and Chemistry published by Wiley Periodicals LLC on behalf of SETAC.",Jonker Michiel T O,Environmental toxicology and chemistry,Environ Toxicol Chem,2024,10.1002/etc.5846,Bioaccumulation; Contaminants of emerging concern; Fate and transport; Perfluoroalkyl substance; Perfluorooctane sulfonate,"Netherlands; Water Pollutants, Chemical; Fluorocarbons; Fishes; Animals; Environmental Monitoring; Alkanesulfonic Acids; Bioaccumulation; Rivers; Caprylates"
40697017,"Commentary on ""Mechanistic insights into PFOS-induced inflammatory bowel disease: a network toxicology and molecular docking study"".",,Hu Xiaolin; Xiang Ze; Zhu Hua,"International journal of surgery (London, England)",Int J Surg,2025,10.1097/JS9.0000000000002947,,
40958282,Machine learning and SHAP-based identification of RNASE1 linking environmental endocrine-disrupting chemicals exposure to atherosclerosis.,"Environmental endocrine-disrupting chemicals (EDCs) are ubiquitous pollutants implicated in cardiometabolic disorders, yet their mechanistic contribution to atherosclerosis (AS) remains elusive. Seven prevalent EDCs - bisphenol A, dibutyl phthalate, di(2-ethylhexyl) phthalate, dioxins, polychlorinated biphenyls (PCBs), perfluorooctanoic acid and PFOS - were selected. Network toxicology integrated ChEMBL, STITCH and SwissTargetPrediction to compile human EDCs targets. Differentially expressed genes were derived from 3 Gene Expression Omnibus AS datasets after batch correction. Key genes were filtered by least absolute shrinkage and selection operator regression and support vector machine-recursive feature elimination (SVM-RFE) and intersected with EDCs targets. Diagnostic performance was evaluated by receiver operating characteristic analysis; functional relevance was assessed by KEGG-GSEA, and feature importance was quantified with SHapley Additive exPlanations (SHAP). A total of 1294 nonredundant EDCs target genes were enriched in lipid and AS and endocrine resistance pathways (FDR < 0.05). From 789 AS differentially expressed genes, least absolute shrinkage and selection operator and SVM-RFE converged on 11 robust candidates. Intersection with EDCs targets pinpointed NTRK3 and RNASE1. Receiver operating characteristic analysis yielded AUCs of 0.777 and 0.859, respectively, with a combined AUC of 0.871. GSEA indicated enrichment of cytokine/chemokine and NOD-like receptor signaling for both genes. SHAP scores highlighted RNASE1 as the dominant predictor (mean SHAP = 0.215), whereas NTRK3 contributed modestly (mean SHAP = 0.005). RNASE1 and NTRK3 were identified as key molecular links between endocrine-disrupting chemical exposure and AS. Among them, RNASE1 was revealed as a novel and dominant predictor, highlighting its unique mechanistic role and potential clinical utility in environmental cardiovascular risk stratification and targeted prevention.",Zhou Xin; Xiao Qilu; Guo Xin; Wang Weinan; Huang Mingdeng,Medicine,Medicine (Baltimore),2025,10.1097/MD.0000000000044567,LASSO regression; RFE; SHAP; SVM; atherosclerosis; endocrine-disrupting chemicals,Humans; Endocrine Disruptors; Atherosclerosis; Machine Learning; Environmental Pollutants; Environmental Exposure; Fluorocarbons; Support Vector Machine
38752651,Considerations and challenges in support of science and communication of fish consumption advisories for per- and polyfluoroalkyl substances.,"Federal, state, tribal, or local entities in the United States issue fish consumption advisories (FCAs) as guidance for safer consumption of locally caught fish containing contaminants. Fish consumption advisories have been developed for commonly detected compounds such as mercury and polychlorinated biphenyls. The existing national guidance does not specifically address the unique challenges associated with bioaccumulation and consumption risk related to per- and polyfluoroalkyl substances (PFAS). As a result, several states have derived their own PFAS-related consumption guidelines, many of which focus on one frequently detected PFAS, known as perfluorooctane sulfonic acid (PFOS). However, there can be significant variation between tissue concentrations or trigger concentrations (TCs) of PFOS that support the individual state-issued FCAs. This variation in TCs can create challenges for risk assessors and risk communicators in their efforts to protect public health. The objective of this article is to review existing challenges, knowledge gaps, and needs related to issuing PFAS-related FCAs and to provide key considerations for the development of protective fish consumption guidance. The current state of the science and variability in FCA derivation, considerations for sampling and analytical methodologies, risk management, risk communication, and policy challenges are discussed. How to best address PFAS mixtures in the development of FCAs, in risk assessment, and establishment of effect thresholds remains a major challenge, as well as a source of uncertainty and scrutiny. This includes developments better elucidating toxicity factors, exposures to PFAS mixtures, community fish consumption behaviors, and evolving technology and analytical instrumentation, methods, and the associated detection limits. Given the evolving science and public interests informing PFAS-related FCAs, continued review and revision of FCA approaches and best practices are vital. Nonetheless, consistent, widely applicable, PFAS-specific approaches informing methods, critical concentration thresholds, and priority compounds may assist practitioners in PFAS-related FCA development and possibly reduce variability between states and jurisdictions. Integr Environ Assess Manag 2024;20:1839-1858. © 2024 The Author(s). Integrated Environmental Assessment and Management published by Wiley Periodicals LLC on behalf of Society of Environmental Toxicology & Chemistry (SETAC).",Petali Jonathan Michael; Pulster Erin L; McCarthy Christopher; Pickard Heidi M; Sunderland Elsie M,Integrated environmental assessment and management,Integr Environ Assess Manag,2024,10.1002/ieam.4947,Fish consumption advisories; Fish sampling; PFAS; Risk assessment; Risk communication,"Fluorocarbons; Animals; Risk Assessment; Fishes; Food Contamination; Water Pollutants, Chemical; Alkanesulfonic Acids; Humans; Environmental Monitoring; United States; Seafood"
34774661,"Per- and poly-fluoroalkyl substances (PFAS) and female reproductive outcomes: PFAS elimination, endocrine-mediated effects, and disease.","Per- and poly-fluoroalkyl substances (PFAS) are widespread environmental contaminants frequently detected in drinking water supplies worldwide that have been linked to a variety of adverse reproductive health outcomes in women. Compared to men, reproductive health effects in women are generally understudied while global trends in female reproduction rates are declining. Many factors may contribute to the observed decline in female reproduction, one of which is environmental contaminant exposure. PFAS have been used in home, food storage, personal care and industrial products for decades. Despite the phase-out of some legacy PFAS due to their environmental persistence and adverse health effects, alternative, short-chain and legacy PFAS mixtures will continue to pollute water and air and adversely influence women's health. Studies have shown that both long- and short-chain PFAS disrupt normal reproductive function in women through altering hormone secretion, menstrual cyclicity, and fertility. Here, we summarize the role of a variety of PFAS and PFAS mixtures in female reproductive tract dysfunction and disease. Since these chemicals may affect reproductive tissues directly or indirectly through endocrine disruption, the role of PFAS in breast, thyroid, and hypothalamic-pituitary-gonadal axis function are also discussed as the interplay between these tissues may be critical in understanding the long-term reproductive health effects of PFAS in women. A major research gap is the need for mechanism of action data - the targets for PFAS in the female reproductive and endocrine systems are not evident, but the effects are many. Given the global decline in female fecundity and the ability of PFAS to negatively impact female reproductive health, further studies are needed to examine effects on endocrine target tissues involved in the onset of reproductive disorders of women.",Rickard Brittany P; Rizvi Imran; Fenton Suzanne E,Toxicology,Toxicology,2022,10.1016/j.tox.2021.153031,Endocrine disruption; Environmental contaminants; Female reproduction; PFAS,"Endocrine Disruptors; Endocrine System Diseases; Environmental Exposure; Environmental Pollutants; Female; Fertility; Humans; Hydrocarbons, Fluorinated; Infertility, Female; Menstrual Cycle; Pregnancy; Pregnancy Complications; Prognosis; Reproduction; Risk Assessment; Risk Factors"
39181731,Per- and polyfluoroalkyl substances as persistent pollutants with metabolic and endocrine-disrupting impacts.,"The widespread use of per- and polyfluoroalkyl substances (PFASs), and their resistance to degradation, renders human exposure to them inevitable. PFAS exposure disturbs endocrine function, potentially affecting cognitive development in newborns through thyroid dysfunction during pregnancy. Recent studies reveal varying male and female reproductive toxicity across PFAS classes, with alternative analogs affecting sperm parameters and legacy PFASs correlating with conditions like endometriosis. Metabolically, PFASs exposure is linked to metabolic disorders, including obesity, type 2 diabetes mellitus (T2DM), dyslipidemia, and liver toxicity, particularly in early childhood. This review focuses on the endocrine-disrupting impact of PFASs, particularly on fertility, thyroid, and metabolic functions. We highlight the complexity of the PFAS issue, given the large number of molecules and their extremely diverse mixed effects.",Gaillard Lucas; Barouki Robert; Blanc Etienne; Coumoul Xavier; Andréau Karine,Trends in endocrinology and metabolism: TEM,Trends Endocrinol Metab,2025,10.1016/j.tem.2024.07.021,PFAS; endocrine disruption; human health; metabolism impairment; toxicity,Humans; Endocrine Disruptors; Fluorocarbons; Animals; Female; Pregnancy; Environmental Pollutants; Male; Persistent Organic Pollutants; Environmental Exposure
36274037,Environmental toxicants and placental function.,"The placenta is a temporary endocrine organ that facilitates gas, nutrient, and waste exchange between maternal and fetal compartments, partially shielding the fetus from potentially hazardous environmental toxicants. However, rather than being ""opaque"", the placenta is translucent or even transparent to some potential fetal developmental hazards, including toxic trace elements (TEs), perfluoroalkyl and polyfluoroalkyl substances (PFAS), and environmental phenols (EPs) to which women with pregnancy are frequently exposed. These agents are both passively and actively transferred to the fetal compartment, where endocrine disruption, oxidative stress, and epigenetic changes may occur. These pathologies may directly impact the fetus or deposit and accumulate in the placenta to indirectly impact fetal development. Thus, it is critical for clinicians to understand the potential placental toxicity and transfer of widely distributed environmental agents ubiquitous during pregnancy. With such knowledge, targeted interventions and clinical recommendations can be developed to limit those risks.",Bloom Michael S; Varde Meghana; Newman Roger B,Best practice & research. Clinical obstetrics & gynaecology,Best Pract Res Clin Obstet Gynaecol,2022,10.1016/j.bpobgyn.2022.09.003,Environmental phenols; Metals; Parabens; Perfluoroalkyl and polyfluoroalkyl substances; Placenta; Reproductive toxicity,Pregnancy; Female; Humans; Placenta; Fetal Development; Fetus; Phenols; Maternal-Fetal Exchange
41348362,PFAS Exposure and Endocrine Disruption Among Women.,This cross-sectional study investigates the association between perfluoroalkyl and polyfluoroalkyl substances (PFAS) exposure and endocrine disruption among US women.,Ripon Rezaul Karim; Hossain Md Jamil; Volquez Mayra; Meda-Monzon Elizabeth; Saunik Sujata,JAMA network open,JAMA Netw Open,2025,10.1001/jamanetworkopen.2025.39425,,
38668455,Perfluorooctanesulfonic Acid Alters Pro-Cancer Phenotypes and Metabolic and Transcriptional Signatures in Testicular Germ Cell Tumors.,"The potential effects of poly- and perfluoroalkyl substances (PFAS) are a recently emergent human and environmental health concern. There is a consistent link between PFAS exposure and cancer, but the mechanisms are poorly understood. Although epidemiological evidence supporting PFAS exposure and cancer in general is conflicting, there is relatively strong evidence linking PFAS and testicular germ cell tumors (TGCTs). However, no mechanistic studies have been performed to date concerning PFAS and TGCTs. In this report, the effects of the legacy PFAS perfluorooctanesulfonic acid (PFOS) and the newer ""clean energy"" PFAS lithium bis(trifluoromethylsulfonyl)imide (LiTFSi, called HQ-115), on the tumorigenicity of TGCTs in mice, TGCT cell survival, and metabolite production, as well as gene regulation were investigated. In vitro, the proliferation and survival of both chemo-sensitive and -resistant TGCT cells were minimally affected by a wide range of PFOS and HQ-115 concentrations. However, both chemicals promoted the growth of TGCT cells in mouse xenografts at doses consistent with human exposure but induced minimal acute toxicity, as assessed by total body, kidney, and testis weight. PFOS, but not HQ-115, increased liver weight. Transcriptomic alterations of PFOS-exposed normal mouse testes were dominated by cancer-related pathways and gene expression alterations associated with the H3K27me3 polycomb pathway and DNA methylation, epigenetic pathways that were previously showed to be critical for the survival of TGCT cells after cisplatin-based chemotherapy. Similar patterns of PFOS-mediated gene expression occurred in PFOS-exposed cells in vitro. Metabolomic studies revealed that PFOS also altered metabolites associated with steroid biosynthesis and fatty acid metabolism in TGCT cells, consistent with the proposed ability of PFAS to mimic fatty acid-based ligands controlling lipid metabolism and the proposed role of PFAS as endocrine disrupters. Our data, is the first cell and animal based study on PFAS in TGCTs, support a pro-tumorigenic effect of PFAS on TGCT biology and suggests epigenetic, metabolic, and endocrine disruption as potential mechanisms of action that are consistent with the non-mutagenic nature of the PFAS class.",Boyd Raya I; Shokry Doha; Fazal Zeeshan; Rennels Brayden C; Freemantle Sarah J,Toxics,Toxics,2024,10.3390/toxics12040232,GenX; H3K27me3; HQ-115; LiTFSI; PFOS; fatty acid metabolism; metabolomics; steroid synthesis; testicular cancer; transcriptomics,
41240996,Ophthalmotoxicology of polyhalogenated compounds.,"Polyhalogenated compounds (PHCs), including polychlorinated biphenyls (PCBs), polybrominated diphenyl ethers (PBDEs), polychlorinated dibenzodioxins (PCDDs), polychlorinated dibenzofurans (PCDFs) and per- and polyfluoroalkyl substances (PFAS), are persistent organic pollutants that bioaccumulate in tissues and are increasingly recognized as threats to human health. While their neurotoxic and endocrine-disrupting effects are often described, their potential impact on the ocular system remains underexplored. However, recent evidence suggests that chronic PHC exposure may contribute to a spectrum of ocular pathologies, such as retinal degeneration, cataracts and retinoblastoma. To clarify these emerging risks, this review synthesizes findings at the intersection of toxicology, ophthalmology, and environmental health, highlighting mechanistic insights into how PHCs impair ocular function. Epidemiological studies linking environmental contaminant exposure to visual deficits are discussed alongside experimental data from animal models and in vitro systems, with a particular focus on oxidative stress, mitochondrial dysfunction, endocrine disruption, and altered retinoid signaling as plausible pathways mediating PHC-induced visual toxicity. Given the widespread nature of PHC exposure and the increasing global burden of visual impairment, further research and regulatory oversight are urgently needed to bridge the gap between environmental toxicology and ocular health, ultimately aiming to better understand and mitigate the visual risks posed by these persistent pollutants.",Louzon Maxime; Chiquet Christophe; Kamel Mohamed; Aleya Lotfi; Blanc Hugo,Toxicology,Toxicology,2026,10.1016/j.tox.2025.154337,Ocular toxicity; Ophthalmology; PBDE; PCB; PCDD; PCDF; PFAS,"Humans; Animals; Environmental Pollutants; Eye Diseases; Eye; Environmental Exposure; Hydrocarbons, Halogenated; Risk Assessment"
35740585,Toward a Mechanistic Understanding of Poly- and Perfluoroalkylated Substances and Cancer.,"Poly- and perfluoroalkylated substances (PFAS) are chemicals that persist and bioaccumulate in the environment and are found in nearly all human populations through several routes of exposure. Human occupational and community exposure to PFAS has been associated with several cancers, including cancers of the kidney, testis, prostate, and liver. While evidence suggests that PFAS are not directly mutagenic, many diverse mechanisms of carcinogenicity have been proposed. In this mini-review, we organize these mechanisms into three major proposed pathways of PFAS action-metabolism, endocrine disruption, and epigenetic perturbation-and discuss how these distinct but interdependent pathways may explain many of the proposed pro-carcinogenic effects of the PFAS class of environmental contaminants. Notably, each of the pathways is predicted to be highly sensitive to the dose and window of exposure which may, in part, explain the variable epidemiologic and experimental evidence linking PFAS and cancer. We highlight testicular and prostate cancer as models to validate this concept.",Boyd Raya I; Ahmad Saeed; Singh Ratnakar; Fazal Zeeshan; Prins Gail S,Cancers,Cancers (Basel),2022,10.3390/cancers14122919,PFOA; PFOS; epigenetics; metabolomic; prostate cancer; testicular cancer,
37368643,Poly- and Perfluoroalkyl Substances (PFAS): Do They Matter to Aquatic Ecosystems?,"Poly- and perfluoroalkyl substances (PFASs) are a group of anthropogenic chemicals with an aliphatic fluorinated carbon chain. Due to their durability, bioaccumulation potential, and negative impacts on living organisms, these compounds have drawn lots of attention across the world. The negative impacts of PFASs on aquatic ecosystems are becoming a major concern due to their widespread use in increasing concentrations and constant leakage into the aquatic environment. Furthermore, by acting as agonists or antagonists, PFASs may alter the bioaccumulation and toxicity of certain substances. In many species, particularly aquatic organisms, PFASs can stay in the body and induce a variety of negative consequences, such as reproductive toxicity, oxidative stress, metabolic disruption, immunological toxicity, developmental toxicity, cellular damage and necrosis. PFAS bioaccumulation plays a significant role and has an impact on the composition of the intestinal microbiota, which is influenced by the kind of diet and is directly related to the host's well-being. PFASs also act as endocrine disruptor chemicals (EDCs) which can change the endocrine system and result in dysbiosis of gut microbes and other health repercussions. In silico investigation and analysis also shows that PFASs are incorporated into the maturing oocytes during vitellogenesis and are bound to vitellogenin and other yolk proteins. The present review reveals that aquatic species, especially fishes, are negatively affected by exposure to emerging PFASs. Additionally, the effects of PFAS pollution on aquatic ecosystems were investigated by evaluating a number of characteristics, including extracellular polymeric substances (EPSs) and chlorophyll content as well as the diversity of the microorganisms in the biofilms. Therefore, this review will provide crucial information on the possible adverse effects of PFASs on fish growth, reproduction, gut microbial dysbiosis, and its potential endocrine disruption. This information aims to help the researchers and academicians work and come up with possible remedial measures to protect aquatic ecosystems as future works need to be focus on techno-economic assessment, life cycle assessment, and multi criteria decision analysis systems that screen PFAS-containing samples. New innovative methods requires further development to reach detection at the permissible regulatory limits.",Nayak Sipra; Sahoo Gunanidhi; Das Ipsita Iswari; Mohanty Aman Kumar; Kumar Rajesh,Toxics,Toxics,2023,10.3390/toxics11060543,bioaccumulation; fish; human health risks; perfluoroalkyl substances (PFASs); toxicants,
39547089,The impact of high exposure to perfluoroalkyl substances and risk for hormone receptor-positive breast cancer - A Swedish cohort study.,"Perfluoroalkyl substances (PFAS) are persisting chemicals with endocrine disruptive and carcinogenic properties. Previous studies involving cohorts with high PFAS exposure have not shown an increased risk of breast cancer. Research on PFAS and breast cancer according to hormone receptor status is limited. This study aims to investigate the association between PFAS exposure and hormone receptor-positive breast cancer. In 2013, high levels of PFAS (sum of PFAS >10,000 ng/L), dominated by perfluorooctane sulfonic acid (PFOS) and perfluorohexane sulfonic acid (PFHxS) were found in the drinking water from one of the two waterworks in Ronneby, Sweden. Breast cancer diagnoses and information of adjuvant endocrine therapy were retrieved from the Swedish Cancer Register and The Prescribed Drug Register 2006-2016 for a cohort of women residing in the municipality between 1985 and 2013 (n=24,509). Individual exposure was assessed based on municipality waterworks distribution data linked to annual residential addresses. Cox proportional hazards models were used in the analysis. The highest achieved educational level was used as an indicator of socioeconomic position. Sensitivity and subgroup analysis were performed for prepubertal exposure and diagnosis before or after age 50 (assumed menopause). There were 313 cases of malignant breast cancer among women ≤85 years between 2006 and 2016. Of these, 224 cases (72%) were considered hormone receptor-positive based on the first prescription of adjuvant endocrine therapy, antiestrogens (40%) or aromatase inhibitor (60%). Among women ever living at a residential address with high PFAS exposure, the hazard ratio (HR) for breast cancer classified as hormone receptor-positive was 0.84; 95% confidence interval (CI) 0.61, 1.14. Findings were similar before and after menopause. High PFAS exposure from drinking water, dominated by PFOS and PFHxS, was not associated with an elevated risk of hormone receptor-positive breast cancer.",Hammarstrand Sofia; Andersson Eva M; Andersson Eva; Larsson Karolina; Xu Yiyi,Environment international,Environ Int,2024,10.1016/j.envint.2024.109140,Breast cancer; Endocrine disruption; Firefighting foam; PFHxS; PFOS; Register study,"Humans; Breast Neoplasms; Sweden; Female; Fluorocarbons; Middle Aged; Cohort Studies; Adult; Water Pollutants, Chemical; Aged; Environmental Exposure; Alkanesulfonic Acids; Sulfonic Acids; Drinking Water; Receptors, Estrogen; Proportional Hazards Models"
35318009,Per- and polyfluoroalkyl substances (PFAS) and male reproductive function in young adulthood; a cross-sectional study.,"Per- and polyfluoroalkyl substances (PFAS) are a large family of persistent industrial chemicals with endocrine disrupting properties. To examine biomarkers of reproductive function in young adult males according to current environmental exposure to single and combined PFAS. The study population consisted of young men (n = 1041, age 18-21) from the Fetal Programming of Semen Quality (FEPOS) cohort. These men were recruited from pregnancies included in the Danish National Birth Cohort (DNBC) between 1996 and 2002. From 2017 to 2019, participants answered an online questionnaire, completed a clinical examination and provided a blood and a semen sample. Exposure to 15 PFAS was measured in plasma. Six compounds were quantified above the limit of detection in at least 80% of the participants. We applied negative binomial regression and weighted quantile sum (WQS) regression models to assess associations between single and combined exposure to PFAS and measures of semen quality, testicular volume and reproductive hormones among the young men. We found no consistent associations between plasma concentrations of PFAS, semen quality and testicular volume. Higher levels of single and combined PFAS were associated with slightly higher levels of follicle-stimulating hormone (FSH) (WQS 4% difference, 95% confidence interval: 0, 9). Perfluorooctanoic acid (PFOA) was the main contributor to this finding with positive signals also from perfluorodecanoic acid (PFDA) and perfluorohexane sulfonic acid (PFHxS). We examined exposure to a range of common PFAS in relation to biomarkers of male reproductive function and found an association with higher levels of FSH among young men from the general population in Denmark. Further studies on especially combined exposure to PFAS are needed to expand our understanding of potential endocrine disruption from both legacy and emerging compounds in relation to male reproductive function.",Petersen Kajsa Ugelvig; Hærvig Katia Keglberg; Flachs Esben Meulengracht; Bonde Jens Peter; Lindh Christian,Environmental research,Environ Res,2022,10.1016/j.envres.2022.113157,Cross-sectional; Endocrine-disrupting chemicals (EDCs); Male infertility; Reproductive hormones; Semen quality,"Adolescent; Adult; Alkanesulfonic Acids; Cross-Sectional Studies; Environmental Exposure; Environmental Pollutants; Fluorocarbons; Follicle Stimulating Hormone; Genitalia, Male; Humans; Male; Semen Analysis; Young Adult"
41222812,Assessing PFAS mixture exposure and thyroid function in U.S. adolescents: insights from NHANES 2011-2012.,"Per- and polyfluoroalkyl substances (PFASs) are persistent endocrine-disrupting chemicals widely detected in human serum. Epidemiological studies suggest that PFAS exposure may disrupt thyroid function by interfering with hormone production, transport, and metabolism; however, findings remain inconsistent, particularly regarding sex-specific effects. This study aimed to (1) examine associations between serum PFAS mixtures and thyroid hormone levels in adolescents and (2) identify mixture patterns and explore sex-specific associations using a nationally representative dataset. We investigated the association between serum PFAS mixtures and thyroid function markers-including thyroid-stimulating hormone (TSH), thyroid hormones, and thyroglobulin-among 12- to 20-year-olds in NHANES 2011-2012. Principal component analysis (PCA) identified three factors: Factor 1 (long-chain carboxylates: PFUnA, PFDA, PFNA), Factor 2 (sulfonates: PFHxS, PFOS, MeFOSAA, and PFOA), and Factor 3 (PFHpA). Multivariable linear regression estimated associations between PFAS factors and thyroid hormone concentrations. Higher exposure to Factor 1 was significantly positively associated with free T4 in males but negatively associated with total T4 in females. PFASs may alter hormone clearance or interfere with feedback regulation. Factor 2 exposure was negatively associated with total T4 and positively associated with TSH in males, with statistical significance. Greater exposure to Factor 3 was significantly associated with increased total T4 in males. Overall, exposure to Factors 1 and 2 was predominantly linked to lower thyroid hormone levels, whereas Factor 3 was positively associated with thyroid hormones. These findings highlight the importance of evaluating PFAS mixtures rather than individual compounds and suggest sex-specific thyroid hormone disruptions.",Begum Thoin F; Byrne Samuel C; Carpenter David O,Environmental science and pollution research international,Environ Sci Pollut Res Int,2025,10.1007/s11356-025-37134-4,Cross-sectional study; Endocrine disruption; NHANES; Per- and polyfluoroalkyl substances (PFAS); Puberty; Thyroid function,Humans; Fluorocarbons; Adolescent; Female; Male; Nutrition Surveys; Thyroid Hormones; Thyroid Gland; United States; Child; Environmental Exposure; Environmental Pollutants; Endocrine Disruptors; Young Adult
41453585,Childhood susceptibility to PFAS-associated endocrine disruption: NHANES age-stratified analysis and PFOS mouse model validation.,"Mixed exposure to per- and polyfluoroalkyl substances (PFAS) has been associated with altered male endocrine function, but age-specific susceptibility is uncertain. We analyzed 1965 males aged 6-80 years in NHANES 2013-2018, relating PFOS, PFOA, PFHxS, and PFNA to estradiol (E2) and sex hormone-binding globulin (SHBG) with survey-weighted linear models; mixture effects were assessed by weighted quantile sum (WQS) and Bayesian kernel machine regression (BKMR) within age strata. Associations were strongest at ages 6-12: PFOS was associated with higher E2, whereas PFOA and PFNA were associated with lower SHBG, with supportive evidence for PFHxS. Mixture analyses identified PFOS as a main contributor and suggested nonlinear PFOS-E2 increases and monotonic SHBG suppression by PFOA/PFHxS. Juvenile mice received PFOS in drinking water for six weeks; PFOS altered hormones and induced germ-cell injury, consistent with the human window. Our findings suggest that childhood may be a sensitive period for PFAS-related endocrine disruption, warranting child-focused monitoring and mixture-aware risk assessment.",Yang Qiming; Bai Wenxin; Liu Yujun; Huang Xiuxian; Zou Bing,"Reproductive toxicology (Elmsford, N.Y.)",Reprod Toxicol,2026,10.1016/j.reprotox.2025.109152,Age-dependent susceptibility; Estradiol (E2); Male reproductive health; Per- and polyfluoroalkyl substances (PFAS); Perfluorooctane sulfonate (PFOS); Sex hormone-binding globulin (SHBG),"Fluorocarbons; Animals; Male; Child; Endocrine Disruptors; Middle Aged; Adolescent; Adult; Humans; Alkanesulfonic Acids; Aged; Young Adult; Mice; Nutrition Surveys; Estradiol; Aged, 80 and over; Sex Hormone-Binding Globulin; Environmental Pollutants; Caprylates; Age Factors"
41356495,Persistent pollutants and the developing brain: the role of PFAS in neurodevelopmental disorders.,"Per- and polyfluoroalkyl substances (PFAS) are a diverse class of highly persistent organofluorine compounds, and extensively used in industrial and consumer application. Their environmental ubiquity and bioaccumulation in humans have raised concerns about potential health impacts, particularly on neurodevelopment. This mini-review synthesizes epidemiological and experimental research published between 2020 and 2025 examining prenatal PFAS exposure and neurodevelopmental outcomes in children. Prospective birth cohort studies from Europe, North America, and Asia report subtle but statistically significant associations between higher maternal PFAS levels and a range of neurodevelopmental disorders (NDDs), including autism spectrum disorder (ASD), attention-deficit/hyperactivity disorder (ADHD), cognitive delays (e.g., reduced IQ, language impairments), and behavioral dysregulation. Mechanistic investigations reveal that PFAS can cross the placenta, alter maternal-fetal thyroid and sex-steroid hormone homeostasis, activate inflammatory pathways (e.g., AIM2 inflammasome), disrupt neurotransmitter systems (notably dopaminergic and GABAergic signaling), modulate fetal metabolomic profiles, and induce durable epigenetic modifications. Key methodological challenges include heterogeneity of PFAS mixtures, reliance on single-time-point exposure assessments, variable confounder control (e.g., socioeconomic status, maternal IQ, nutrition, breastfeeding), limited follow-up into later childhood or adolescence, and sparse data on emerging short-chain PFAS analogs. To strengthen causal inference and inform public health interventions, future research should employ longitudinal designs with repeated biomonitoring, standardized neuropsychological assessments, advanced mixture-modeling approaches, comprehensive confounder adjustment, inclusion of vulnerable populations, and focused evaluation of replacement PFAS. Coordinated efforts bridging epidemiology, mechanistic science, and regulatory policy are essential to mitigate PFAS exposure and safeguard neurodevelopmental health in future generations.",Lagostena Laura; Magnelli Valeria; Rotondo Davide; Dondero Francesco,Frontiers in cellular neuroscience,Front Cell Neurosci,2025,10.3389/fncel.2025.1696173,PFOA (perfluorooctanoate); PFOS (perfluorooctane sulfonate); cognitive development; endocrine disruption activity; epigenetic modulation; neuroinflammation; placental transfer,
35948114,"Health impacts of artificial turf: Toxicity studies, challenges, and future directions.","Many communities around the country are undergoing contentious battles over the installation of artificial turf. Opponents are concerned about exposure to hazardous chemicals leaching from the crumb rubber cushioning fill made of recycled tires, the plastic carpet, and other synthetic components. Numerous studies have shown that chemicals identified in artificial turf, including polycyclic aromatic hydrocarbons (PAHs), phthalates, and per- and polyfluoroalkyl substances (PFAS), are known carcinogens, neurotoxicants, mutagens, and endocrine disruptors. However, few studies have looked directly at health outcomes of exposure to these chemicals in the context of artificial turf. Ecotoxicology studies in invertebrates exposed to crumb rubber have identified risks to organisms whose habitats have been contaminated by artificial turf. Chicken eggs injected with crumb rubber leachate also showed impaired development and endocrine disruption. The only human epidemiology studies conducted related to artificial turf have been highly limited in design, focusing on cancer incidence. In addition, government agencies have begun their own risk assessment studies to aid community decisions. Additional studies in in vitro and in vivo translational models, ecotoxicological systems, and human epidemiology are strongly needed to consider exposure from both field use and runoff, components other than crumb rubber, sensitive windows of development, and additional physiological endpoints. Identification of potential health effects from exposures due to spending time at artificial turf fields and adjacent environments that may be contaminated by runoff will aid in risk assessment and community decision making on the use of artificial turf.",Murphy Maire; Warner Genoa R,"Environmental pollution (Barking, Essex : 1987)",Environ Pollut,2022,10.1016/j.envpol.2022.119841,Artificial turf; Crumb rubber; Endocrine disruption; Environmental exposure; Perfluoroalkyl substances; Phthalates; Polyaromatic hydrocarbons; Risk assessment,Environmental Exposure; Hazardous Substances; Humans; Polycyclic Aromatic Hydrocarbons; Recycling; Rubber
41255867,"Environmental behavior and human health risks of PFAS: occurrence, toxicity, and the state-of-the-art removal approaches.","Fluorinated compounds, including poly- and per-fluoroalkyl substances (PFAS), are characterized by complex behavior, environmental persistence, and resistance to degradation. These thermally stable compounds repel both oil and water. Concerns are mounting over their bioaccumulation in humans and other organisms, given their associated health risks such as endocrine disruption, immune suppression, obesity, elevated cholesterol levels, and cancer. Low concentrations of PFAS detected in drinking water present a potential human exposure pathway. This review addresses the occurrence and exposure pathways of PFAS; their toxicity in humans, plants, and animals; analytical methods for their detection and quantification in aqueous matrices; and their removal techniques including membrane technologies, advanced oxidation processes, adsorption, ion exchange, biological methods, and hydrothermal liquefaction. The factors affecting the removal of PFAS, such as inorganic anions and cations, natural organic matter, and other organic pollutants in wastewater, are also included. Additionally, cost-effective and environmentally friendly methods for regenerating adsorbents are explored. The conclusion discusses the current restrictions and future perspectives on the analysis of PFAS.",Narasimhappa Pavithra; Singh Simranjeet; Varshney Radhika; Chauhan Vishakha; Kour Retinder,RSC advances,RSC Adv,2025,10.1039/d5ra07672b,,
40431401,Perfluoroalkyl and Polyfluoroalkyl Substances (PFAS) and Vitamin Metabolism: A Nutritional Perspective on an Emerging Environmental Health Issue.,"Perfluoroalkyl and polyfluoroalkyl substances (PFAS) are a class of synthetic chemicals characterized by exceptional stability and potential for bioaccumulation. Ubiquitous in the environment, PFAS can enter the human body through water, air, and dietary sources. Exposure to PFAS has been linked to various adverse health effects, including cancer, endocrine disruption, and reproductive and developmental toxicities. Emerging evidence suggests potential interactions between PFAS exposure and vitamin levels in the human body. This review provides a comprehensive understanding of the associations between PFAS and various vitamins, elucidates potential underlying mechanisms, and offers insights for the development of targeted nutritional interventions.",Liu Chen; Zhou Biao; Huang Lichun; Han Dan; He Mengjie,Nutrients,Nutrients,2025,10.3390/nu17101660,B vitamin; perfluoroalkyl or polyfluoroalkyl substances (PFAS); vitamin metabolism,Humans; Fluorocarbons; Vitamins; Environmental Pollutants; Environmental Exposure
40566344,Epigenetic Consequences of In Utero PFAS Exposure: Implications for Development and Long-Term Health.,"In utero exposure to per- and polyfluoroalkyl substances (PFAS) presents significant health concerns, primarily through their role in inducing epigenetic modifications that have lasting consequences. This review aims to elucidate the impact of prenatal PFAS exposure on epigenetic mechanisms, including DNA methylation, histone modification, and non-coding RNA regulation, focusing on developmental and long-term health outcomes. The review synthesizes findings from various studies that link PFAS exposure to alterations in DNA methylation in fetal tissues, such as changes in the methylation of genes like ",Abdulkadir Abubakar; Kandel Shila; Lewis Niya; D'Auvergne Oswald; Rosby Raphyel,International journal of environmental research and public health,Int J Environ Res Public Health,2025,10.3390/ijerph22060917,PFAS; developmental effects; endocrine disruption; epigenetics; histone modifications; in utero; methylation; ncRNAs; placenta,"Epigenesis, Genetic; Humans; Pregnancy; Fluorocarbons; Female; Prenatal Exposure Delayed Effects; Environmental Pollutants; DNA Methylation; Animals; Maternal Exposure"
41252967,Perfluoroalkyl and polyfluoroalkyl substances contamination in dairy: A global perspective.,"Dairy products, valued for their essential nutritional contributions, are increasingly recognized as potential vectors for the bioaccumulation of perfluoroalkyl and polyfluoroalkyl substances (PFAS), raising global concern due to the environmental persistence and health risks associated with these compounds. These chemicals enter the dairy supply chain through various environmental and industrial pathways. This review investigates the sources of PFAS contamination in dairy, the associated health risks, analytical techniques for detection, and existing regulatory frameworks. PFAS contamination in dairy products occurs through multiple pathways, including ingestion of contaminated water, leaching from food-contact packaging materials, and exposure to fluoropolymer-coated processing equipment. The concentration of PFAS in milk and dairy products varies considerably depending on geographic region, production practices, and product type. PFOS levels in milk have been reported to range from 0.003 ng/mL in Norway to 0.0245 ng/mL in China. In Korea, PFOS and PFOA concentrations in milk products range from 0.09 to 7.27 ng/mL. Composite dairy products such as cheese and butter have demonstrated PFAS levels as high as 13.34 ng/mL, likely due to concentration during processing. Infant formulas have also shown PFAS contamination, with concentrations reaching up to 5.74 ng/mL. Notably, cheese and yogurt tend to exhibit higher PFAS levels than milk, influenced by production processes and fat content, which can affect PFAS partitioning and retention. PFAS compounds have been linked to a range of adverse health outcomes, including carcinogenesis, immunotoxicity, endocrine disruption, and developmental impairments, with heightened susceptibility in infants and vulnerable populations. Globally, regulatory measures to control PFAS contamination vary, with some countries establishing strict limits on their concentration in food products. However, inconsistencies in regulatory approaches hinder effective global management of PFAS risks. This review suggests the urgent need for comprehensive monitoring and regulatory strategies to address PFAS contamination in dairy products, safeguarding public health and environmental sustainability.",Khanashyam Anandu Chandra; Kanwal Simab; Laosam Phanthipha; Sangsawad Papungkorn; Thorakkattu Priyamvada,The Science of the total environment,Sci Total Environ,2025,10.1016/j.scitotenv.2025.180968,Bioaccumulation; Dairy; Exposure assessment; Organic pollutants; PFAS,Fluorocarbons; Dairy Products; Food Contamination; Environmental Pollutants; Humans; Environmental Monitoring; Animals; Milk
40301256,Unveiling the Research Void: Exploring the Reproductive Effects of PFAS Compounds on Male Health.,"Per- and polyfluoroalkyl substances (PFAS) represent an emerging concern for male reproductive health. Epidemiological studies have reported associations between increased PFAS exposure and reduced semen quality parameters, lower sperm counts, and potential alterations in reproductive hormone levels. Toxicology research has revealed possible mechanisms including blood-testis barrier disruption, oxidative stress, interference with testicular cell function, and epigenetic changes. However, significant uncertainties remain regarding definitive exposure-response relationships, developmental windows of heightened vulnerability, combined mixture effects, and causality interpretation, given limitations inherent to observational studies. Ongoing investigation of short-chain and replacement PFAS compounds is also critically needed. Additionally, directly connecting the mechanistic insights from animal models to human fertility impacts remains challenging. While controlled toxicology studies have described pathways by which PFAS could impair cellular functioning in the testes, uncertainty persists in extrapolating these experimental effects to real-world human exposures and sperm parameter declines reported epidemiologically. Overall, current findings suggest PFAS may contribute to declining male reproductive function, but additional clarification through well-designed longitudinal cohort studies integrated with mechanistic animal work is still warranted to confirm exposure-fertility links across a range of PFAS types and inform evidence-based public health mitigation strategies.",Qu Haoyang; Han Yating; Wang Chenglu; Zheng Dongwang; Ni Ya,Advances in experimental medicine and biology,Adv Exp Med Biol,2025,10.1007/978-3-031-82990-1_7,Endocrine disruption; Male fertility; PFAS; Reproductive toxicology; Sperm; Testicular dysfunction,"Male; Humans; Fluorocarbons; Animals; Environmental Exposure; Reproductive Health; Environmental Pollutants; Reproduction; Testis; Spermatozoa; Infertility, Male"
33033332,Endocrine disruption of vitamin D activity by perfluoro-octanoic acid (PFOA).,"Perfluoroalkyl substances (PFAS) are a class of compounds used in industry and consumer products. Perfluorooctanoic acid (PFOA) is the predominant form in human samples and has been shown to induce severe health consequences, such as neonatal mortality, neurotoxicity, and immunotoxicity. Toxicological studies indicate that PFAS accumulate in bone tissues and cause altered bone development. Epidemiological studies have reported an inverse relationship between PFAS and bone health, however the associated mechanisms are still unexplored. Here, we present computational, in silico and in vitro evidence supporting the interference of PFOA on vitamin D (VD). First, PFOA competes with calcitriol on the same binding site of the VD receptor, leading to an alteration of the structural flexibility and a 10% reduction by surface plasmon resonance analysis. Second, this interference leads to an altered response of VD-responsive genes in two cellular targets of this hormone, osteoblasts and epithelial cells of the colorectal tract. Third, mineralization in human osteoblasts is reduced upon coincubation of PFOA with VD. Finally, in a small cohort of young healthy men, PTH levels were higher in the exposed group, but VD levels were comparable. Altogether these results provide the first evidence of endocrine disruption by PFOA on VD pathway by competition on its receptor and subsequent inhibition of VD-responsive genes in target cells.",Di Nisio Andrea; Rocca Maria Santa; De Toni Luca; Sabovic Iva; Guidolin Diego,Scientific reports,Sci Rep,2020,10.1038/s41598-020-74026-8,,"Adolescent; Caprylates; Cell Line, Tumor; Cross-Sectional Studies; Endocrine Disruptors; Fluorocarbons; Humans; Male; Molecular Docking Simulation; Molecular Dynamics Simulation; Osteoblasts; Parathyroid Hormone; Receptors, Calcitriol; Vitamin D; Young Adult"
34564296,"Associations between Exposures to Perfluoroalkyl Substances and Diabetes, Hyperglycemia, or Insulin Resistance: A Scoping Review.","Per- and polyfluoroalkyl substances (PFASs) are persistent environmental pollutants that are commonly found in the human body due to exposures via drinking water, surfactants used in consumer materials, and aqueous film-forming foams (AFFFs). PFAS exposure has been linked to adverse health effects such as low infant birth weights, cancer, and endocrine disruption, though increasingly studies have demonstrated that they may perturb metabolic processes and contribute to dysfunction. This scoping review summarizes the chemistry of PFAS exposure and the epidemiologic evidence for associations between exposure to per- and polyfluoroalkyl substances and the development of diabetes, hyperglycemia, and/or insulin resistance. We identified 11 studies on gestational diabetes mellitus, 3 studies on type 1 diabetes, 7 studies on type 2 diabetes, 6 studies on prediabetes or unspecified diabetes, and 15 studies on insulin resistance or glucose tolerance using the SCOPUS and PubMed databases. Approximately 24 reported positive associations, 9 negative associations, 2 non-linear associations, and 2 inverse associations, and 8 reported no associations found between PFAS and all diabetes search terms. Cumulatively, these data indicate the need for further studies to better assess these associations between PFAS exposure and diabetes.",Margolis Rachel; Sant Karilyn E,Journal of xenobiotics,J Xenobiot,2021,10.3390/jox11030008,PFAS; diabetes; hyperglycemia; insulin resistance; perfluoroalkyl substances,
37162486,Quantifying the impact of PFOA exposure on B-cell development and antibody production.,"Per- and polyfluoroalkyl substances (PFAS) are synthetic chemicals; the vast majority are environmentally and biologically persistent, and some have demonstrated toxicity, including cancer, effects on metabolism, endocrine disruption, and immune dysfunction. Suppression of T-cell-dependent antibody responses (TDAR) has been observed in numerous studies of PFAS but mechanisms remain elusive. Evidence from our work suggests that B cells and how they use energy are impacted by PFAS exposure. We hypothesize that a well-studied and immunotoxic PFAS, perfluorooctanoic acid (PFOA), alters B-cell subclasses and markers of their metabolism. Adult male and female C57BL/6 mice were given PFOA (0 or 7.5 mg/kg) via gavage for 15 days, a duration and dose sufficient to suppress the TDAR. After dosing and immunization of subgroups, spleens were prepared to quantify B-cell subsets. Flow cytometric analysis revealed decreased numbers of plasmablasts, follicular, naïve, and overall B-cell subclasses in female PFOA-exposed groups. Male PFOA-exposed groups had a significant increase in follicular B cells and other subsets had decreases, including in the overall number of B cells. Twenty-four hours after naïve B-cell isolation and ex vivo activation, metabolic measurements revealed a 5-fold increase in metabolic markers in response to stimulation in PFOA-exposed groups compared with controls. These findings suggest that B-cell development and survival may be hindered by PFOA exposure, but that activation of the remaining B cells was not. Based on these findings, PFOA-mediated suppression of the primary IgM antibody response results changes to specific subsets of B cells.",Taylor Krystal D; Woodlief Tracey L; Ahmed Aya; Hu Qing; Duncker Patrick C,Toxicological sciences : an official journal of the Society of Toxicology,Toxicol Sci,2023,10.1093/toxsci/kfad043,B cells; PFAS; PFOA; immunometabolism; immunotoxicity,"Animals; Female; Male; Mice; Alkanesulfonic Acids; Antibody Formation; Caprylates; Environmental Pollutants; Fluorocarbons; Mice, Inbred C57BL"
39179042,Association between exposure to perfluoroalkyl substances (PFAS) and endometriosis in the ENDEA case-control study.,"Perfluoroalkyl substances (PFAS) are environmental contaminants present in a wide range of consumer products and frequently detected in drinking water. They have been linked to adverse reproductive health outcomes in women, but there is limited human evidence on the association of PFAS exposure with endometriosis. To explore the association between plasma concentrations of several PFAS, considered individually and as a mixture, and the risk of endometriosis in women of childbearing age. Between 2018 and 2020, 42 patients with endometriosis and 90 controls undergoing abdominal surgery were recruited at two public hospitals in Granada, Spain. The presence or absence of endometriosis was ascertained by laparoscopic inspection of the pelvis and biopsy of suspected lesions (histological diagnosis). Concentrations of 10 PFAS were quantified in plasma samples from participants. Unconditional logistic regression was employed to examine associations of individual PFAS and summed concentrations of short (∑SC) and long-chain (∑LC) PFAS with odds of endometriosis, and quantile g-computation was used to assess their mixture effect. In models adjusted for age, schooling, and parity, perfluorotridecanoic acid (PFTrDA) was associated with higher odds of endometriosis (odds ratio [OR] = 1.74; 95 % CI = 1.11-2.73 per 2-fold increase in plasma concentrations), while marginally significant associations were found for perfluorohexane sulfonate (PFHxS) (OR = 1.45, 95 % CI = 0.94-2.21) and ∑SC PFAS (OR = 1.48; 95 % CI = 0.96-2.30). No associations were found for the remaining PFAS. The PFAS mixture was non-significantly associated with 1.7-fold higher odds of endometriosis (95 % CI = 0.73-3.80), with perfluorononanoic acid (PFNA), PFHxS, and PFTrDA being the major contributors to this effect. These findings suggest that exposure to certain PFAS may increase the odds of endometriosis. However, given the modest sample size, further studies are warranted to verify these results.",de Haro-Romero Teresa; Peinado Francisco M; Vela-Soria Fernando; Lara-Ramos Ana; Fernández-Parra Jorge,The Science of the total environment,Sci Total Environ,2024,10.1016/j.scitotenv.2024.175593,Case-control; Endocrine disruption; Endometriosis; Female reproductive health; Perfluoroalkyl substances,Endometriosis; Humans; Fluorocarbons; Female; Case-Control Studies; Adult; Spain; Environmental Exposure; Environmental Pollutants; Young Adult; Middle Aged
40243467,Impact of Persistent Endocrine-Disrupting Chemicals on Human Nuclear Receptors: Insights from In Silico and Experimental Characterization.,"Endocrine-disrupting chemicals (EDCs) are notable for their persistence, bioaccumulation, and associations with cancer. Human nuclear receptors (hNRs) are primary targets disrupted by these persistent EDCs, resulting in alterations to xenobiotic metabolism, lipid homeostasis, and endocrine function, which can lead to carcinogenic effects. Despite their hazardous effects, comprehensive studies on EDC interactions and their impacts on hNRs remain limited. Here, we profiled the interactions of persistent EDCs, including PFAS, plastic additives, bisphenols, polybrominated diphenyl ethers, and phthalates, with key hNRs such as PXR, CAR, PPARα, PPARγ, PPARδ, AR, and RORγt. Through controlled molecular docking simulations, we observed strong binding of the EDCs to these receptors. Further analysis showed that EDCs exhibit strong binding activity towards hNRs by preferentially interacting with hydrophobic amino acids, namely leucine, isoleucine, methionine, and phenylalanine. PFAS demonstrated the highest binding affinity, characterized by a combination of complementary hydrophobic interactions from their fluorinated carbon chains and polar interactions from their functional groups (e.g., carboxylate, sulfonate) across all receptors. Distinct polycyclic and hydrophobic trends, contributing to strong NR binding, were evident in non-PFAS and nonplastic EDCs. The hNR activity assay in HepG2 cells revealed agonistic effects of dicyclohexyl phthalate (DCHP) and di-2-ethylhexyl phthalate (DEHP) on most receptors, except for PPARα. The hNR transcription factor pathway assay in HepG2 cells demonstrated increased gene expression of VDRE and PXR, suggesting potential chronic effects on xenobiotic metabolism and calcium homeostasis. Overall, our findings demonstrate the need for further research into the endocrine disruption and carcinogenic effects of these persistent EDCs.",Ganesh Harrish; Moran James; Roy Saptarshi; Mathew Joshua; Ackah-Blay Jehosheba,International journal of molecular sciences,Int J Mol Sci,2025,10.3390/ijms26072879,NR activation assay; NR transcription factor activation assay; PFAS; gene regulation; human nuclear receptors (hNRs); hydrophobic interactions; molecular docking simulations; nanoplastics; persistent endocrine-disrupting chemicals (EDCs); phthalates,"Endocrine Disruptors; Humans; Molecular Docking Simulation; Receptors, Cytoplasmic and Nuclear; Protein Binding; Halogenated Diphenyl Ethers; Phthalic Acids; Computer Simulation"
35202277,Early Warnings by Liver Organoids on Short- and Long-Chain PFAS Toxicity.,"Short-chain per-fluoroalkyl substances (PFAS) have replaced long-chains in many applications, however the toxicity and its mode of action and interactions due to the large number of these compounds and their mixtures is still poorly understood. The paper aims to compare the effects on mouse liver organoids (target organ for bioaccumulation) of two long-chain PFAS (perfluorooctane sulfonate -PFOS-, perfluorooctanoic acid -PFOA) and two short-chain PFAS commonly utilized in the industry (heptafluorobutyric acid -HFBA-, Pentafluoropropionic anhydride-PFPA) to identify the mode of action of these classes of contaminants. Cytomorphological aberrations and ALT/GDH enzyme disruption were identified but no acute toxicity endpoint neither apoptosis was detected by the two tested short-chain PFAS. After cytomorphological analysis, it is evident that short-chain PFAS affected organoid morphology inducing a reduction of cytostructural complexity and aberrant cytological features. Conversely, EC50 values of 670 ± 30 µM and 895 ± 7 µM were measured for PFOS and PFOA, respectively, together with strong ALT/GDH enzyme disruption, caspase 3 and 7 apoptosis activation and deep loss of architectural complexity of organoids in the range of 500-1000 µM. Eventually, biochemical markers and histology analysis confirmed the sensitivity of organoid tests that could be used as a fast and reproducible platform to test many PFAS and mixtures saving time and at low cost in comparison with in vivo tests. Organoids testing could be introduced as an innovative platform to assess the toxicity to fast recognize potentially dangerous pollutants.",Palazzolo Stefano; Caligiuri Isabella; Sfriso Andrea Augusto; Mauceri Matteo; Rotondo Rossella,Toxics,Toxics,2022,10.3390/toxics10020091,PFAS; endocrine disruption; ex-vivo model; liver organoids,
37505537,Research Progress on Neurodevelopmental Toxicity in Offspring after Indirect Exposure to PFASs in Early Life.,"Per- and polyfluoroalkyl substances (PFASs) are widespread environmental pollutants. There is increasing evidence that PFASs have various adverse health effects, including renal toxicity, metabolic dysfunction, endocrine disruption, and developmental toxicity. PFASs have been found to accumulate in the placenta, and some PFASs can cross the placental barrier and subsequently accumulate in the fetus via the maternal-fetal circulation. An increasing number of studies have shown that early life exposure to PFASs can affect fetal neurodevelopment. This paper reviews the characteristics of indirect exposure to PFASs in early life, the effects on neurodevelopment in offspring, and the possible mechanisms of toxic effects.",Zhuchen Huai-Yu; Wang Jie-Yu; Liu Xiao-Shan; Shi Yan-Wei,Toxics,Toxics,2023,10.3390/toxics11070571,PFAS; developmental neurotoxicity; early life exposure; placenta,
41389916,Correlation of per- and poly-fluoroalkyl substances (PFAS) exposure with testosterone levels in the male population.,"Human exposure to per- and poly-fluoroalkyl substances (PFAS) occurs from environmentally contaminated food and water. PFAS are a health concern because they are associated with various neurological, developmental, and endocrine disorders. Despite causes of infertility being equal, male causes are less studied, with etiologies ranging from genetic to anatomic to physiologic dysfunctions. This study aimed to investigate a correlation between six subtypes of PFAS with low male testosterone levels. Data from the National Health and Nutrition Examination Survey (NHANES) cycles 2013-2016 were utilized to assess serum PFAS and testosterone levels. This study observed age, marital status, body mass index, smoking status, alcohol consumption, and diabetic status being significantly correlated with low testosterone levels. PFNA exposure was observed to have a strong inverse relationship with male testosterone levels in low/medium (ORs 0.518, 0.571, 0.322, 0.455) and low/high-medium exposure levels (ORs 0.262, 0.262, 0.321, and 0.310), indicating exposure-dependent effects on testosterone levels.",Rahman Humairat H; Stokey Weston R; Munson-McGee Stuart H,Environmental toxicology and pharmacology,Environ Toxicol Pharmacol,2026,10.1016/j.etap.2025.104906,Endocrine disruption; Environmental exposure; Male fertility; PFAS; PFNA; Testosterone,Testosterone; Male; Humans; Fluorocarbons; Adult; Environmental Pollutants; Nutrition Surveys; Middle Aged; Environmental Exposure; Young Adult
38013950,[The history of emerging substances in Austria].,"Over time, many different groups of substances became the focus of interest, so their occurrence, behaviour and effects were studied. While in the 1990s, it was detergents and the formation of foam in water, later the causes of discolouration around tanneries were researched, as well as the presence of chemicals and pollutants near industrial plants. Organochlorine pesticides, brominated flame retardants, perfluoroalkyl substances or PFAS, organotin compounds are some examples of such Emerging substances. After pesticides and industrial chemicals, active pharmaceutical ingredients, cosmetics and personal care products have also become ""Emerging substances"". Ultimately, however, it is the effect of the substances-whether persistent, bioaccumulative, mobile, toxic or even endocrine disruption-that attracts attention and triggers legal regulations. As the substances and the methods for their detection changed, so did the corresponding legislation. This in turn led to the use of new or slightly modified substances and substance groups. Innovative methods such as non-targeted analytics and biological effect tests or bioassays are now being utilised to address the variety and combined effects of the existing substances. In order to ensure comprehensive groundwater and water protection, the investigation and assessment methods must be developed. Furthermore, the existing and newly acquired knowledge need to be translated into regulatory consequences more quickly. Beyond that, a comprehensive societal transformation with regard to the sustainable use of natural water resources is essential for environmentally sound and healthy development. This must therefore be implemented on many different levels; with knowledge transfer and awareness-raising also having a significant role to play. Im Laufe der Zeit gelangten viele unterschiedliche Stoffgruppen in den Fokus der Aufmerksamkeit und in der Folge wurden ihr Vorkommen, Verhalten und ihre Wirkungen untersucht. Waren es in den 90er-Jahren Waschmittel und die Schaumbildung in Gewässern, wurden später die Ursachen für Verfärbungen im Bereich von Gerbereien erforscht sowie das Vorkommen von Chemikalien und Schadstoffen in der Umgebung von Industriebetrieben. Organochlorpestizide, bromierte Flammschutzmittel, perfluorierte Tenside bzw. PFAS und Organozinnverbindungen sind einige Beispiele von „Emerging Substances“. Nach Pestiziden und Industriechemikalien wurden Arzneimittelwirkstoffe, Kosmetika und Körperpflegemittel zu „Emerging Substances“. Letztlich ist es aber die Wirkung der Stoffe, sei es persistent, bioakkumulierend, mobil, toxisch oder hormonschädigend, die Aufmerksamkeit erregt und gesetzliche Regelungen initiiert. Während die Stoffe und die Methoden, um sie nachzuweisen, sich veränderten, wurden auch die entsprechenden Gesetzesmaterien angepasst. Dies führte wiederum zum Einsatz neuer oder leicht modifizierter Stoffe und Stoffgruppen. Mit innovativen Methoden wie nicht-zielgerichteter Analytik, biologischen Wirktests oder Bioassays versucht man nun, die Vielzahl und die Kombinationswirkungen der vorhandenen Stoffe zu adressieren. Um einen umfassenden Grundwasser- und Gewässerschutz zu gewährleisten, müssen die Untersuchungs- und Bewertungsmethoden weiterentwickelt werden. Die bereits vorhandenen und neu gewonnenen Kenntnisse müssen schneller in regulatorische Konsequenzen umgesetzt werden. Essenziell für eine umwelt- und gesundheitsverträgliche Entwicklung ist eine umfassende Transformation der Gesellschaft im Hinblick auf eine nachhaltige Nutzung natürlicher Wasserressourcen. Dies ist auf vielen unterschiedlichen Ebenen umzusetzen, auch die Weitergabe von Wissen und Bewusstseinsbildung spielen hier eine bedeutende Rolle.",Uhl Maria; Hartmann Christina; Hornek-Gausterer Romana; Kratz Karin; Scharf Sigrid,Osterreichische Wasser- und Abfallwirtschaft,Osterr Wasser Abfallwirtsch,2022,10.1007/s00506-022-00864-7,Emerging substances; Impacts; Methods; Monitoring; Public attention; Regulation; Sustainability,
35480371,Major contaminants of emerging concern in soils: a perspective on potential health risks.,"Soil pollution by the contaminants of emerging concern (CECs) or emerging contaminants deserves attention worldwide because of their toxic health effects and the need for developing regulatory guidelines. Though the global soil burden by certain CECs is in several metric tons, the source-tracking of these contaminants in soil environments is difficult due to heterogeneity of the medium and complexities associated with the interactive mechanisms. Most CECs have higher affinities towards solid matrices for adsorption. The CECs alter not only soil functionalities but also those of plants and animals. Their toxicities are at nmol to μmol levels in cell cultures and test animals. These contaminants have a higher propensity in accumulating mostly in root-based food crops, threatening human health. Poor understanding on the fate of certain CECs in anaerobic environments and their transfer pathways in the food web limits the development of effective bioremediation strategies and restoration of the contaminated soils and endorsement of global regulatory efforts. Despite their proven toxicities to the biotic components, there are no environmental laws or guidelines for certain CECs. Moreover, the information available on the impact of soil pollution with CECs on human health is fragmentary. Therefore, we provide here a comprehensive account on five significantly important CECs, ",Maddela Naga Raju; Ramakrishnan Balasubramanian; Kakarla Dhatri; Venkateswarlu Kadiyala; Megharaj Mallavarapu,RSC advances,RSC Adv,2022,10.1039/d1ra09072k,,
34721300,Adverse Impact of Environmental Chemicals on Developmental Origins of Kidney Disease and Hypertension.,"Chronic kidney disease (CKD) and hypertension are becoming a global health challenge, despite developments in pharmacotherapy. Both diseases can begin in early life by so-called ""developmental origins of health and disease"" (DOHaD). Environmental chemical exposure during pregnancy can affect kidney development, resulting in renal programming. Here, we focus on environmental chemicals that pregnant mothers are likely to be exposed, including dioxins, bisphenol A (BPA), phthalates, per- and polyfluoroalkyl substances (PFAS), polycyclic aromatic hydrocarbons (PAH), heavy metals, and air pollution. We summarize current human evidence and animal models that supports the link between prenatal exposure to environmental chemicals and developmental origins of kidney disease and hypertension, with an emphasis on common mechanisms. These include oxidative stress, renin-angiotensin system, reduced nephron numbers, and aryl hydrocarbon receptor signaling pathway. Urgent action is required to identify toxic chemicals in the environment, avoid harmful chemicals exposure during pregnancy and lactation, and continue to discover other potentially harmful chemicals. Innovation is also needed to identify kidney disease and hypertension in the earliest stage, as well as translating effective reprogramming interventions from animal studies into clinical practice. Toward DOHaD approach, prohibiting toxic chemical exposure and better understanding of underlying mechanisms, we have the potential to reduce global burden of kidney disease and hypertension.",Hsu Chien-Ning; Tain You-Lin,Frontiers in endocrinology,Front Endocrinol (Lausanne),2021,10.3389/fendo.2021.745716,DOHaD (developmental origins of health and disease); chronic kidney disease; endocrine disruption chemical; environmental chemical; hypertension; oxidative stress; renin-angiotensin system,"Animals; Endocrine Disruptors; Environmental Pollutants; Humans; Hypertension; Kidney; Oxidative Stress; Renal Insufficiency, Chronic; Renin-Angiotensin System; Signal Transduction"
40981347,Evaluation of Endocrine Disruptome and VirtualToxLab for Predicting Per- and Polyfluoroalkyl Substances Binding to Nuclear Receptors.,"This study investigated whether the Endocrine Disruptome and VirtualToxLab in silico platforms are suitable for predicting the endocrine disrupting effects of per- and polyfluoroalkyl substances (PFASs)-in particular, for interactions with oestrogen receptors (ERs) and androgen receptor (AR). Compounds included in the U.S. Environmental Protection Agency's PFAS working list were analysed with both models, and the results were compared with the available in vitro data regarding their modulation of nuclear receptors. Based on the identified prediction parameters, such as sensitivity, specificity, accuracy, and Mathews' correlation coefficient, VirtualToxLab was found to be a reliable model for predicting the reactivity of PFASs with AR, while a positive consensus approach of both platforms provided reliable predictions of the PFAS reactivity with ERα and ERβ. This study provides the evidence that Endocrine Disruptome and VirtualToxLab can be used as a tier 1 screening tool for assessment of the endocrine disrupting effect of PFASs. Furthermore, it demonstrates that the likelihood of endocrine disrupting properties increases with the lipophilicity of PFASs and identifies the understudied PFHpS, PFNS, PFDS, 9-Cl, NMeFOSAA, NEtFOSAA, 4:2 FTS, 6:2 FTS, 8:2 FTS, 6:2 monoPAP, 8:2 monoPAP, and 5:3 acid as potential ligands of AR and/or ERs.",Franko Nina; Vetrih Manca; Sollner Dolenc Marija,Journal of xenobiotics,J Xenobiot,2025,10.3390/jox15050136,Endocrine Disruptome; PFAS; VirtualToxLab; androgen receptor; endocrine disruption; glucocorticoid receptor; in silico; new approach methods; oestrogen receptor,
36906028,EU need to protect its environment from toxic per- and polyfluoroalkyl substances.,"The Environmental Protection Agencies (EPAs) of Denmark, Sweden, Norway, Germany and the Netherlands submitted a proposal to the European Chemical Agency (ECHA) in February 2023 calling for a ban in the use of toxic industrial chemicals per- and polyfluoroalkyl substances (PFAS). These chemicals are highly toxic causing elevated cholesterol, immune suppression, reproductive failure, cancer and neuro-endocrine disruption in humans and wildlife being a significant threat to biodiversity and human health. The main reason for the submitted proposal is recent findings of significant flaws in the transition to PFAS replacements that is leading to a widespread pollution. Denmark was the first country banning PFAS, and now other EU countries support the restrictions of these carcinogenic, endocrine disruptive and immunotoxic chemicals. The proposed plan is among the most extensive received by the ECHA for 50 years. Denmark is now the first EU country to initiate the establishment of groundwater parks to try and protect its drinking water. These parks are areas free of agricultural activities and nutritious sewage sludge to secure drinking water free of xenobiotic including PFAS. The PFAS pollution also reflects the lack of comprehensive spatial and temporal environmental monitoring programs in the EU. Such monitoring programs should include key indicator species across ecosystems of livestock, fish and wildlife, to facilitate detection of early ecological warning signals and sustain public health. Simultaneously with inferring a total PFAS ban, the EU should also push for more persistent, bioaccumulative and toxic (PBT) PFAS substances to be listed on the Stockholm Convention (SC) Annex A such as PFOS (perfluorooctane sulfonic acid) that is currently listed on the SCs Annex B. The combination of these regulative restrictions combined with groundwater parks and pan-European biomonitoring programs, would pave the way forward for a cleaner environment to sustain health across the EU.",Sonne Christian; Jenssen Bjørn M; Rinklebe Jörg; Lam Su Shiung; Hansen Martin,The Science of the total environment,Sci Total Environ,2023,10.1016/j.scitotenv.2023.162770,Biomagnification; Biomonitoring; EU; Groundwater parks; PFAS; Policy,"Humans; Ecosystem; Water Pollutants, Chemical; Environmental Pollution; Environmental Monitoring; Alkanesulfonic Acids; Fluorocarbons"
41465861,Associations Between PFAS Exposure and HPG Axis Hormones in U.S. Women.,,Fang Yu-Wei; Chen Ching-Way; Lin Hsuan-Cheng; Su Ta-Chen; Wang Chikang,"Life (Basel, Switzerland)",Life (Basel),2025,10.3390/life15121923,biomonitoring; endocrine disruption; environmental epidemiology; gonadotropins; perfluoroalkyl substances; reproductive endocrinology,
37658449,"Per- and polyfluoroalkyl substances, gestational weight gain, postpartum weight retention and body composition in the UPSIDE cohort.","Per- and polyfluoroalkyl substances (PFAS) are synthetic chemicals found in drinking water and consumer products, resulting in ubiquitous human exposure. PFAS have been linked to endocrine disruption and altered weight gain across the lifespan. A limited and inconsistent body of research suggests PFAS may impact gestational weight gain (GWG) and postpartum body mass index (BMI), which are important predictors of overall infant and maternal health, respectively. In the Understanding Pregnancy Signals and Infant Development (UPSIDE/UPSIDE-MOMs) study (n = 243; Rochester, NY), we examined second trimester serum PFAS (PFOS: perfluorooctanesulfonic acid, PFOA: perfluorooctanoic acid, PFNA: perfluorononanoic acid, PFHxS: perfluorohexanesulfonic acid, PFDA: perfluorodecanoic acid) in relation to GWG (kg, and weekly rate of gain) and in the postpartum, weight retention (PPWR (kg) and total body fat percentage (measured by bioelectrical impedance)). We fit multivariable linear regression models examining these outcomes in relation to log-transformed PFAS in the whole cohort as well as stratified by maternal pre-pregnancy BMI (< 25 vs. =  > 25 kg/m PFOA and PFHxS were inversely associated with total GWG (PFOA: ß = -1.54 kg, 95%CI: -2.79, -0.30; rate ß = -0.05 kg/week, 95%CI: -0.09, -0.01; PFHxS: ß = -1.59 kg, 95%CI: -3.39, 0.21; rate ß = -0.05 kg/week, 95%CI: -0.11, 0.01) and PPWR at 6 and 12 months (PFOA 6 months: ß = -2.39 kg, 95%CI: -4.17, -0.61; 12 months: ß = -4.02 kg, 95%CI: -6.58, -1.46; PFHxS 6 months: ß = -2.94 kg, 95%CI: -5.52, -0.35; 12 months: ß = -5.13 kg, 95%CI: -8.34, -1.93). PFOA was additionally associated with lower body fat percentage at 6 and 12 months (ß = -1.75, 95%CI: -3.17, -0.32; ß = -1.64, 95%CI: -3.43, 0.16, respectively) with stronger associations observed in participants with higher pre-pregnancy BMI. The PFAS mixture was inversely associated with weight retention at 12 months (ß = -2.030, 95%CI: -3.486, -0.573) amongst all participants. PFAS, in particular PFOA and PFHxS, in pregnancy are associated with altered patterns of GWG and postpartum adiposity with potential implications for fetal development and long-term maternal cardiometabolic health.",Kinkade Carolyn W; Rivera-Núñez Zorimar; Thurston Sally W; Kannan Kurunthachalam; Miller Richard K,Environmental health : a global access science source,Environ Health,2023,10.1186/s12940-023-01009-3,Adiposity; Body mass index; Endocrine disruption; Gestational weight gain; Per- and poly- fluoroalkyl substances; Postpartum weight retention; Pregnancy,Infant; Child; Female; Pregnancy; Humans; Gestational Weight Gain; Weight Gain; Body Composition; Adiposity; Body Mass Index
